t,v
0,0.919642857
0,0.966071429
0,0.958928571
0,0.878571429
0,0.955357143
0,0.982142857
0,0.930357143
0,0.958928571
0,0.851785714
0,0.896428571
0,0.792857143
0,0.95
0,0.917857143
0,0.978571429
0,0.8625
0,0.964285714
0,0.539285714
0,0.901785714
0,0.853571429
0,0.8875
0,0.960714286
0,0.589285714
0,0.780357143
0,0.830357143
0,0.930357143
0,0.917857143
0,0.875
0,0.896428571
0,0.955357143
0,0.676785714
0,0.814285714
0,0.967857143
0,0.930357143
0,0.955357143
0,0.914285714
0,0.885714286
0,0.919642857
0,0.867857143
0,0.867857143
0,0.891071429
0,0.921428571
0,0.942857143
0,0.885714286
0,0.926785714
0,0.798214286
0,0.967857143
0,0.9
0,0.858928571
0,0.860714286
0,0.889285714
0,0.603571429
0,0.689285714
0,0.930357143
0,0.907142857
0,0.796428571
0,0.864285714
0,0.736734694
0,0.860714286
0,0.9125
0,0.855357143
0,0.923214286
0,0.914285714
0,0.75
0,0.946428571
0,0.975
0,0.983928571
0,0.948214286
0,0.921428571
0,0.969642857
0,0.960714286
0,0.901785714
0,0.946428571
0,0.923214286
0,0.844642857
0,0.975
0,0.746428571
0,0.830357143
0,0.875
0,0.944642857
0,0.991071429
0,0.996428571
0,0.907142857
0,0.917857143
0,0.971428571
0,0.8125
0,0.919642857
0,0.932142857
0,0.939285714
0,0.875
0,0.908928571
0,0.957142857
0,0.789285714
0,0.955357143
0,0.933928571
0,0.930357143
0,0.823214286
0,0.9875
0,0.95
0,0.885714286
0,0.9625
0,0.858928571
0,0.935714286
0,0.910714286
0,0.946428571
0,0.932142857
0,0
0,0
0,0.955357143
0,0.908928571
0,0.796428571
0,0.9625
0,0.939285714
0,0.901785714
0,0.942857143
0,0.980357143
0,0.878571429
0,0.958928571
0,0.989285714
0,0.933928571
0,0.976785714
0,0.876785714
0,0.767857143
0,0.932142857
0,0.991071429
0,0.8875
0,0.716071429
0,0.882142857
0,0.955357143
0,0.958928571
0,0.835714286
0,0.944642857
0,0.948214286
0,0.939285714
0,0.882142857
0,0.960714286
0,0.928571429
0,0.948214286
0,0.9125
0,0.969642857
0,0.908928571
0,0.823214286
0,0.923214286
0,0.853571429
0,0.907142857
0,0.830357143
0,0.953571429
0,0.946428571
0,0.866071429
0,0.910714286
0,0.992857143
0,0.875
0,0.758928571
0,0.876785714
0,0.901785714
0,0.9
0,0.905357143
0,0.782142857
0,0.930357143
0,0.914285714
0,0.9625
0,0.958928571
0,0.975
0,0.966071429
0,0.991071429
0,0.935714286
0,0.785714286
0,1
0,0.975
0,0.885714286
0,0.921428571
0,0.833928571
0,0.921428571
0,0.908928571
0,0.910714286
0,0.766071429
0,0.998214286
0,0.925
0,0.891071429
0,0.925
0,0.744642857
0,0.880357143
0,0.9
0,0.959183673
0,0.966071429
0,0.9125
0,0.901785714
0,0.905357143
0,0.916071429
0,0.955357143
0,0.998214286
0,0.967857143
0,0.885714286
0,0.953571429
0,0.823214286
0,0.751785714
0,0.985714286
0,0.621428571
0,0.651785714
0,0.935714286
0,0.921428571
0,0.948979592
0,0.955357143
0,0.848214286
0,0.985714286
0,0.846428571
0,0.985714286
0,0.883928571
1,0.895238095
1,0.979365079
1,0.934920635
1,0.892063492
1,0.920634921
1,0.973015873
1,0.928571429
1,0.928571429
1,0.820634921
1,0.904761905
1,0.83968254
1,0.834920635
1,0.949206349
1,0.934920635
1,0.801587302
1,0.934920635
1,0.557142857
1,0.911111111
1,0.901587302
1,0.944444444
1,0.93968254
1,0.811111111
1,0.725396825
1,0.803174603
1,0.955555556
1,0.777777778
1,0.96984127
1,0.879365079
1,0.965079365
1,0.668253968
1,0.968253968
1,0.96984127
1,0.971428571
1,0.963492063
1,0.949206349
1,0.96031746
1,0.9
1,0.919047619
1,0.914285714
1,0.884126984
1,0.953968254
1,0.922222222
1,0.920634921
1,0.919047619
1,0.949206349
1,0.915873016
1,0.841269841
1,0.931746032
1,0.861904762
1,0.901587302
1,0.747619048
1,0.744444444
1,0.971428571
1,0.8
1,0.86984127
1,0.86031746
1,0.634920635
1,0.874603175
1,0.89047619
1,0.825396825
1,0.887301587
1,0.992063492
1,0.495238095
1,0.93968254
1,0.958730159
1,0.965079365
1,0.826984127
1,0.953968254
1,0.936507937
1,0.974603175
1,0.904761905
1,0.89047619
1,0.968253968
1,0.884126984
1,0.968253968
1,0.780952381
1,0.658730159
1,0.876190476
1,0.973015873
1,0.926984127
1,0.953968254
1,0.925396825
1,0.942857143
1,0.914285714
1,0.853968254
1,0.933333333
1,0.955555556
1,0.931746032
1,0.882539683
1,0.949206349
1,0.941269841
1,0.811111111
1,0.992063492
1,0.957142857
1,0.93968254
1,0.820634921
1,0.993650794
1,0.987301587
1,0.850793651
1,0.961904762
1,0.901587302
1,0.896825397
1,0.906349206
1,0.917460317
1,0.933333333
1,0
1,0
1,0.961904762
1,0.826984127
1,0.865079365
1,0.907936508
1,0.973015873
1,0.825396825
1,0.968253968
1,0.928571429
1,0.896825397
1,0.977777778
1,0.993650794
1,0.893650794
1,0.947619048
1,0.83015873
1,0.780952381
1,0.966666667
1,0.977777778
1,0.885714286
1,0.788888889
1,0.96031746
1,0.958730159
1,0.982539683
1,0.9
1,0.876190476
1,0.923809524
1,0.793650794
1,0.904761905
1,0.89047619
1,0.984126984
1,0.96031746
1,0.907936508
1,0.974603175
1,0.879365079
1,0.985714286
1,0.963492063
1,0.876190476
1,0.898412698
1,0.873015873
1,0.917460317
1,0.973015873
1,0.922222222
1,0.968253968
1,0.967857143
1,0.834920635
1,0.7
1,0.838095238
1,0.836507937
1,0.930357143
1,0.921428571
1,0.750793651
1,0.984126984
1,0.906349206
1,0.931746032
1,0.93968254
1,0.988888889
1,0.988888889
1,0.99047619
1,0.971428571
1,0.714285714
1,0.987301587
1,0.953968254
1,0.950793651
1,0.961904762
1,0.79047619
1,0.950793651
1,0.950793651
1,0.93968254
1,0.855555556
1,0.955555556
1,0.963492063
1,0.888888889
1,0.888888889
1,0.747619048
1,0.680952381
1,0.958730159
1,0.921428571
1,0.987301587
1,0.912698413
1,0.863492063
1,0.93968254
1,0.912698413
1,0.99047619
1,0.9
1,0.966666667
1,0.961904762
1,0.952380952
1,0.93968254
1,0.738095238
1,0.987301587
1,0.56984127
1,0.723809524
1,0.998214286
1,0.952380952
1,0.836507937
1,0.885714286
1,0.873015873
1,0.920634921
1,0.798412698
1,0.977777778
1,0.898214286
2,0.914285714
2,0.910714286
2,0.857142857
2,0.842857143
2,0.95
2,0.946428571
2,0.921428571
2,0.917857143
2,0.9125
2,0.933928571
2,0.876785714
2,0.891071429
2,0.925
2,0.932142857
2,0.883928571
2,0.969642857
2,0.503571429
2,0.9125
2,0.508928571
2,0.928571429
2,0.9875
2,0.701785714
2,0.794642857
2,0.844642857
2,0.969642857
2,0.901785714
2,0.9
2,0.921428571
2,0.842857143
2,0.682142857
2,0.879591837
2,0.95
2,0.978571429
2,0.928571429
2,0.946428571
2,0.732142857
2,0.9125
2,0.926785714
2,0.9375
2,0.923214286
2,0.940816327
2,0.941071429
2,0.932142857
2,0.916071429
2,0.939285714
2,0.958928571
2,0.875
2,0.846428571
2,0.830612245
2,0.851785714
2,0.623214286
2,0.723214286
2,0.944642857
2,0.844642857
2,0.891071429
2,0.908928571
2,0.732142857
2,0.894642857
2,0.878571429
2,0.919642857
2,0.8625
2,0.839285714
2,0.714285714
2,0.9625
2,0.905357143
2,0.9
2,0.9375
2,0.951785714
2,0.964285714
2,0.985714286
2,0.866071429
2,0.855357143
2,0.942857143
2,0.864285714
2,0.989285714
2,0.776785714
2,0.841071429
2,0.848214286
2,0.864285714
2,0.871428571
2,0.8125
2,0.942857143
2,0.921428571
2,0.848214286
2,0.866071429
2,0.873214286
2,0.953571429
2,0.9
2,0.908928571
2,0.953571429
2,0.876785714
2,0.8125
2,0.989285714
2,0.925
2,0.939285714
2,0.833928571
2,0.996428571
2,0.960714286
2,0.901785714
2,0.932142857
2,0.85
2,0.878571429
2,0.930357143
2,0.9125
2,0.9625
2,0
2,0
2,0.994642857
2,0.996428571
2,0.783928571
2,0.932142857
2,0.964285714
2,0.894642857
2,0.948214286
2,0.939285714
2,0.882142857
2,0.914285714
2,0.942857143
2,0.925
2,0.978571429
2,0.878571429
2,0.726785714
2,0.925
2,0.971428571
2,0.901785714
2,0.807142857
2,0.744642857
2,0.942857143
2,0.957142857
2,0.860714286
2,0.867857143
2,0.9
2,0.8875
2,0.880357143
2,0.933928571
2,0.916071429
2,0.9375
2,0.916071429
2,0.976785714
2,0.932142857
2,0.816071429
2,0.973214286
2,0.869642857
2,0.830357143
2,0.853571429
2,0.971428571
2,0.960714286
2,0.883928571
2,0.919642857
2,0.985714286
2,0.851785714
2,0.825
2,0.85
2,0.916071429
2,0.892857143
2,0.917857143
2,0.773214286
2,0.9375
2,0.797619048
2,0.935714286
2,0.948214286
2,0.926785714
2,0.957142857
2,0.992857143
2,0.966071429
2,0.783928571
2,1
2,0.914285714
2,0.9625
2,0.932142857
2,0.830357143
2,0.923214286
2,0.9625
2,0.953571429
2,0.8
2,0.982142857
2,0.9375
2,0.871428571
2,0.907142857
2,0.801785714
2,0.876785714
2,0.916071429
2,0.942857143
2,0.980357143
2,0.960714286
2,0.914285714
2,0.955357143
2,0.928571429
2,0.935714286
2,0.783928571
2,0.982142857
2,0.9625
2,0.939285714
2,0.803571429
2,0.705357143
2,0.960714286
2,0.546428571
2,0.630357143
2,0.985714286
2,0.807142857
2,0.846428571
2,0.973214286
2,0.892857143
2,0.9375
2,0.876785714
2,0.997959184
2,0.885714286
3,0
3,0
3,0
3,0
3,0
3,0
3,0
3,0
3,0
3,0
3,0
3,0
3,0
3,0
3,0
3,0
3,0
3,0
3,0
3,0
3,0
3,0
3,0
3,0
3,0
3,0
3,0
3,0
3,0
3,0
3,0
3,0
3,0
3,0
3,0
3,0
3,0
3,0
3,0
3,0
3,0
3,0
3,0
3,0
3,0
3,0
3,0
3,0
3,0
3,0
3,0
3,0
3,0
3,0
3,0
3,0
3,0
3,0
3,0
3,0
3,0
3,0
3,0
3,0
3,0
3,0
3,0
3,0
3,0
3,0
3,0
3,0
3,0
3,0
3,0
3,0
3,0
3,0
3,0
3,0
3,0
3,0
3,0
3,0
3,0
3,0
3,0
3,0
3,0
3,0
3,0
3,0
3,0
3,0
3,0
3,0
3,0
3,0
3,0
3,0
3,0
3,0
3,0
3,0
3,0
3,0
3,0
3,0
3,0
3,0
3,0
3,0
3,0
3,0
3,0
3,0
3,0
3,0
3,0
3,0
3,0
3,0
3,0
3,0
3,0
3,0
3,0
3,0
3,0
3,0
3,0
3,0
3,0
3,0
3,0
3,0
3,0
3,0
3,0
3,0
3,0
3,0
3,0
3,0
3,0
3,0
3,0
3,0
3,0
3,0
3,0
3,0
3,0
3,0
3,0
3,0
3,0
3,0
3,0
3,0
3,0
3,0
3,0
3,0
3,0
3,0
3,0
3,0
3,0
3,0
3,0
3,0
3,0
3,0
3,0
3,0
3,0
3,0
3,0
3,0
3,0
3,0
3,0
3,0
3,0
3,0
3,0
3,0
3,0
3,0
3,0
3,0
3,0
3,0
3,0
3,0
3,0
3,0
3,0
3,0
3,0
3,0
3,0
3,0
3,0
3,0
3,0
4,0
4,0
4,0
4,0
4,0
4,0
4,0
4,0
4,0
4,0
4,0
4,0
4,0
4,0
4,0
4,0
4,0
4,0
4,0
4,0
4,0
4,0
4,0
4,0
4,0
4,0
4,0
4,0
4,0
4,0
4,0
4,0
4,0
4,0
4,0
4,0
4,0
4,0
4,0
4,0
4,0
4,0
4,0
4,0
4,0
4,0
4,0
4,0
4,0
4,0
4,0
4,0
4,0
4,0
4,0
4,0
4,0
4,0
4,0
4,0
4,0
4,0
4,0
4,0
4,0
4,0
4,0
4,0
4,0
4,0
4,0
4,0
4,0
4,0
4,0
4,0
4,0
4,0
4,0
4,0
4,0
4,0
4,0
4,0
4,0
4,0
4,0
4,0
4,0
4,0
4,0
4,0
4,0
4,0
4,0
4,0
4,0
4,0
4,0
4,0
4,0
4,0
4,0
4,0
4,0
4,0
4,0
4,0
4,0
4,0
4,0
4,0
4,0
4,0
4,0
4,0
4,0
4,0
4,0
4,0
4,0
4,0
4,0
4,0
4,0
4,0
4,0
4,0
4,0
4,0
4,0
4,0
4,0
4,0
4,0
4,0
4,0
4,0
4,0
4,0
4,0
4,0
4,0
4,0
4,0
4,0
4,0
4,0
4,0
4,0
4,0
4,0
4,0
4,0
4,0
4,0
4,0
4,0
4,0
4,0
4,0
4,0
4,0
4,0
4,0
4,0
4,0
4,0
4,0
4,0
4,0
4,0
4,0
4,0
4,0
4,0
4,0
4,0
4,0
4,0
4,0
4,0
4,0
4,0
4,0
4,0
4,0
4,0
4,0
4,0
4,0
4,0
4,0
4,0
4,0
4,0
4,0
4,0
4,0
4,0
4,0
4,0
4,0
4,0
4,0
4,0
4,0
5,0.819047619
5,0.985714286
5,0.966666667
5,0.880952381
5,0.961904762
5,0.985714286
5,0.866666667
5,0.961904762
5,0.9
5,0.904761905
5,0.90952381
5,0.947619048
5,0.895238095
5,0.933333333
5,0.823809524
5,0.976190476
5,0.685714286
5,0.928571429
5,0.59047619
5,0.957142857
5,0.928571429
5,0.752380952
5,0.7
5,0.90952381
5,0.985714286
5,0.942857143
5,0.971428571
5,0.904761905
5,0.933333333
5,0.776190476
5,0.842857143
5,0.961904762
5,0.947619048
5,0.938095238
5,0.928571429
5,0.823809524
5,1
5,0.957142857
5,0.857142857
5,0.904761905
5,0.823809524
5,0.9
5,0.985714286
5,0.938095238
5,1
5,0.952380952
5,0.923809524
5,0.876190476
5,0.778571429
5,0.919047619
5,0.742857143
5,0.7
5,0.942857143
5,0.766666667
5,0.847619048
5,0.876190476
5,0.747619048
5,0.928571429
5,0.9
5,0.747619048
5,0.757142857
5,0.833333333
5,0.457142857
5,0.880952381
5,0.947619048
5,0.938095238
5,0.966666667
5,0.995238095
5,0.971428571
5,0.938095238
5,0.928571429
5,0.785714286
5,0.971428571
5,0.919047619
5,0.980952381
5,0.695238095
5,0.657142857
5,0.952380952
5,1
5,0.99047619
5,1
5,0.866666667
5,0.704761905
5,0.976190476
5,0.90952381
5,0.90952381
5,0.985714286
5,0.904761905
5,0.942857143
5,0.957142857
5,0.80952381
5,0.9
5,0.99047619
5,0.866666667
5,0.976190476
5,0.785714286
5,1
5,0.985714286
5,0.857142857
5,0.976190476
5,0.876190476
5,0.823809524
5,0.90952381
5,0.952380952
5,0.961904762
5,0
5,0
5,1
5,1
5,0.80952381
5,0.99047619
5,0.985714286
5,0.752380952
5,0.976190476
5,0.947619048
5,0.795238095
5,0.976190476
5,0.971428571
5,0.971428571
5,0.966666667
5,0.828571429
5,0.476190476
5,0.976190476
5,0.995238095
5,0.761904762
5,0.676190476
5,0.6
5,0.957142857
5,0.995238095
5,0.904761905
5,0.89047619
5,0.842857143
5,0.976190476
5,0.919047619
5,0.89047619
5,0.966666667
5,0.90952381
5,0.842857143
5,0.952380952
5,0.947619048
5,0.976190476
5,0.952380952
5,0.847619048
5,0.828571429
5,0.847619048
5,0.885714286
5,0.880952381
5,0.914285714
5,0.857142857
5,0.971428571
5,0.919047619
5,0.814285714
5,0.766666667
5,0.928571429
5,0.919047619
5,0.947619048
5,0.785714286
5,0.995238095
5,0.742857143
5,0.880952381
5,0.866666667
5,0.995238095
5,0.985714286
5,0.966666667
5,0.957142857
5,0.952380952
5,1
5,1
5,0.885714286
5,1
5,0.828571429
5,0.842857143
5,0.904761905
5,0.847619048
5,0.9
5,0.985714286
5,0.876190476
5,0.928571429
5,0.871428571
5,0.623809524
5,0.942857143
5,0.923809524
5,0.857142857
5,0.976190476
5,0.904761905
5,0.904761905
5,0.942857143
5,0.838095238
5,0.99047619
5,0.776190476
5,0.938095238
5,0.938095238
5,0.947619048
5,0.895238095
5,0.780952381
5,1
5,0.528571429
5,0.6
5,1
5,0.976190476
5,0.819047619
5,0.942857143
5,0.780952381
5,0.923809524
5,0.823809524
5,0.985714286
5,0.819047619
6,0.95
6,0.9125
6,0.969642857
6,0.891071429
6,0.919642857
6,0.967857143
6,0.930357143
6,0.926785714
6,0.803571429
6,0.9
6,0.8375
6,0.985714286
6,0.923214286
6,0.8625
6,0.812244898
6,0.921428571
6,0.528571429
6,0.951785714
6,0.698214286
6,0.930357143
6,0.941071429
6,0.7375
6,0.739285714
6,0.773214286
6,0.967857143
6,0.898214286
6,0.919642857
6,0.9
6,0.994642857
6,0.692857143
6,0.894642857
6,0.951785714
6,0.908928571
6,0.932142857
6,0.944897959
6,0.698214286
6,0.941071429
6,0.930357143
6,0.948214286
6,0.898214286
6,0.935714286
6,0.935714286
6,0.996428571
6,0.825
6,0.896428571
6,0.9125
6,0.866071429
6,0.826785714
6,0.908928571
6,0.841071429
6,0.725
6,0.789285714
6,0.8625
6,0.771428571
6,0.916071429
6,0.892857143
6,0.810204082
6,0.885714286
6,0.798214286
6,0.816071429
6,0.785714286
6,0.9375
6,0.541071429
6,0.948214286
6,0.896428571
6,0.964285714
6,0.992857143
6,0.942857143
6,0.9375
6,0.973214286
6,0.85
6,0.758928571
6,0.957142857
6,0.775
6,0.983928571
6,0.792857143
6,0.803571429
6,0.875
6,1
6,0.980357143
6,0.960714286
6,0.883928571
6,0.833928571
6,0.942857143
6,0.825
6,0.930357143
6,0.9
6,0.903571429
6,0.882142857
6,0.930357143
6,0.939285714
6,0.842857143
6,0.951020408
6,0.948214286
6,0.944642857
6,0.755357143
6,0.991071429
6,0.994642857
6,0.853571429
6,0.960714286
6,0.848214286
6,0.875
6,0.839285714
6,0.869642857
6,0.944642857
6,0
6,0
6,0.971428571
6,1
6,0.796428571
6,0.898214286
6,0.964285714
6,0.783928571
6,0.944642857
6,0.917857143
6,0.898214286
6,0.941071429
6,0.942857143
6,0.878571429
6,0.792857143
6,0.826785714
6,0.667857143
6,0.885714286
6,0.935714286
6,0.882142857
6,0.751785714
6,0.453571429
6,0.9125
6,0.978571429
6,0.85
6,0.871428571
6,0.921428571
6,1
6,0.841071429
6,0.953571429
6,0.907142857
6,0.860714286
6,0.9125
6,0.973214286
6,0.826785714
6,0.941071429
6,0.825
6,0.891071429
6,0.892857143
6,0.901785714
6,0.994642857
6,0.908928571
6,0.8625
6,0.923214286
6,0.971428571
6,0.805357143
6,0.721428571
6,0.907142857
6,0.896428571
6,0.932142857
6,0.860714286
6,0.739285714
6,0.976785714
6,0.807142857
6,0.942857143
6,0.958928571
6,0.966071429
6,0.967857143
6,0.9875
6,0.917857143
6,0.564285714
6,1
6,0.882142857
6,0.971428571
6,0.978571429
6,0.7625
6,0.998214286
6,0.828571429
6,0.980357143
6,0.803571429
6,0.973214286
6,0.953571429
6,0.919642857
6,0.883928571
6,0.807142857
6,0.739285714
6,0.903571429
6,0.958928571
6,0.980357143
6,0.928571429
6,0.826785714
6,0.928571429
6,0.907142857
6,0.964285714
6,0.821428571
6,0.964285714
6,0.933928571
6,0.951785714
6,0.819642857
6,0.742857143
6,0.971428571
6,0.503571429
6,0.589285714
6,0.991071429
6,0.85
6,0.6375
6,0.917857143
6,0.894642857
6,0.935714286
6,0.728571429
6,0.991071429
6,0.875
7,0.908928571
7,0.960714286
7,0.903571429
7,0.864285714
7,0.819642857
7,0.935714286
7,0.923214286
7,0.935714286
7,0.8625
7,0.951785714
7,0.757142857
7,0.976785714
7,0.905357143
7,0.848214286
7,0.903571429
7,0.951785714
7,0.528571429
7,0.8875
7,0.6
7,0.948214286
7,0.944642857
7,0.753571429
7,0.739285714
7,0.783928571
7,0.941071429
7,0.876785714
7,0.805357143
7,0.914285714
7,0.932142857
7,0.714285714
7,0.882142857
7,0.964285714
7,0.908928571
7,0.9
7,0.951785714
7,0.760714286
7,0.896428571
7,0.939285714
7,0.860714286
7,0.867857143
7,0.919642857
7,0.926785714
7,0.973214286
7,0.914285714
7,0.9
7,0.942857143
7,0.882142857
7,0.832142857
7,0.819642857
7,0.891071429
7,0.714285714
7,0.6625
7,0.948214286
7,0.791071429
7,0.882142857
7,0.825
7,0.85
7,0.907142857
7,0.796428571
7,0.889285714
7,0.882142857
7,0.851785714
7,0.521428571
7,0.926785714
7,0.919642857
7,0.955357143
7,0.917857143
7,0.975
7,0.914285714
7,0.919642857
7,0.907142857
7,0.882142857
7,0.8875
7,0.830357143
7,0.9875
7,0.748214286
7,0.810714286
7,0.8625
7,0.896428571
7,0.925
7,0.994642857
7,0.910714286
7,0.935714286
7,0.941071429
7,0.767857143
7,0.882142857
7,0.933928571
7,0.908928571
7,0.9
7,0.975
7,0.971428571
7,0.760714286
7,0.955357143
7,0.907142857
7,0.957142857
7,0.869642857
7,0.992857143
7,0.982142857
7,0.775
7,0.9625
7,0.830357143
7,0.928571429
7,0.864285714
7,0.95
7,0.95
7,0
7,0
7,0.994642857
7,0.991071429
7,0.780357143
7,0.939285714
7,0.903571429
7,0.860714286
7,0.803571429
7,0.873214286
7,0.889285714
7,0.85
7,0.901785714
7,0.958928571
7,0.926785714
7,0.816071429
7,0.603571429
7,0.983928571
7,0.985714286
7,0.746428571
7,0.796428571
7,0.614285714
7,0.8875
7,0.9375
7,0.921428571
7,0.907142857
7,0.916071429
7,0.967857143
7,0.904081633
7,0.975
7,0.914285714
7,0.889285714
7,0.855357143
7,0.9875
7,0.901785714
7,0.898214286
7,0.857142857
7,0.830357143
7,0.744642857
7,0.898214286
7,0.95
7,0.948214286
7,0.8875
7,0.901785714
7,0.969387755
7,0.819642857
7,0.808928571
7,0.855357143
7,0.951785714
7,0.8875
7,0.842857143
7,0.744642857
7,0.917857143
7,0.773214286
7,0.946428571
7,0.919642857
7,0.951785714
7,0.941071429
7,1
7,0.928571429
7,0.701785714
7,1
7,0.978571429
7,0.958928571
7,0.928571429
7,0.798214286
7,0.908928571
7,0.808928571
7,0.932142857
7,0.864285714
7,0.969642857
7,0.994642857
7,0.921428571
7,0.891071429
7,0.814285714
7,0.666071429
7,0.9
7,0.9625
7,0.910714286
7,0.930357143
7,0.933928571
7,0.939285714
7,0.901785714
7,0.939285714
7,0.678571429
7,0.969642857
7,0.923214286
7,0.917857143
7,0.671428571
7,0.766071429
7,0.965306122
7,0.583928571
7,0.742857143
7,0.941071429
7,0.853571429
7,0.916071429
7,0.944642857
7,0.891071429
7,0.964285714
7,0.742857143
7,0.980357143
7,0.848214286
8,0.982142857
8,0.932142857
8,0.907142857
8,0.9
8,0.930357143
8,0.971428571
8,0.930357143
8,0.910714286
8,0.894642857
8,0.953571429
8,0.8125
8,0.939285714
8,0.803571429
8,0.9625
8,0.808928571
8,0.932142857
8,0.544642857
8,0.9375
8,0.433928571
8,0.939285714
8,0.942857143
8,0.648214286
8,0.766071429
8,0.794642857
8,0.951785714
8,0.908928571
8,0.946428571
8,0.875
8,0.8125
8,0.719642857
8,0.873214286
8,0.992857143
8,0.9375
8,0.798214286
8,0.757142857
8,0.641071429
8,0.858928571
8,0.969642857
8,0.864285714
8,0.839285714
8,0.923214286
8,0.948214286
8,0.942857143
8,0.853571429
8,0.957142857
8,0.958928571
8,0.828571429
8,0.782142857
8,0.8125
8,0.823214286
8,0.644642857
8,0.730357143
8,0.930357143
8,0.848214286
8,0.9125
8,0.851785714
8,0.65
8,0.894642857
8,0.876785714
8,0.728571429
8,0.869642857
8,0.783928571
8,0.682142857
8,0.926785714
8,0.967857143
8,0.853571429
8,0.876785714
8,0.923214286
8,0.926785714
8,0.946428571
8,0.917857143
8,0.901785714
8,0.876785714
8,0.873214286
8,0.985714286
8,0.733928571
8,0.771428571
8,0.903571429
8,0.930357143
8,0.873214286
8,0.873214286
8,0.866071429
8,0.882142857
8,0.928571429
8,0.832142857
8,0.944642857
8,0.939285714
8,0.919642857
8,0.921428571
8,0.873214286
8,0.805357143
8,0.817857143
8,0.966071429
8,0.914285714
8,0.921428571
8,0.803571429
8,0.985714286
8,0.953571429
8,0.839285714
8,0.973214286
8,0.864285714
8,0.867857143
8,0.880357143
8,0.8875
8,0.780357143
8,0
8,0
8,0.966071429
8,0.930357143
8,0.883928571
8,0.905357143
8,0.976785714
8,0.8625
8,0.869642857
8,0.939285714
8,0.955357143
8,0.908928571
8,0.95
8,0.894642857
8,0.980357143
8,0.857142857
8,0.651785714
8,1
8,0.955357143
8,0.789285714
8,0.798214286
8,0.492857143
8,0.957142857
8,0.95
8,0.876785714
8,0.885714286
8,0.903571429
8,0.930357143
8,0.73877551
8,0.914285714
8,0.9375
8,0.889285714
8,0.898214286
8,0.969642857
8,0.908928571
8,0.878571429
8,0.910714286
8,0.916071429
8,0.8125
8,0.892857143
8,0.955357143
8,0.816071429
8,0.885714286
8,0.939285714
8,0.995918367
8,0.846428571
8,0.692857143
8,0.883928571
8,0.9375
8,0.885714286
8,0.918367347
8,0.648214286
8,0.933928571
8,0.834693878
8,0.969642857
8,0.942857143
8,0.969642857
8,0.946428571
8,0.985714286
8,0.882142857
8,0.685714286
8,0.996428571
8,0.926785714
8,0.946428571
8,0.966071429
8,0.796428571
8,0.917857143
8,0.896428571
8,0.801785714
8,0.814285714
8,0.978571429
8,0.958928571
8,0.892857143
8,0.798214286
8,0.783928571
8,0.635714286
8,0.935714286
8,0.973469388
8,0.967857143
8,0.914285714
8,0.882142857
8,0.883928571
8,0.819642857
8,0.982142857
8,0.741071429
8,0.975
8,0.941071429
8,0.969642857
8,0.869642857
8,0.848214286
8,0.978571429
8,0.5625
8,0.75
8,0.976785714
8,0.875
8,0.919642857
8,0.95
8,0.946428571
8,0.919642857
8,0.694642857
8,0.966071429
8,0.882142857
9,0.907142857
9,0.878571429
9,0.892857143
9,0.830357143
9,0.951785714
9,0.917857143
9,0.926785714
9,0.95
9,0.760714286
9,0.867857143
9,0.901785714
9,0.994642857
9,0.891071429
9,0.926785714
9,0.783928571
9,0.957142857
9,0.541071429
9,0.844642857
9,0.628571429
9,0.933928571
9,0.941071429
9,0.667857143
9,0.739285714
9,0.85
9,0.9625
9,0.9375
9,0.873214286
9,0.866071429
9,0.991071429
9,0.7625
9,0.864285714
9,0.955357143
9,0.957142857
9,0.939285714
9,0.923214286
9,0.814285714
9,0.966071429
9,0.930357143
9,0.910714286
9,0.916071429
9,0.910714286
9,0.917857143
9,0.910714286
9,0.875
9,0.878571429
9,0.9625
9,0.823214286
9,0.8125
9,0.871428571
9,0.873214286
9,0.721428571
9,0.682142857
9,0.95
9,0.730357143
9,0.914285714
9,0.910714286
9,0.6
9,0.882142857
9,0.796428571
9,0.769642857
9,0.751785714
9,0.898214286
9,0.603571429
9,0.932142857
9,0.9875
9,0.989285714
9,0.935714286
9,0.9875
9,0.973214286
9,0.932142857
9,0.851785714
9,0.923214286
9,0.896428571
9,0.853571429
9,0.985714286
9,0.733928571
9,0.810714286
9,0.791071429
9,0.864285714
9,0.969642857
9,0.8875
9,0.851785714
9,0.864285714
9,0.844642857
9,0.771428571
9,0.923214286
9,0.930357143
9,0.930357143
9,0.798214286
9,0.905357143
9,0.825
9,0.758928571
9,0.939285714
9,0.9
9,0.946428571
9,0.919642857
9,0.989285714
9,0.957142857
9,0.853571429
9,0.933928571
9,0.885714286
9,0.851785714
9,0.785714286
9,0.935714286
9,0.9125
9,0
9,0
9,0.976785714
9,0.882142857
9,0.817857143
9,0.896428571
9,0.898214286
9,0.860714286
9,0.871428571
9,0.921428571
9,0.898214286
9,0.907142857
9,0.973214286
9,0.928571429
9,0.864285714
9,0.735714286
9,0.701785714
9,0.9125
9,0.967857143
9,0.873214286
9,0.730357143
9,0.605357143
9,0.966071429
9,0.971428571
9,0.766071429
9,0.8625
9,0.846428571
9,0.866071429
9,0.855102041
9,0.930357143
9,0.917857143
9,0.880357143
9,0.903571429
9,0.919642857
9,0.898214286
9,0.944642857
9,0.971428571
9,0.789285714
9,0.846428571
9,0.848214286
9,0.960714286
9,0.873214286
9,0.840816327
9,0.914285714
9,0.992857143
9,0.814285714
9,0.675
9,0.819642857
9,0.951785714
9,0.903571429
9,0.903571429
9,0.769642857
9,0.964285714
9,0.867346939
9,0.966071429
9,0.957142857
9,0.964285714
9,0.967857143
9,0.996428571
9,0.908928571
9,0.814285714
9,1
9,0.946428571
9,0.95
9,0.930357143
9,0.8375
9,0.976785714
9,0.921428571
9,0.951785714
9,0.826785714
9,0.964285714
9,0.939285714
9,0.880357143
9,0.796428571
9,0.733928571
9,0.605357143
9,0.882142857
9,0.9
9,0.985714286
9,0.892857143
9,0.869642857
9,0.8375
9,0.916071429
9,0.976785714
9,0.864285714
9,0.951785714
9,0.9375
9,0.882142857
9,0.832142857
9,0.726785714
9,0.980357143
9,0.548214286
9,0.591071429
9,0.989285714
9,0.894642857
9,0.841071429
9,0.873214286
9,0.917857143
9,0.944642857
9,0.725
9,0.946428571
9,0.889285714
10,0.931746032
10,0.90952381
10,0.93015873
10,0.873015873
10,0.950793651
10,0.958730159
10,0.928571429
10,0.86984127
10,0.671428571
10,0.857142857
10,0.874603175
10,0.953968254
10,0.925396825
10,0.873015873
10,0.773015873
10,0.955555556
10,0.528571429
10,0.879365079
10,0.685714286
10,0.83968254
10,0.925396825
10,0.707936508
10,0.752380952
10,0.849206349
10,0.977777778
10,0.907936508
10,0.871428571
10,0.836507937
10,0.958730159
10,0.749206349
10,0.915873016
10,0.966666667
10,0.858730159
10,0.953968254
10,0.919047619
10,0.733333333
10,0.876190476
10,0.958730159
10,0.904761905
10,0.931746032
10,0.965079365
10,0.942857143
10,0.961904762
10,0.868253968
10,0.882539683
10,0.936507937
10,0.844444444
10,0.846031746
10,0.885714286
10,0.833333333
10,0.706349206
10,0.746031746
10,0.896825397
10,0.804761905
10,0.903174603
10,0.865079365
10,0.703174603
10,0.911111111
10,0.836507937
10,0.757142857
10,0.825396825
10,0.787301587
10,0.450793651
10,0.914285714
10,0.968253968
10,0.957142857
10,0.993877551
10,0.888888889
10,0.942857143
10,0.946031746
10,0.861904762
10,0.90952381
10,0.86031746
10,0.846031746
10,0.980952381
10,0.679365079
10,0.793650794
10,0.817460317
10,0.980952381
10,0.925396825
10,0.882539683
10,0.884126984
10,0.849206349
10,0.887301587
10,0.771428571
10,0.980952381
10,0.952380952
10,0.901587302
10,0.80952381
10,0.898412698
10,0.938095238
10,0.796825397
10,0.985714286
10,0.944444444
10,0.926984127
10,0.817460317
10,0.992063492
10,0.936507937
10,0.865079365
10,0.977777778
10,0.892063492
10,0.876190476
10,0.861904762
10,0.957142857
10,0.907936508
10,0
10,0
10,0.942857143
10,1
10,0.798412698
10,0.952380952
10,0.96031746
10,0.9
10,0.915873016
10,0.804761905
10,0.906349206
10,0.906349206
10,0.941269841
10,0.847619048
10,0.807936508
10,0.874603175
10,0.79047619
10,0.919047619
10,0.949206349
10,0.777777778
10,0.758730159
10,0.382539683
10,0.901587302
10,0.966666667
10,0.882539683
10,0.876190476
10,0.911111111
10,0.961904762
10,0.915873016
10,0.942857143
10,0.858730159
10,0.879365079
10,0.901587302
10,0.96031746
10,0.931746032
10,0.905357143
10,0.895238095
10,0.888888889
10,0.749206349
10,0.931746032
10,0.958730159
10,0.915873016
10,0.898412698
10,0.950793651
10,0.971428571
10,0.782539683
10,0.671428571
10,0.812698413
10,0.920634921
10,0.9
10,0.8375
10,0.722222222
10,0.925396825
10,0.911111111
10,0.903174603
10,0.906349206
10,0.942857143
10,0.957142857
10,0.976190476
10,0.933333333
10,0.855555556
10,1
10,0.982539683
10,0.963492063
10,0.980952381
10,0.896825397
10,0.926984127
10,0.942857143
10,0.96984127
10,0.836507937
10,0.882539683
10,0.917460317
10,0.868253968
10,0.898412698
10,0.757142857
10,0.642857143
10,0.880952381
10,0.992063492
10,0.987301587
10,0.901587302
10,0.731746032
10,0.949206349
10,0.858730159
10,0.942857143
10,0.822222222
10,0.93968254
10,0.93968254
10,0.933333333
10,0.868253968
10,0.758730159
10,0.95
10,0.498412698
10,0.642857143
10,0.935714286
10,0.823809524
10,0.820634921
10,0.966666667
10,0.925396825
10,0.898412698
10,0.865079365
10,0.96031746
10,0.857142857
11,0.889285714
11,0.967857143
11,0.955357143
11,0.857142857
11,0.925
11,0.946938776
11,0.875
11,0.903571429
11,0.751785714
11,0.832142857
11,0.869642857
11,0.991071429
11,0.873214286
11,0.896428571
11,0.789285714
11,0.96122449
11,0.516071429
11,0.908928571
11,0.773214286
11,0.935714286
11,0.953571429
11,0.625
11,0.744642857
11,0.892857143
11,0.95
11,0.867857143
11,0.857142857
11,0.903571429
11,0.957142857
11,0.789285714
11,0.794642857
11,0.957142857
11,0.942857143
11,0.919642857
11,0.8875
11,0.8
11,0.848214286
11,0.825
11,0.826190476
11,0.873214286
11,0.955357143
11,0.951785714
11,0.871428571
11,0.925
11,0.921428571
11,0.948214286
11,0.928571429
11,0.819642857
11,0.891071429
11,0.867857143
11,0.658928571
11,0.717857143
11,0.942857143
11,0.803571429
11,0.760714286
11,0.833928571
11,0.7
11,0.867857143
11,0.810714286
11,0.85
11,0.828571429
11,0.85
11,0.492857143
11,0.9
11,0.933928571
11,0.894642857
11,0.719047619
11,0.882142857
11,0.946428571
11,0.9375
11,0.905357143
11,0.9375
11,0.844642857
11,0.926785714
11,0.957142857
11,0.732142857
11,0.767857143
11,0.873214286
11,0.982142857
11,0.948214286
11,0.925
11,0.853571429
11,0.869642857
11,0.919642857
11,0.842857143
11,0.948214286
11,0.917857143
11,0.8875
11,0.875
11,0.903571429
11,0.8875
11,0.769387755
11,0.939285714
11,0.891836735
11,0.921428571
11,0.658928571
11,0.980357143
11,0.978571429
11,0.878571429
11,0.951785714
11,0.821428571
11,0.851785714
11,0.8375
11,0.871428571
11,0.944642857
11,0
11,0
11,0.955357143
11,0.996428571
11,0.780357143
11,0.930357143
11,0.875
11,0.882142857
11,0.876785714
11,0.898214286
11,0.803571429
11,0.869642857
11,0.919642857
11,0.860714286
11,0.7375
11,0.778571429
11,0.710714286
11,0.957142857
11,0.991071429
11,0.848214286
11,0.639285714
11,0.751785714
11,0.981632653
11,0.97755102
11,0.791071429
11,0.892857143
11,0.892857143
11,0.885714286
11,0.842857143
11,0.926785714
11,0.969642857
11,0.85
11,0.882142857
11,0.9625
11,0.85
11,0.826785714
11,0.925
11,0.803571429
11,0.846428571
11,0.932142857
11,0.885714286
11,0.908928571
11,0.816071429
11,0.846428571
11,0.973469388
11,0.830357143
11,0.783928571
11,0.796428571
11,0.891071429
11,0.912244898
11,0.936734694
11,0.732142857
11,0.964285714
11,0.908928571
11,0.948214286
11,0.9625
11,0.982142857
11,0.976785714
11,0.992857143
11,0.891071429
11,0.844642857
11,1
11,0.939285714
11,0.944642857
11,0.941071429
11,0.857142857
11,0.971428571
11,0.9
11,0.966071429
11,0.8375
11,0.942857143
11,0.980357143
11,0.871428571
11,0.882142857
11,0.839285714
11,0.778571429
11,0.8875
11,0.917857143
11,0.975
11,0.939285714
11,0.875
11,0.842857143
11,0.921428571
11,0.955357143
11,0.825
11,0.978571429
11,0.9375
11,0.960714286
11,0.926530612
11,0.8375
11,0.971428571
11,0.544642857
11,0.6375
11,0.973469388
11,0.857142857
11,0.839285714
11,0.878571429
11,0.8875
11,0.978571429
11,0.814285714
11,0.95
11,0.848979592
12,0.873214286
12,0.957142857
12,0.835714286
12,0.889285714
12,0.948214286
12,0.964285714
12,0.901785714
12,0.976785714
12,0.8
12,0.93877551
12,0.864285714
12,1
12,0.939285714
12,0.905357143
12,0.832142857
12,0.955357143
12,0.516071429
12,0.944642857
12,0.776785714
12,0.9
12,0.973214286
12,0.810714286
12,0.792857143
12,0.839285714
12,0.955357143
12,0.971428571
12,0.832142857
12,0.933928571
12,0.810714286
12,0.703571429
12,0.157142857
12,0.9375
12,0.9875
12,0.942857143
12,0.942857143
12,0.823214286
12,0.767857143
12,0.85
12,0.8
12,0.905357143
12,0.921428571
12,0.905357143
12,0.919642857
12,0.864285714
12,0.941071429
12,0.880357143
12,0.896428571
12,0.810714286
12,0.826530612
12,0.860714286
12,0.841071429
12,0.778571429
12,0.875
12,0.851785714
12,0.910714286
12,0.875
12,0.655357143
12,0.894642857
12,0.835714286
12,0.860714286
12,0.826785714
12,0.732142857
12,0.830357143
12,0.919642857
12,0.982142857
12,0.953571429
12,0.975
12,0.880357143
12,0.939285714
12,0.928571429
12,0.901785714
12,0.957142857
12,0.923214286
12,0.817857143
12,0.975
12,0.748214286
12,0.676785714
12,0.903571429
12,0.880357143
12,0.858928571
12,0.908928571
12,0.878571429
12,0.958928571
12,0.867857143
12,0.789285714
12,0.923214286
12,0.925
12,0.933928571
12,0.857142857
12,0.932142857
12,0.757142857
12,0.776785714
12,0.973214286
12,0.853571429
12,0.928571429
12,0.830357143
12,0.996428571
12,0.95
12,0.9125
12,0.932142857
12,0.883928571
12,0.796428571
12,0.8625
12,0.885714286
12,0.928571429
12,0
12,0
12,0.994642857
12,0.901785714
12,0.835714286
12,0.916071429
12,0.976785714
12,0.801785714
12,0.916071429
12,0.903571429
12,0.778571429
12,0.825
12,0.932142857
12,0.839285714
12,0.726785714
12,0.85
12,0.683928571
12,0.878571429
12,0.967857143
12,0.819642857
12,0.75
12,0.694642857
12,0.960714286
12,0.928571429
12,0.823214286
12,0.907142857
12,0.918367347
12,0.853571429
12,0.782142857
12,0.905357143
12,0.919642857
12,0.941071429
12,0.833928571
12,0.967857143
12,0.908928571
12,0.878571429
12,0.908928571
12,0.835714286
12,0.7875
12,0.889285714
12,0.905357143
12,0.916071429
12,0.889285714
12,0.880357143
12,0.985714286
12,0.7625
12,0.808928571
12,0.857142857
12,0.9
12,0.898214286
12,0.925
12,0.732142857
12,0.926785714
12,0.951785714
12,0.973214286
12,0.975
12,0.948214286
12,0.95
12,0.991071429
12,0.891071429
12,0.764285714
12,1
12,0.946428571
12,0.935714286
12,0.955357143
12,0.710714286
12,0.9
12,0.878571429
12,0.891071429
12,0.867857143
12,0.9875
12,0.9375
12,0.928571429
12,0.95
12,0.732142857
12,0.607142857
12,0.891071429
12,0.919642857
12,0.983928571
12,0.8875
12,0.851785714
12,0.8625
12,0.946428571
12,0.982142857
12,0.744642857
12,0.923214286
12,0.941071429
12,0.914285714
12,0.905357143
12,0.735714286
12,0.978571429
12,0.571428571
12,0.605357143
12,0.985714286
12,0.766071429
12,0.787755102
12,0.989285714
12,0.882142857
12,0.883928571
12,0.758928571
12,1
12,0.907142857
13,0.836507937
13,0.895238095
13,0.93968254
13,0.853968254
13,0.955555556
13,0.919047619
13,0.944444444
13,0.938095238
13,0.846031746
13,0.914285714
13,0.86031746
13,0.985714286
13,0.938095238
13,0.976190476
13,0.801587302
13,0.961904762
13,0.495238095
13,0.879365079
13,0.650793651
13,0.946031746
13,0.922222222
13,0.696825397
13,0.722222222
13,0.76031746
13,0.965079365
13,0.906349206
13,0.877777778
13,0.834920635
13,0.998412698
13,0.715873016
13,0.887301587
13,0.942857143
13,0.950793651
13,0.96984127
13,0.866666667
13,0.652380952
13,0.955555556
13,0.9
13,0.877777778
13,0.871428571
13,0.812698413
13,0.93015873
13,0.904761905
13,0.871428571
13,0.925396825
13,0.984126984
13,0.861904762
13,0.80952381
13,0.8625
13,0.782539683
13,0.734920635
13,0.561904762
13,0.888888889
13,0.83968254
13,0.779365079
13,0.844444444
13,0.769387755
13,0.86984127
13,0.923809524
13,0.86984127
13,0.86031746
13,0.815873016
13,0.677777778
13,0.953968254
13,0.922222222
13,0.966666667
13,0.879365079
13,0.963492063
13,0.93968254
13,0.917460317
13,0.779365079
13,0.93968254
13,0.823809524
13,0.857142857
13,0.949206349
13,0.76984127
13,0.79047619
13,0.806349206
13,0.99047619
13,0.957142857
13,0.957142857
13,0.879365079
13,0.853968254
13,0.828571429
13,0.803174603
13,0.985714286
13,0.901587302
13,0.873015873
13,0.822222222
13,0.880952381
13,0.873015873
13,0.73015873
13,0.949206349
13,0.96031746
13,0.90952381
13,0.811111111
13,0.984126984
13,0.965079365
13,0.753968254
13,0.965079365
13,0.866666667
13,0.849206349
13,0.753968254
13,0.849206349
13,0.892063492
13,0
13,0
13,0.934920635
13,1
13,0.758730159
13,0.928571429
13,0.950793651
13,0.804761905
13,0.896825397
13,0.985714286
13,0.833333333
13,0.904761905
13,0.96984127
13,0.884126984
13,0.703174603
13,0.793650794
13,0.69047619
13,0.792063492
13,0.973015873
13,0.788888889
13,0.712698413
13,0.693650794
13,0.965079365
13,0.974603175
13,0.831746032
13,0.871428571
13,0.844444444
13,0.949206349
13,0.83968254
13,0.874603175
13,0.965079365
13,0.974603175
13,0.888888889
13,0.953968254
13,0.861904762
13,0.873015873
13,0.857142857
13,0.86984127
13,0.917460317
13,0.826984127
13,0.917460317
13,0.876190476
13,0.779365079
13,0.9
13,0.971428571
13,0.823809524
13,0.642857143
13,0.882539683
13,0.974603175
13,0.888888889
13,0.957142857
13,0.733333333
13,0.955555556
13,0.867346939
13,0.984126984
13,0.941269841
13,0.941269841
13,0.944444444
13,1
13,0.906349206
13,0.787301587
13,0.979365079
13,0.93968254
13,0.96031746
13,0.974603175
13,0.8
13,0.93968254
13,0.917460317
13,0.93015873
13,0.744444444
13,0.958730159
13,0.880952381
13,0.823809524
13,0.896825397
13,0.771428571
13,0.658730159
13,0.879365079
13,0.915873016
13,0.977777778
13,0.874603175
13,0.812698413
13,0.901587302
13,0.946031746
13,0.96031746
13,0.820634921
13,0.93968254
13,0.963492063
13,0.958730159
13,0.971428571
13,0.825396825
13,0.976190476
13,0.555555556
13,0.6
13,0.946031746
13,0.876190476
13,0.79047619
13,0.882539683
13,0.914285714
13,0.914285714
13,0.750793651
13,0.946031746
13,0.89047619
14,0.908928571
14,0.957142857
14,0.785714286
14,0.844642857
14,0.966071429
14,0.957142857
14,0.930357143
14,0.891071429
14,0.855357143
14,0.898214286
14,0.717857143
14,0.976785714
14,0.901785714
14,0.885714286
14,0.926785714
14,0.973214286
14,0.533928571
14,0.869642857
14,0.782142857
14,0.917857143
14,0.892857143
14,0.610714286
14,0.742857143
14,0.808928571
14,0.960714286
14,0.844897959
14,0.839285714
14,0.892857143
14,0.783928571
14,0.680357143
14,0.871428571
14,0.921428571
14,0.9
14,0.953571429
14,0.871428571
14,0.776785714
14,0.933928571
14,0.941071429
14,0.792857143
14,0.896428571
14,0.898214286
14,0.883928571
14,0.953571429
14,0.882142857
14,0.969642857
14,0.935714286
14,0.842857143
14,0.830357143
14,0.85
14,0.842857143
14,0.542857143
14,0.557142857
14,0.9375
14,0.826785714
14,0.880357143
14,0.846428571
14,0.75
14,0.876785714
14,0.908928571
14,0.875
14,0.896428571
14,0.921428571
14,0.719642857
14,0.894642857
14,0.871428571
14,0.967857143
14,0.989285714
14,0.905357143
14,0.85
14,0.905357143
14,0.894642857
14,0.953571429
14,0.958928571
14,0.891071429
14,0.966071429
14,0.719642857
14,0.878571429
14,0.791071429
14,0.919642857
14,0.855357143
14,0.885714286
14,0.841071429
14,0.866071429
14,0.873214286
14,0.751785714
14,0.901785714
14,0.928571429
14,0.817857143
14,0.919642857
14,0.891071429
14,0.898214286
14,0.807142857
14,0.907142857
14,0.948214286
14,0.928571429
14,0.785714286
14,0.978571429
14,0.942857143
14,0.7875
14,0.951785714
14,0.766071429
14,0.914285714
14,0.830357143
14,0.753571429
14,0.851785714
14,0
14,0
14,0.998214286
14,0.8
14,0.751785714
14,0.941071429
14,0.955357143
14,0.742857143
14,0.891071429
14,0.905357143
14,0.871428571
14,0.941071429
14,0.976785714
14,0.960714286
14,0.685714286
14,0.816071429
14,0.571428571
14,0.858928571
14,0.964285714
14,0.810714286
14,0.7625
14,0.523214286
14,0.9375
14,0.948214286
14,0.794642857
14,0.785714286
14,0.907142857
14,0.773214286
14,0.835714286
14,0.928571429
14,0.957142857
14,0.926785714
14,0.851785714
14,0.983928571
14,0.848214286
14,0.855357143
14,0.958928571
14,0.910714286
14,0.808928571
14,0.878571429
14,0.960714286
14,0.969642857
14,0.741071429
14,0.907142857
14,0.942857143
14,0.748214286
14,0.841071429
14,0.921428571
14,0.923214286
14,0.878571429
14,0.869642857
14,0.691071429
14,0.889285714
14,0.734693878
14,0.898214286
14,0.939285714
14,0.982142857
14,0.951785714
14,0.985714286
14,0.917857143
14,0.803571429
14,1
14,0.932142857
14,0.980357143
14,0.9875
14,0.748214286
14,0.946428571
14,0.908928571
14,0.9625
14,0.742857143
14,0.966071429
14,0.921428571
14,0.9125
14,0.908928571
14,0.783928571
14,0.742857143
14,0.866071429
14,0.916326531
14,0.941071429
14,0.930357143
14,0.953571429
14,0.7875
14,0.946428571
14,0.964285714
14,0.789795918
14,0.966071429
14,0.907142857
14,0.871428571
14,0.901785714
14,0.728571429
14,0.936734694
14,0.525
14,0.633928571
14,0.941071429
14,0.842857143
14,0.757142857
14,0.9625
14,0.946428571
14,0.975
14,0.775
14,0.960714286
14,0.833928571
15,0.953968254
15,0.936507937
15,0.973015873
15,0.855555556
15,0.876190476
15,0.976190476
15,0.852380952
15,0.955555556
15,0.814285714
15,0.822222222
15,0.831746032
15,0.979365079
15,0.871428571
15,0.963492063
15,0.812698413
15,0.876190476
15,0.538095238
15,0.915873016
15,0.693650794
15,0.912698413
15,0.973015873
15,0.798412698
15,0.73015873
15,0.852380952
15,0.911111111
15,0.926984127
15,0.936507937
15,0.93015873
15,0.979365079
15,0.685714286
15,0.965079365
15,0.949206349
15,0.944444444
15,0.9
15,0.926984127
15,0.822222222
15,0.942857143
15,0.941269841
15,0.925396825
15,0.86984127
15,0.877777778
15,0.853968254
15,0.906349206
15,0.912698413
15,0.826984127
15,0.971428571
15,0.892063492
15,0.798412698
15,0.852380952
15,0.815873016
15,0.657142857
15,0.595238095
15,0.89047619
15,0.833333333
15,0.853968254
15,0.888888889
15,0.641269841
15,0.831746032
15,0.931746032
15,0.725396825
15,0.838095238
15,0.817460317
15,0.965079365
15,0.928571429
15,0.953571429
15,0.946428571
15,0.819047619
15,0.958730159
15,0.947619048
15,0.942857143
15,0.868253968
15,0.957142857
15,0.857142857
15,0.807936508
15,0.949206349
15,0.753968254
15,0.846031746
15,0.93015873
15,0.898412698
15,0.976190476
15,0.955555556
15,0.893650794
15,0.912698413
15,0.9
15,0.871428571
15,0.982539683
15,0.895238095
15,0.887301587
15,0.919047619
15,0.931746032
15,0.96984127
15,0.752380952
15,0.942857143
15,0.882539683
15,0.906349206
15,0.777777778
15,0.984126984
15,0.928571429
15,0.83015873
15,0.941269841
15,0.826984127
15,0.834920635
15,0.831746032
15,0.915873016
15,0.90952381
15,0.985714286
15,0
15,0.957142857
15,0.971428571
15,0.728571429
15,0.838095238
15,0.944444444
15,0.828571429
15,0.919047619
15,0.971428571
15,0.942857143
15,0.915873016
15,0.973015873
15,0.868253968
15,0.733333333
15,0.774603175
15,0.532142857
15,0.968253968
15,0.979365079
15,0.807936508
15,0.726984127
15,0.247619048
15,0.947619048
15,0.961904762
15,0.804761905
15,0.86984127
15,0.849206349
15,0.99047619
15,0.80952381
15,0.863492063
15,0.971428571
15,0.882539683
15,0.86984127
15,0.93968254
15,0.861904762
15,0.926984127
15,0.904761905
15,0.866666667
15,0.915873016
15,0.885714286
15,0.955555556
15,0.892063492
15,0.801587302
15,0.858730159
15,0.993650794
15,0.774603175
15,0.723809524
15,0.696825397
15,0.946031746
15,0.855555556
15,0.855555556
15,0.70952381
15,0.93015873
15,0.720634921
15,0.915873016
15,0.812698413
15,0.844444444
15,0.96031746
15,0.99047619
15,0.880952381
15,0.704761905
15,1
15,0.957142857
15,0.914285714
15,0.917460317
15,0.738095238
15,0.898412698
15,0.853968254
15,0.879365079
15,0.863492063
15,0.955555556
15,0.884126984
15,0.926984127
15,0.812698413
15,0.758730159
15,0.544444444
15,0.896825397
15,0.874603175
15,0.971428571
15,0.952380952
15,0.776190476
15,0.914285714
15,0.903174603
15,0.963492063
15,0.691071429
15,0.936507937
15,0.866666667
15,0.968253968
15,0.780952381
15,0.755555556
15,1
15,0.553968254
15,0.625396825
15,0.879365079
15,0.896825397
15,0.807142857
15,0.765079365
15,0.895238095
15,0.971428571
15,0.873015873
15,0.974603175
15,0.877777778
16,0.798214286
16,0.935714286
16,0.867857143
16,0.817857143
16,0.969642857
16,0.928571429
16,0.926785714
16,0.95
16,0.857142857
16,0.812244898
16,0.805357143
16,0.951785714
16,0.951785714
16,0.867857143
16,0.675
16,0.973469388
16,0.521428571
16,0.867857143
16,0.744642857
16,0.921428571
16,0.917857143
16,0.741071429
16,0.728571429
16,0.825
16,0.939285714
16,0.7875
16,0.864285714
16,0.869642857
16,0.914285714
16,0.780357143
16,0.892857143
16,0.964285714
16,0.944642857
16,0.928571429
16,0.953571429
16,0.844642857
16,0.833928571
16,0.921428571
16,0.876785714
16,0.866071429
16,0.958928571
16,0.898214286
16,0.969642857
16,0.857142857
16,0.858928571
16,0.846428571
16,0.942857143
16,0.8375
16,0.802040816
16,0.796428571
16,0.705357143
16,0.571428571
16,0.930357143
16,0.857142857
16,0.821428571
16,0.932142857
16,0.757142857
16,0.8875
16,0.794642857
16,0.780357143
16,0.7
16,0.967857143
16,0.680357143
16,0.914285714
16,0.876785714
16,0.948214286
16,0.958928571
16,0.958928571
16,0.95
16,0.905357143
16,0.95
16,0.792857143
16,0.885714286
16,0.9125
16,0.964285714
16,0.796428571
16,0.789285714
16,0.8
16,0.905357143
16,0.853571429
16,0.858928571
16,0.908928571
16,0.907142857
16,0.891071429
16,0.666071429
16,0.939285714
16,0.939285714
16,0.871428571
16,0.707142857
16,0.932142857
16,0.930357143
16,0.787755102
16,0.996428571
16,0.897959184
16,0.932142857
16,0.732653061
16,0.983928571
16,0.998214286
16,0.798214286
16,0.942857143
16,0.821428571
16,0.823214286
16,0.823214286
16,0.923214286
16,0.942857143
16,0.910714286
16,0
16,0.996428571
16,0.880357143
16,0.735714286
16,0.926785714
16,0.969642857
16,0.723214286
16,0.892857143
16,0.848214286
16,0.842857143
16,0.885714286
16,0.958928571
16,0.910714286
16,0.708928571
16,0.842857143
16,0.776785714
16,0.8625
16,0.998214286
16,0.826785714
16,0.810714286
16,0.671428571
16,0.916326531
16,0.993877551
16,0.782142857
16,0.796428571
16,0.9125
16,0.926785714
16,0.834693878
16,0.855357143
16,0.878571429
16,0.926785714
16,0.844642857
16,0.95
16,0.860714286
16,0.930357143
16,0.921428571
16,0.858928571
16,0.773214286
16,0.860714286
16,0.903571429
16,0.935714286
16,0.826785714
16,0.857142857
16,0.994285714
16,0.816071429
16,0.685714286
16,0.828571429
16,0.794642857
16,0.914285714
16,0.846938776
16,0.716071429
16,0.925
16,0.875510204
16,0.907142857
16,0.9375
16,0.917857143
16,0.926785714
16,0.975
16,0.905357143
16,0.694642857
16,1
16,0.942857143
16,0.95
16,0.9625
16,0.791071429
16,0.933928571
16,0.903571429
16,0.951785714
16,0.810714286
16,0.914285714
16,0.958928571
16,0.898214286
16,0.825
16,0.760714286
16,0.553571429
16,0.889285714
16,0.918367347
16,0.925
16,0.939285714
16,0.857142857
16,0.898214286
16,0.921428571
16,0.892857143
16,0.814285714
16,0.905357143
16,0.982142857
16,0.894642857
16,0.860714286
16,0.733928571
16,0.951785714
16,0.585714286
16,0.576785714
16,0.934693878
16,0.867857143
16,0.871428571
16,0.894642857
16,0.826785714
16,0.853571429
16,0.730357143
16,0.942857143
16,0.86122449
17,0.919047619
17,0.942857143
17,0.974603175
17,0.925396825
17,0.976190476
17,0.93015873
17,0.950793651
17,0.949206349
17,0.696825397
17,0.852380952
17,0.849206349
17,1
17,0.917460317
17,0.842857143
17,0.73015873
17,0.96031746
17,0.519047619
17,0.946031746
17,0.653968254
17,0.885714286
17,0.944444444
17,0.792063492
17,0.744444444
17,0.73015873
17,0.982539683
17,0.806349206
17,0.857142857
17,0.887301587
17,1
17,0.787301587
17,0.83968254
17,0.957142857
17,0.941269841
17,0.936507937
17,0.863492063
17,0.798412698
17,0.841269841
17,0.965079365
17,0.874603175
17,0.888888889
17,0.857142857
17,0.957142857
17,0.941269841
17,0.801587302
17,0.882539683
17,0.933333333
17,0.925396825
17,0.768253968
17,0.865079365
17,0.874603175
17,0.7
17,0.655555556
17,0.879365079
17,0.741269841
17,0.893650794
17,0.893650794
17,0.691836735
17,0.850793651
17,0.879365079
17,0.811111111
17,0.812698413
17,0.703174603
17,0.693650794
17,0.906349206
17,0.942857143
17,0.938095238
17,0.966666667
17,0.992063492
17,0.914285714
17,0.934920635
17,0.807936508
17,0.917460317
17,0.820634921
17,0.79047619
17,0.965079365
17,0.738095238
17,0.679365079
17,0.86984127
17,0.992063492
17,0.957142857
17,0.936507937
17,0.861904762
17,0.796825397
17,0.917460317
17,0.833333333
17,0.976190476
17,0.955555556
17,0.823809524
17,0.865079365
17,0.833333333
17,0.961904762
17,0.792063492
17,0.928571429
17,0.898412698
17,0.907936508
17,0.711111111
17,0.985714286
17,0.950793651
17,0.866666667
17,0.934920635
17,0.834920635
17,0.853968254
17,0.826984127
17,0.89047619
17,0.879365079
17,1
17,0
17,0.971428571
17,0.996825397
17,0.741269841
17,0.795238095
17,0.99047619
17,0.734920635
17,0.893650794
17,0.811111111
17,0.89047619
17,0.944444444
17,0.973015873
17,0.89047619
17,0.944444444
17,0.777777778
17,0.728571429
17,0.903174603
17,0.984126984
17,0.822222222
17,0.680952381
17,0.634920635
17,0.965079365
17,0.971428571
17,0.855555556
17,0.803174603
17,0.882539683
17,0.993650794
17,0.807142857
17,0.906349206
17,0.955555556
17,0.942857143
17,0.874603175
17,0.906349206
17,0.828571429
17,0.853968254
17,0.906349206
17,0.83015873
17,0.828571429
17,0.83015873
17,0.933333333
17,0.93015873
17,0.850793651
17,0.887301587
17,0.987301587
17,0.765079365
17,0.738095238
17,0.888888889
17,0.923809524
17,0.90952381
17,0.915873016
17,0.719047619
17,0.942857143
17,0.830357143
17,0.965079365
17,0.965079365
17,0.965079365
17,0.980952381
17,0.992063492
17,0.876190476
17,0.636507937
17,1
17,0.958730159
17,0.957142857
17,0.958730159
17,0.763492063
17,0.938095238
17,0.884126984
17,0.941269841
17,0.812698413
17,0.949206349
17,0.93968254
17,0.879365079
17,0.825396825
17,0.779365079
17,0.492063492
17,0.879365079
17,0.951785714
17,0.942857143
17,0.961904762
17,0.757142857
17,0.861904762
17,0.917460317
17,0.980952381
17,0.749206349
17,0.96031746
17,0.926984127
17,0.958730159
17,0.798412698
17,0.679365079
17,0.975
17,0.573015873
17,0.712698413
17,0.946031746
17,0.798412698
17,0.858730159
17,0.80952381
17,0.873015873
17,0.928571429
17,0.849206349
17,0.988888889
17,0.887301587
18,0.912698413
18,0.879365079
18,0.973015873
18,0.823809524
18,0.928571429
18,0.93015873
18,0.931746032
18,0.912698413
18,0.763492063
18,0.826984127
18,0.774603175
18,0.974603175
18,0.923809524
18,0.955555556
18,0.777777778
18,0.941269841
18,0.526984127
18,0.895238095
18,0.561904762
18,0.947619048
18,0.871428571
18,0.76031746
18,0.688888889
18,0.804761905
18,0.944444444
18,0.955555556
18,0.857142857
18,0.904761905
18,0.996825397
18,0.741269841
18,1
18,0.953968254
18,0.858730159
18,0.963492063
18,0.925396825
18,0.649206349
18,0.925396825
18,0.898412698
18,0.944642857
18,0.915873016
18,0.838095238
18,0.933333333
18,0.950793651
18,0.836507937
18,0.884126984
18,0.974603175
18,0.86984127
18,0.782539683
18,0.853968254
18,0.779365079
18,0.696825397
18,0.612698413
18,0.838095238
18,0.906349206
18,0.836507937
18,0.895238095
18,0.795238095
18,0.86031746
18,0.852380952
18,0.826984127
18,0.792063492
18,0.671428571
18,0.761904762
18,0.925396825
18,0.961904762
18,0.953968254
18,0.93968254
18,0.941269841
18,0.898412698
18,0.923809524
18,0.823809524
18,0.814285714
18,0.779365079
18,0.752380952
18,0.980952381
18,0.711111111
18,0.650793651
18,0.825396825
18,0.980952381
18,0.988888889
18,0.892063492
18,0.833333333
18,0.86984127
18,0.888888889
18,0.784126984
18,0.980952381
18,0.879365079
18,0.787301587
18,0.836507937
18,0.949206349
18,0.873015873
18,0.771428571
18,0.96984127
18,0.941269841
18,0.947619048
18,0.798412698
18,0.942857143
18,0.938095238
18,0.838095238
18,0.950793651
18,0.719047619
18,0.853968254
18,0.784126984
18,0.806349206
18,0.957142857
18,1
18,0
18,0.974603175
18,0.992063492
18,0.823809524
18,0.942857143
18,0.888888889
18,0.792063492
18,0.842857143
18,0.947619048
18,0.915873016
18,0.788888889
18,0.885714286
18,0.93015873
18,0.750793651
18,0.811111111
18,0.661904762
18,0.903174603
18,0.936507937
18,0.798412698
18,0.846031746
18,0.614285714
18,0.898412698
18,0.971428571
18,0.846031746
18,0.820634921
18,0.80952381
18,0.961904762
18,0.846428571
18,0.89047619
18,0.874603175
18,0.966666667
18,0.796825397
18,0.963492063
18,0.931746032
18,0.820634921
18,0.865079365
18,0.826984127
18,0.771428571
18,0.850793651
18,0.942857143
18,0.868253968
18,0.866666667
18,0.806349206
18,0.994642857
18,0.749206349
18,0.758730159
18,0.849206349
18,0.968253968
18,0.887301587
18,0.798412698
18,0.725396825
18,0.858730159
18,0.842857143
18,0.86984127
18,0.933333333
18,0.920634921
18,0.933333333
18,0.977777778
18,0.906349206
18,0.692063492
18,0.957142857
18,0.995238095
18,0.949206349
18,0.936507937
18,0.69047619
18,0.953968254
18,0.836507937
18,0.947619048
18,0.7
18,0.985714286
18,0.977777778
18,0.884126984
18,0.89047619
18,0.8
18,0.63968254
18,0.880952381
18,0.868253968
18,0.977777778
18,0.938095238
18,0.83968254
18,0.76984127
18,0.926984127
18,0.90952381
18,0.606349206
18,0.938095238
18,0.950793651
18,0.898412698
18,0.931746032
18,0.741269841
18,0.923214286
18,0.604761905
18,0.585714286
18,0.966666667
18,0.784126984
18,0.761904762
18,0.914285714
18,0.907936508
18,0.982539683
18,0.880952381
18,0.941269841
18,0.784126984
19,0.901785714
19,0.9125
19,0.933928571
19,0.860714286
19,0.892857143
19,0.958928571
19,0.9125
19,0.894642857
19,0.864285714
19,0.794642857
19,0.8
19,1
19,0.860714286
19,0.85
19,0.917857143
19,0.939285714
19,0.539285714
19,0.907142857
19,0.539285714
19,0.883928571
19,0.8375
19,0.778571429
19,0.680357143
19,0.782142857
19,0.925
19,0.896428571
19,0.857142857
19,0.848214286
19,0.978571429
19,0.798214286
19,1
19,0.958928571
19,0.869642857
19,0.896428571
19,0.971428571
19,0.789285714
19,0.903571429
19,0.966071429
19,0.820408163
19,0.7875
19,0.903571429
19,0.8625
19,0.876785714
19,0.871428571
19,0.941071429
19,0.946428571
19,0.826785714
19,0.808928571
19,0.835714286
19,0.866071429
19,0.789285714
19,0.65
19,0.855357143
19,0.85
19,0.903571429
19,0.916071429
19,0.669642857
19,0.778571429
19,0.808928571
19,0.873214286
19,0.778571429
19,0.871428571
19,0.382142857
19,0.842857143
19,0.919642857
19,0.969642857
19,0.892857143
19,0.944642857
19,0.846428571
19,0.930357143
19,0.839285714
19,0.760714286
19,0.8
19,0.826785714
19,0.930357143
19,0.7125
19,0.758928571
19,0.8
19,0.921428571
19,0.958928571
19,0.982142857
19,0.798214286
19,0.878571429
19,0.923214286
19,0.794642857
19,0.923214286
19,0.841071429
19,0.889285714
19,0.9375
19,0.917857143
19,0.939285714
19,0.842857143
19,0.980357143
19,0.933928571
19,0.891071429
19,0.789285714
19,0.967857143
19,0.898214286
19,0.721428571
19,0.966071429
19,0.8875
19,0.816071429
19,0.725
19,0.7625
19,0.921428571
19,0.991071429
19,0
19,0.942857143
19,0.958928571
19,0.778571429
19,0.853571429
19,0.983928571
19,0.801785714
19,0.889285714
19,0.8625
19,0.928571429
19,0.866071429
19,0.980357143
19,0.919642857
19,0.723214286
19,0.846428571
19,0.657142857
19,0.9
19,0.973214286
19,0.807142857
19,0.671428571
19,0.471428571
19,0.876785714
19,0.976785714
19,0.85
19,0.903571429
19,0.771428571
19,0.8625
19,0.880357143
19,0.914285714
19,0.880357143
19,0.875
19,0.857142857
19,0.991071429
19,0.921428571
19,0.907142857
19,0.841071429
19,0.973214286
19,0
19,0.880357143
19,0.964285714
19,0.882142857
19,0.85
19,0.917857143
19,0.980952381
19,0.833928571
19,0.853571429
19,0.726785714
19,0.921428571
19,0.846428571
19,0.835714286
19,0.732142857
19,0.898214286
19,0.65952381
19,0.925
19,0.917857143
19,0.967857143
19,0.964285714
19,0.980357143
19,0.928571429
19,0.851785714
19,0.871428571
19,0.891071429
19,0.891071429
19,0.844642857
19,0.866071429
19,0.930357143
19,0.825
19,0.923214286
19,0.814285714
19,0.930357143
19,0.967857143
19,0.941071429
19,0.648214286
19,0.796428571
19,0.510714286
19,0.764285714
19,0.969642857
19,0.991071429
19,0.941071429
19,0.908928571
19,0.982142857
19,0.898214286
19,0.960714286
19,0.796428571
19,0.9625
19,0.892857143
19,0.964285714
19,0.758928571
19,0.683928571
19,0.985714286
19,0.566071429
19,0.564285714
19,0.905357143
19,0.846428571
19,0.864285714
19,0.607142857
19,0.925
19,0.925
19,0.842857143
19,0.957142857
19,0.825
20,0.8875
20,0.875
20,0.867857143
20,0.876785714
20,0.844642857
20,0.930357143
20,0.932142857
20,0.948214286
20,0.75
20,0.933928571
20,0.696428571
20,0
20,0.858928571
20,0.8625
20,0.846428571
20,0.864285714
20,0.523214286
20,0.908928571
20,0.691071429
20,0.908928571
20,0.892857143
20,0.705357143
20,0.705357143
20,0.819642857
20,0.973214286
20,0.860714286
20,0.8
20,0.821428571
20,0.955357143
20,0.733928571
20,0.808928571
20,0.9375
20,0.930357143
20,0.9
20,0.853571429
20,0.835714286
20,0.930357143
20,0.923214286
20,0.920408163
20,0.891071429
20,0.914285714
20,0.928571429
20,0.983928571
20,0.891071429
20,0.855357143
20,0.891071429
20,0.878571429
20,0.860714286
20,0.792857143
20,0.825
20,0.639285714
20,0.714285714
20,0.933928571
20,0.725
20,0.896428571
20,0.839285714
20,0.720408163
20,0.858928571
20,0.853571429
20,0.803571429
20,0.905357143
20,0.778571429
20,0.383928571
20,0.916071429
20,0.982142857
20,0.964285714
20,0.907142857
20,0.9
20,0.919642857
20,0.9375
20,0.880357143
20,0.910714286
20,0.792857143
20,0.8375
20,0.951785714
20,0.739285714
20,0.794642857
20,0.925
20,0.942857143
20,0.9625
20,0.908928571
20,0.830357143
20,0.903571429
20,0.905357143
20,0.875
20,0.951785714
20,0.933928571
20,0.925
20,0.85
20,0.853571429
20,0.976785714
20,0.778571429
20,0.955357143
20,0.889285714
20,0.939285714
20,0.692857143
20,0.994642857
20,0.953571429
20,0.8625
20,0.830357143
20,0.889285714
20,0.833928571
20,0.832142857
20,0.851785714
20,0.8875
20,1
20,0
20,0.975
20,0.908928571
20,0.7875
20,0.698214286
20,0.942857143
20,0.833928571
20,0.823214286
20,0.832142857
20,0.758928571
20,0.826785714
20,0.814285714
20,0.869642857
20,0.701785714
20,0.808928571
20,0.7125
20,0.916071429
20,0.982142857
20,0.85
20,0.667857143
20,0.741071429
20,0.810714286
20,0.957142857
20,0.826785714
20,0.905357143
20,0.867857143
20,0.896428571
20,0.808163265
20,0.942857143
20,0.951785714
20,0.833928571
20,0.864285714
20,0.966071429
20,0.819642857
20,0.876785714
20,0.941071429
20,0.8625
20,0
20,0.875
20,0.971428571
20,0.892857143
20,0.869642857
20,0.901785714
20,0.895918367
20,0.771428571
20,0.701785714
20,0.726785714
20,0.753571429
20,0.898214286
20,0.783928571
20,0.7
20,0.921428571
20,0.902040816
20,0.851785714
20,0.864285714
20,0.928571429
20,0.95
20,0.948214286
20,0.8875
20,0.7125
20,0.871428571
20,0.978571429
20,0.9375
20,0.958928571
20,0.798214286
20,0.889285714
20,0.825
20,0.869642857
20,0.828571429
20,0.946428571
20,0.95
20,0.85
20,0.826785714
20,0.751785714
20,0.483928571
20,0.8375
20,0.948979592
20,0.955357143
20,0.991071429
20,0.864285714
20,0.908928571
20,0.864285714
20,0.944642857
20,0.848214286
20,0.914285714
20,0.855357143
20,0.953571429
20,0.846428571
20,0.623214286
20,0.975
20,0.589285714
20,0.667857143
20,0.994642857
20,0.782142857
20,0.692857143
20,0.919642857
20,0.910714286
20,0.875
20,0.919642857
20,0.946428571
20,0.8
21,0.878571429
21,0.885714286
21,0.8875
21,0.848214286
21,0.894642857
21,0.967857143
21,0.796428571
21,0.935714286
21,0.869642857
21,0.910204082
21,0.805357143
21,0
21,0.95
21,0.839285714
21,0.783928571
21,0.9
21,0.5125
21,0.926785714
21,0.5625
21,0.917857143
21,0.95
21,0.503571429
21,0.746428571
21,0.778571429
21,0.889285714
21,0.875
21,0.864285714
21,0.882142857
21,0.957142857
21,0.778571429
21,0.804081633
21,0.946428571
21,0.955357143
21,0.828571429
21,0.825
21,0.760714286
21,0.8875
21,0.875
21,0.910714286
21,0.853571429
21,0.939285714
21,0.926785714
21,0.7125
21,0.816071429
21,0.871428571
21,0.903571429
21,0.864285714
21,0.841071429
21,0.873214286
21,0.823214286
21,0.664285714
21,0.575
21,0.851785714
21,0.823214286
21,0.751785714
21,0.910714286
21,0.775
21,0.819642857
21,0.878571429
21,0.853571429
21,0.8125
21,0.901785714
21,0.353571429
21,0.867857143
21,0.876785714
21,0.935714286
21,0.957142857
21,0.957142857
21,0.955357143
21,0.916071429
21,0.876785714
21,0.882142857
21,0.882142857
21,0.794642857
21,0.980357143
21,0.751785714
21,0.808928571
21,0.923214286
21,0.992857143
21,0.894642857
21,0.983928571
21,0.798214286
21,0.930357143
21,0.933928571
21,0.794642857
21,0.964285714
21,0.935714286
21,0.908928571
21,0.835714286
21,0.860714286
21,0.958928571
21,0.8
21,0.942857143
21,0.8375
21,0.908928571
21,0.7375
21,0.996428571
21,0.953571429
21,0.855357143
21,0.953571429
21,0.830357143
21,0.825
21,0.851785714
21,0.873214286
21,0.789285714
21,1
21,0
21,0.964285714
21,0.996428571
21,0.846428571
21,0.867857143
21,0.873214286
21,0.848214286
21,0.851785714
21,0.814285714
21,0.8875
21,0.880357143
21,0.975
21,0.919642857
21,0.816071429
21,0.7875
21,0.603571429
21,0.928571429
21,0.969642857
21,0.769642857
21,0.603571429
21,0.521428571
21,0.948214286
21,0.9625
21,0.846428571
21,0.833928571
21,0.896428571
21,0.948214286
21,0.816071429
21,0.878571429
21,0.882142857
21,0.798214286
21,0.792857143
21,0.933928571
21,0.901785714
21,0.846428571
21,0.896428571
21,0.757142857
21,0
21,0.9125
21,0.925
21,0.858928571
21,0.803571429
21,0.816071429
21,0.942857143
21,0.682142857
21,0.778571429
21,0.701785714
21,0.8625
21,0.8625
21,0.905357143
21,0.708928571
21,0.896428571
21,0.892857143
21,0.935714286
21,0.916071429
21,0.9625
21,0.95
21,0.982142857
21,0.839285714
21,0.6875
21,0.871428571
21,0.932142857
21,0.819642857
21,0.739285714
21,0.658928571
21,0.841071429
21,0.944642857
21,0.880357143
21,0.814285714
21,0.9625
21,0.967857143
21,0.903571429
21,0.810714286
21,0.733928571
21,0.616071429
21,0.869642857
21,0.907142857
21,0.983928571
21,0.923214286
21,0.871428571
21,0.739285714
21,0.882142857
21,0.957142857
21,0.810714286
21,0.982142857
21,0.926785714
21,0.935714286
21,0.8125
21,0.558928571
21,0.9875
21,0.530357143
21,0.642857143
21,0.969642857
21,0.808928571
21,0.683928571
21,0.796428571
21,0.841071429
21,0.951785714
21,0.8625
21,1
21,0.832142857
22,0.903174603
22,0.915873016
22,0.919047619
22,0.855555556
22,0.957142857
22,0.966666667
22,0.946031746
22,0.911111111
22,0.752380952
22,0.861904762
22,0.80952381
22,0
22,0.926984127
22,0.804761905
22,0.863492063
22,0.958730159
22,0.528571429
22,0.885714286
22,0.644444444
22,0.947619048
22,0.982539683
22,0.641269841
22,0.828571429
22,0.80952381
22,0.947619048
22,0.733333333
22,0.880952381
22,0.844444444
22,0.996825397
22,0.765079365
22,0
22,0.898412698
22,0.958730159
22,0.953968254
22,0.915873016
22,0.696825397
22,0.896825397
22,0.9
22,0.958730159
22,0.93015873
22,0.915873016
22,0.920634921
22,0.96031746
22,0.90952381
22,0.815873016
22,0.874603175
22,0.896825397
22,0.66984127
22,0.883673469
22,0.828571429
22,0.69047619
22,0.606349206
22,0.820634921
22,0.749206349
22,0.844444444
22,0.836507937
22,0.941071429
22,0.876190476
22,0.73968254
22,0.66984127
22,0.844444444
22,0.804761905
22,0.638095238
22,0.936507937
22,0.966666667
22,0.968253968
22,1
22,0.941269841
22,0.980952381
22,0.917460317
22,0.926984127
22,0.942857143
22,0.911111111
22,0.850793651
22,0.974603175
22,0.753968254
22,0.780952381
22,0.773015873
22,0.934920635
22,0.949206349
22,0.855555556
22,0.842857143
22,0.866666667
22,0.934920635
22,0.787301587
22,0.903174603
22,0.89047619
22,0.823809524
22,0.80952381
22,0.868253968
22,0.904761905
22,0.766666667
22,0.907936508
22,0.871428571
22,0.938095238
22,0.680952381
22,0.993650794
22,0.93015873
22,0.903174603
22,0.914285714
22,0.798412698
22,0.873015873
22,0.836507937
22,0.934920635
22,0.866666667
22,0.992063492
22,0
22,0.950793651
22,0.982539683
22,0.723809524
22,0.86984127
22,0.950793651
22,0.761904762
22,0.901587302
22,0.798412698
22,0.880952381
22,0.750793651
22,0.974603175
22,0.842857143
22,0.782539683
22,0.733333333
22,0.620634921
22,0.915873016
22,0.961904762
22,0.804761905
22,0.50952381
22,0.771428571
22,0.976190476
22,0.958730159
22,0.857142857
22,0.903174603
22,0.823809524
22,0.963492063
22,0.863492063
22,0.914285714
22,0.904761905
22,0.928571429
22,0.853968254
22,0.96984127
22,0.698412698
22,0.893650794
22,0.879365079
22,0.836507937
22,0.795238095
22,0.834920635
22,0.942857143
22,0.882539683
22,0.795238095
22,0.90952381
22,0.910204082
22,0.855555556
22,0.842857143
22,0.833333333
22,0.876190476
22,0.89047619
22,0.931746032
22,0.684126984
22,0.93968254
22,0.787301587
22,0.955555556
22,0.985714286
22,0.965079365
22,0.944444444
22,0.992063492
22,0.911111111
22,0.757142857
22,0.871428571
22,0.898412698
22,0.926984127
22,0.947619048
22,0.666666667
22,0.852380952
22,0.776190476
22,0.888888889
22,0.755555556
22,0.966666667
22,0.993650794
22,0.885714286
22,0.798412698
22,0.579365079
22,0.503174603
22,0.823809524
22,0.840816327
22,0.857142857
22,0.938095238
22,0.788888889
22,0.819047619
22,0.926984127
22,0.96031746
22,0.814285714
22,0.957142857
22,0.979365079
22,0.868253968
22,0.898412698
22,0.706349206
22,0.934920635
22,0.565079365
22,0.626984127
22,0.965079365
22,0.831746032
22,0.769642857
22,0.868253968
22,0.788888889
22,0.879365079
22,0.888888889
22,0.961904762
22,0.9
23,0.928571429
23,0.9
23,0.985714286
23,0.841071429
23,0.969642857
23,0.939285714
23,0.966071429
23,0.8875
23,0.726785714
23,0.828571429
23,0.710714286
23,0
23,0.935714286
23,0.773214286
23,0.732142857
23,0.964285714
23,0.526785714
23,0.916071429
23,0.694642857
23,0.921428571
23,0.891071429
23,0.721428571
23,0.660714286
23,0.817857143
23,0.9375
23,0.785714286
23,0.742857143
23,0.826785714
23,0.9375
23,0.644642857
23,0
23,0.960714286
23,0.926785714
23,0.960714286
23,0.960714286
23,0.7125
23,0.871428571
23,0.975
23,0.8875
23,0.857142857
23,0.916071429
23,0.930357143
23,0.908928571
23,0.855357143
23,0.830357143
23,0.885714286
23,0.867857143
23,0.726785714
23,0.832142857
23,0.842857143
23,0.846428571
23,0.746428571
23,0.876785714
23,0.742857143
23,0.878571429
23,0.857142857
23,0.875
23,0.8625
23,0.696428571
23,0.741071429
23,0.780357143
23,0.844642857
23,0.428571429
23,0.925
23,0.905357143
23,0.9875
23,1
23,0.860714286
23,0.894642857
23,0.917857143
23,0.848214286
23,0.885714286
23,0.867857143
23,0.810714286
23,0.957142857
23,0.726785714
23,0.721428571
23,0.828571429
23,0.985714286
23,0.992857143
23,0.885714286
23,0.839285714
23,0.869642857
23,0.817857143
23,0.771428571
23,0.908928571
23,0.932142857
23,0.871428571
23,0.846428571
23,0.926785714
23,0.8875
23,0.8125
23,0.951785714
23,0.957142857
23,0.948214286
23,0.733928571
23,0.982142857
23,0.969642857
23,0.821428571
23,0.982142857
23,0.692857143
23,0.816071429
23,0.817857143
23,0.855357143
23,0.9125
23,0.991071429
23,0
23,0.942857143
23,1
23,0.878571429
23,0.823214286
23,0.964285714
23,0.816071429
23,0.855357143
23,0.733928571
23,0.907142857
23,0.776785714
23,0.948214286
23,0.869642857
23,0.857142857
23,0.735714286
23,0.707142857
23,0.808928571
23,0.969642857
23,0.833928571
23,0.669642857
23,0.496428571
23,0.975
23,0.958928571
23,0.821428571
23,0.828571429
23,0.907142857
23,0.919642857
23,0.816326531
23,0.905357143
23,0.953571429
23,0.933928571
23,0.867857143
23,0.942857143
23,0.823214286
23,0.832142857
23,0.878571429
23,0.9
23,0.725
23,0.844642857
23,0.914285714
23,0.917857143
23,0.826785714
23,0.792857143
23,0.9625
23,0.889285714
23,0.582142857
23,0.678571429
23,0.939285714
23,0.871428571
23,0.876785714
23,0.703571429
23,0.8875
23,0.887755102
23,0.916071429
23,0.9375
23,0.942857143
23,0.941071429
23,0.989285714
23,0.864285714
23,0.6
23,0.871428571
23,0.967857143
23,0.864285714
23,0.8625
23,0.780357143
23,0.95
23,0.835714286
23,0.951785714
23,0.705357143
23,0.95
23,0.916071429
23,0.894642857
23,0.842857143
23,0.7625
23,0.796428571
23,0.878571429
23,0.958928571
23,0.958928571
23,0.932142857
23,0.835714286
23,0.885714286
23,0.923214286
23,0.921428571
23,0.828571429
23,0.907142857
23,0.983928571
23,0.891071429
23,0.878571429
23,0.569642857
23,0.944642857
23,0.542857143
23,0.632142857
23,0.942857143
23,0.755357143
23,0.848214286
23,0.771428571
23,0.842857143
23,0.944642857
23,0.885714286
23,0.916071429
23,0.867857143
24,0.765079365
24,0.93968254
24,0.919047619
24,0.863492063
24,0.952380952
24,0.958730159
24,0.938095238
24,0.931746032
24,0.744444444
24,0.828571429
24,0.871428571
24,0
24,0.903174603
24,0.706349206
24,0.761904762
24,0.963492063
24,0.53968254
24,0.922222222
24,0.758730159
24,0.925396825
24,0.938095238
24,0.798412698
24,0.679365079
24,0.849206349
24,0.912698413
24,0.93968254
24,0.849206349
24,0.842857143
24,0.977777778
24,0.746031746
24,0
24,0.917460317
24,0.953968254
24,0.947619048
24,0.885714286
24,0.831746032
24,0.83968254
24,0.86031746
24,0.922222222
24,0.868253968
24,0.801587302
24,0.953968254
24,0.857142857
24,0.906349206
24,0.926984127
24,0.820634921
24,0.865079365
24,0.826984127
24,0.852380952
24,0.811111111
24,0.753968254
24,0.561904762
24,0.911111111
24,0.79047619
24,0.807936508
24,0.919047619
24,0.826984127
24,0.877777778
24,0.733333333
24,0.773015873
24,0.8
24,0.685714286
24,0.484126984
24,0.946031746
24,0.933333333
24,0.976190476
24,0.878571429
24,0.907936508
24,0.9
24,0.884126984
24,0.822222222
24,0.674603175
24,0.753968254
24,0.8
24,0.955555556
24,0.70952381
24,0.903174603
24,0.773015873
24,0.923809524
24,0.941269841
24,0.961904762
24,0.828571429
24,0.904761905
24,0.847619048
24,0.741269841
24,0.934920635
24,0.896825397
24,0.755555556
24,0.801587302
24,0.895238095
24,0.823809524
24,0.746031746
24,0.995238095
24,0.923809524
24,0.90952381
24,0.7
24,0.976190476
24,0.955555556
24,0.806349206
24,0.952380952
24,0.774603175
24,0.9
24,0.8
24,0.807936508
24,0.895238095
24,0.850793651
24,0
24,0.884126984
24,0.996825397
24,0.776190476
24,0.815873016
24,0.836507937
24,0.788888889
24,0.811111111
24,0.688888889
24,0.782539683
24,0.725396825
24,0.958730159
24,0.882539683
24,0.926984127
24,0.8
24,0.70952381
24,0.777777778
24,0.938095238
24,0.69047619
24,0.723809524
24,0.738095238
24,0.933333333
24,0.944444444
24,0.850793651
24,0.863492063
24,0.806349206
24,0.980952381
24,0.892857143
24,0.925396825
24,0.887301587
24,0.938095238
24,0.796825397
24,0.965079365
24,0.779365079
24,0.684126984
24,0.895238095
24,0.866666667
24,0.723809524
24,0.882539683
24,0.931746032
24,0.846031746
24,0.849206349
24,0.917460317
24,0.923809524
24,0.747619048
24,0.753968254
24,0.795238095
24,0.885714286
24,0.855555556
24,0.903174603
24,0.693650794
24,0.822222222
24,0.893650794
24,0.874603175
24,0.933333333
24,0.971428571
24,0.996825397
24,0.982539683
24,0.858730159
24,0.73968254
24,0.871428571
24,0.923809524
24,0.957142857
24,0.934920635
24,0.695238095
24,0.833333333
24,0.80952381
24,0.876190476
24,0.811111111
24,0.931746032
24,0.944444444
24,0.915873016
24,0.868253968
24,0.831746032
24,0.841269841
24,0.880952381
24,0.904761905
24,0.979365079
24,0.950793651
24,0.812698413
24,0.849206349
24,0.874603175
24,0.961904762
24,0.782539683
24,0.931746032
24,0.950793651
24,0.950793651
24,0.823809524
24,0.820634921
24,0.996428571
24,0.523809524
24,0.696825397
24,0.963492063
24,0.633333333
24,0.873015873
24,0.931746032
24,0.80952381
24,0.931746032
24,0.928571429
24,0.898412698
24,0.887301587
25,0.8875
25,0.967857143
25,0.901785714
25,0.855357143
25,0.930357143
25,0.942857143
25,0.953571429
25,0.973214286
25,0.878571429
25,0.801785714
25,0.851785714
25,0.951785714
25,0.953571429
25,0.830357143
25,0.773214286
25,0.955357143
25,0.498214286
25,0.919642857
25,0.751785714
25,0.933928571
25,0.848214286
25,0.635714286
25,0.644642857
25,0.748214286
25,0.901785714
25,0.9125
25,0.907142857
25,0.9
25,0.860714286
25,0.723214286
25,0.535714286
25,0.930357143
25,0.857142857
25,0.953571429
25,0.869642857
25,0.8625
25,0.873214286
25,0.769642857
25,0.883928571
25,0.876785714
25,0.898214286
25,0.871428571
25,0.883928571
25,0.758928571
25,0.866071429
25,0.932142857
25,0.928571429
25,0.85
25,0.823214286
25,0.832142857
25,0.682142857
25,0.778571429
25,0.889285714
25,0.7375
25,0.825
25,0.851785714
25,0.960714286
25,0.910714286
25,0.825
25,0.855357143
25,0.8
25,0.610714286
25,0.576785714
25,0.819642857
25,0.925
25,0.9625
25,1
25,0.994642857
25,0.8625
25,0.828571429
25,0.876785714
25,0.833928571
25,0.767857143
25,0.925
25,0.983928571
25,0.678571429
25,0.625
25,0.792857143
25,0.851785714
25,0.871428571
25,0.946428571
25,0.8
25,0.828571429
25,0.9125
25,0.764285714
25,0.816071429
25,0.903571429
25,0.896428571
25,0.789285714
25,0.860714286
25,0.951785714
25,0.7125
25,0.930357143
25,0.9375
25,0.933928571
25,0.805357143
25,0.992857143
25,0.971428571
25,0.689285714
25,0.976785714
25,0.832142857
25,0.832142857
25,0.794642857
25,0.821428571
25,0.853571429
25,1
25,0
25,0.955357143
25,1
25,0.744642857
25,0.848214286
25,0.848214286
25,0.804761905
25,0.833928571
25,0.858928571
25,0.860714286
25,0.885714286
25,0.867857143
25,0.869642857
25,0.9625
25,0.808928571
25,0.810714286
25,0.878571429
25,0.991071429
25,0.803571429
25,0.725
25,0.844642857
25,0.835714286
25,0.944642857
25,0.848214286
25,0.846428571
25,0.746428571
25,0.794642857
25,0.871428571
25,0.953571429
25,0.894642857
25,0.916071429
25,0.757142857
25,0.939285714
25,0.783928571
25,0.841071429
25,0.942857143
25,0.783928571
25,0.873214286
25,0.880357143
25,0.883928571
25,0.8125
25,0.848214286
25,0.857142857
25,0.969642857
25,0.857142857
25,0.7625
25,0.835714286
25,0.883928571
25,0.916071429
25,0.8
25,0.742857143
25,0.917857143
25,0.77755102
25,0.8875
25,0.908928571
25,0.946428571
25,0.858928571
25,0.992857143
25,0.844642857
25,0.717857143
25,0.871428571
25,0.944642857
25,0.910714286
25,0.896428571
25,0.673214286
25,0.853571429
25,0.764285714
25,0.825
25,0.823214286
25,0.980357143
25,0.933928571
25,0.935714286
25,0.907142857
25,0.805357143
25,0.757142857
25,0.833928571
25,0.8875
25,0.989285714
25,0.958928571
25,0.907142857
25,0.766071429
25,0.907142857
25,0.953571429
25,0.864285714
25,0.9625
25,0.926785714
25,0.939285714
25,0.894642857
25,0.671428571
25,0.969387755
25,0.555357143
25,0.525
25,0.876785714
25,0.832142857
25,0.835714286
25,0.869642857
25,0.871428571
25,0.994642857
25,0.876785714
25,0.980357143
25,0.705357143
26,0.879365079
26,0.931746032
26,0.944444444
26,0.83968254
26,0.926984127
26,0.93968254
26,0.864285714
26,0.923809524
26,0.865079365
26,0.868253968
26,0.83968254
26,0.912698413
26,0.901587302
26,0.912698413
26,0.925396825
26,0.901587302
26,0.544444444
26,0.885714286
26,0.549206349
26,0.912698413
26,0.923809524
26,0.577777778
26,0.747619048
26,0.831746032
26,0.926984127
26,0.863265306
26,0.873015873
26,0.885714286
26,0.936507937
26,0.731746032
26,0.90952381
26,0.965079365
26,0.926984127
26,0.904761905
26,0.912698413
26,0.752380952
26,0.896825397
26,0.957142857
26,0.930612245
26,0.893650794
26,0.9875
26,0.923214286
26,0.938095238
26,0.895238095
26,0.765079365
26,0.904761905
26,0.923809524
26,0.874603175
26,0.865079365
26,0.865306122
26,0.563492063
26,0.496825397
26,0.915873016
26,0.742857143
26,0.880952381
26,0.920634921
26,0.704761905
26,0.866666667
26,0.877777778
26,0.850793651
26,0.801587302
26,0.914285714
26,0.523809524
26,0.914285714
26,0.982539683
26,0.96031746
26,0.979365079
26,0.914285714
26,0.953968254
26,0.966666667
26,0.931746032
26,0.923809524
26,0.884126984
26,0.812698413
26,0.950793651
26,0.814285714
26,0.820634921
26,0.895238095
26,0.953968254
26,0.923809524
26,0.858730159
26,0.814285714
26,0.919047619
26,0.9
26,0.811111111
26,0.968253968
26,0.861904762
26,0.884126984
26,0.931746032
26,0.885714286
26,0.966071429
26,0.844444444
26,0.976190476
26,0.892063492
26,0.923809524
26,0.736734694
26,0.980952381
26,0.941269841
26,0.826984127
26,0.955357143
26,0.849206349
26,0.887755102
26,0.865079365
26,0.910714286
26,0.914285714
26,0.992063492
26,0
26,0.931746032
26,0.995238095
26,0.767346939
26,0.892063492
26,0.971428571
26,0.795238095
26,0.922222222
26,0.896825397
26,0.907936508
26,0.887301587
26,0.957142857
26,0.812698413
26,0.923809524
26,0.842857143
26,0.649206349
26,0.887301587
26,0.987301587
26,0.792063492
26,0.841269841
26,0.752380952
26,0.934920635
26,0.923809524
26,0.836734694
26,0.93968254
26,0.866666667
26,0.966666667
26,0.915873016
26,0.926530612
26,0.963492063
26,0.857142857
26,0.941269841
26,0.96031746
26,0.87755102
26,0.807936508
26,0.847619048
26,0.871428571
26,0.819047619
26,0.832142857
26,0.949206349
26,0.883928571
26,0.885714286
26,0.896428571
26,0.971428571
26,0.803571429
26,0.874603175
26,0.766666667
26,0.847619048
26,0.858730159
26,0.914285714
26,0.744444444
26,0.922222222
26,0.763492063
26,0.966666667
26,0.958730159
26,0.931746032
26,0.93015873
26,0.996825397
26,0.952380952
26,0.768253968
26,0.871428571
26,0.936507937
26,0.920634921
26,0.855555556
26,0.706122449
26,0.912698413
26,0.719642857
26,0.923809524
26,0.819047619
26,0.960714286
26,0.96031746
26,0.914285714
26,0.803174603
26,0.650793651
26,0.75
26,0.760714286
26,0.907936508
26,0.992063492
26,0.96984127
26,0.925396825
26,0.906349206
26,0.903174603
26,0.903174603
26,0.779365079
26,0.955555556
26,0.958730159
26,0.914285714
26,0.771428571
26,0.646031746
26,0.965079365
26,0.542857143
26,0.550793651
26,0.914285714
26,0.842857143
26,0.76031746
26,0.76984127
26,0.833333333
26,0.871428571
26,0.96031746
26,0.985714286
26,0.863492063
27,0.855357143
27,0.916071429
27,0.960714286
27,0.905357143
27,0.975
27,0.955357143
27,0.921428571
27,0.896428571
27,0.810714286
27,0.891836735
27,0.826785714
27,0.932142857
27,0.9625
27,0.892857143
27,0.766071429
27,0.983928571
27,0.591071429
27,0.941071429
27,0.603571429
27,0.914285714
27,0.907142857
27,0.660714286
27,0.742857143
27,0.833928571
27,0.9875
27,0.925
27,0.767857143
27,0.823214286
27,0.964285714
27,0.757142857
27,0.876785714
27,0.925
27,0.985714286
27,0.975
27,0.908928571
27,0.798214286
27,0.930357143
27,0.833928571
27,0.895238095
27,0.866071429
27,0.964285714
27,0.920408163
27,0.880357143
27,0.892857143
27,0.846428571
27,0.95
27,0.855357143
27,0.8875
27,0.817857143
27,0.810714286
27,0.764285714
27,0.7125
27,0.941071429
27,0.7625
27,0.791071429
27,0.914285714
27,0.832142857
27,0.844642857
27,0.814285714
27,0.821428571
27,0.853571429
27,0.930357143
27,0.585714286
27,0.930357143
27,0.921428571
27,0.967857143
27,0.971428571
27,0.973214286
27,0.928571429
27,0.933928571
27,0.880357143
27,0.898214286
27,0.919642857
27,0.867857143
27,0.948214286
27,0.767857143
27,0.757142857
27,0.8625
27,0.982142857
27,0.946428571
27,1
27,0.916071429
27,0.875
27,0.95
27,0.842857143
27,0.930357143
27,0.942857143
27,0.882142857
27,0.855357143
27,0.9
27,0.903571429
27,0.821428571
27,0.958928571
27,0.905357143
27,0.921428571
27,0.792857143
27,0.9875
27,0.928571429
27,0.842857143
27,0.964285714
27,0.8
27,0.864285714
27,0.830357143
27,0.953571429
27,0.896428571
27,1
27,0
27,0.9375
27,0.944642857
27,0.771428571
27,0.823214286
27,0.930357143
27,0.776785714
27,0.883928571
27,0.878571429
27,0.883928571
27,0.885714286
27,0.916071429
27,0.892857143
27,0.932142857
27,0.860714286
27,0.719642857
27,0.926785714
27,0.967857143
27,0.896428571
27,0.710714286
27,0.764285714
27,0.966071429
27,0.948214286
27,0.807142857
27,0.755357143
27,0.958928571
27,0.901785714
27,0.825
27,0.933928571
27,0.9875
27,0.939285714
27,0.891071429
27,0.969642857
27,0.917857143
27,0.792857143
27,0.960714286
27,0.851785714
27,0.794642857
27,0.825
27,0.907142857
27,0.97755102
27,0.851785714
27,0.816071429
27,0.985714286
27,0.75
27,0.735714286
27,0.8875
27,0.9375
27,0.907142857
27,0.892857143
27,0.683928571
27,0.932142857
27,0.810204082
27,0.967857143
27,0.964285714
27,0.944642857
27,0.983928571
27,0.976785714
27,0.878571429
27,0.7625
27,0.871428571
27,0.923214286
27,0.971428571
27,0.969642857
27,0.876785714
27,0.980357143
27,0.917857143
27,0.982142857
27,0.728571429
27,0.921428571
27,0.946428571
27,0.871428571
27,0.766071429
27,0.696428571
27,0.896428571
27,0.855357143
27,0.948214286
27,1
27,0.958928571
27,0.766071429
27,0.817857143
27,0.933928571
27,0.933928571
27,0.808928571
27,0.9375
27,0.976785714
27,0.944642857
27,0.932142857
27,0.719642857
27,0.989795918
27,0.548214286
27,0.589285714
27,0.966071429
27,0.880357143
27,0.794642857
27,0.826785714
27,0.951785714
27,0.966071429
27,0.960714286
27,0.939285714
27,0.898214286
28,0.971428571
28,0.941269841
28,0.914285714
28,0.804761905
28,0.957142857
28,0.912698413
28,0.96031746
28,0.934920635
28,0.768253968
28,0.836507937
28,0.823809524
28,0.93968254
28,0.946031746
28,0.893650794
28,0.823809524
28,0.965079365
28,0.547619048
28,0.887301587
28,0.757142857
28,0.931746032
28,0.934920635
28,0.576190476
28,0.747619048
28,0.861904762
28,0.946031746
28,0.826984127
28,0.949206349
28,0.879365079
28,0.880952381
28,0.822222222
28,1
28,0.931746032
28,0.949206349
28,0.950793651
28,0.895238095
28,0.774603175
28,0.952380952
28,0.936507937
28,0.880357143
28,0.833333333
28,0.847619048
28,0.946031746
28,0.877777778
28,0.898412698
28,0.955555556
28,0.96984127
28,0.907936508
28,0.828571429
28,0.846031746
28,0.838095238
28,0.634920635
28,0.563492063
28,0.933333333
28,0.782539683
28,0.901587302
28,0.834920635
28,0.73968254
28,0.844444444
28,0.83968254
28,0.817460317
28,0.801587302
28,0.807936508
28,0.563492063
28,0.911111111
28,0.873015873
28,0.93968254
28,0.901587302
28,0.992063492
28,0.942857143
28,0.919047619
28,0.834920635
28,0.898412698
28,0.868253968
28,0.925396825
28,0.968253968
28,0.725396825
28,0.773015873
28,0.884126984
28,0.957142857
28,0.933333333
28,0.868253968
28,0.874603175
28,0.893650794
28,0.892063492
28,0.792063492
28,0.928571429
28,0.865079365
28,0.89047619
28,0.863492063
28,0.923809524
28,0.880952381
28,0.722222222
28,0.933333333
28,0.958730159
28,0.955555556
28,0.766666667
28,0.976190476
28,0.96031746
28,0.901587302
28,0.874603175
28,0.796825397
28,0.865079365
28,0.868253968
28,0.888888889
28,0.944444444
28,1
28,0
28,0.982539683
28,0.919047619
28,0.722222222
28,0.938095238
28,0.971428571
28,0.803174603
28,0.858730159
28,0.893650794
28,0.934920635
28,0.838095238
28,0.950793651
28,0.961904762
28,0.933333333
28,0.796825397
28,0.56984127
28,0.844444444
28,0.965079365
28,0.888888889
28,0.750793651
28,0.557142857
28,0.971428571
28,0.955555556
28,0.842857143
28,0.917460317
28,0.857142857
28,0.90952381
28,0.865079365
28,0.923809524
28,0.887301587
28,0.904761905
28,0.853968254
28,0.953968254
28,0.806349206
28,0.826984127
28,0.887301587
28,0.936507937
28,0.847619048
28,0.833333333
28,0.987301587
28,0.853968254
28,0.855555556
28,0.903174603
28,0.926984127
28,0.803174603
28,0.768253968
28,0.812698413
28,0.882539683
28,0.895238095
28,0.934920635
28,0.682539683
28,0.949206349
28,0.834920635
28,0.973015873
28,0.966666667
28,0.942857143
28,0.928571429
28,0.976190476
28,0.904761905
28,0.906349206
28,0.871428571
28,0.922222222
28,0.93968254
28,0.904761905
28,0.849206349
28,0.966666667
28,0.826984127
28,0.976190476
28,0.892063492
28,0.966666667
28,0.944444444
28,0.880952381
28,0.849206349
28,0.738095238
28,0.882539683
28,0.93015873
28,0.917460317
28,0.950793651
28,0.938095238
28,0.855555556
28,0.779365079
28,0.93968254
28,0.901587302
28,0.853968254
28,0.914285714
28,0.968253968
28,0.912698413
28,0.868253968
28,0.685714286
28,0.932653061
28,0.544444444
28,0.698412698
28,0.979365079
28,0.755555556
28,0.641269841
28,0.844444444
28,0.874603175
28,0.946031746
28,0.941269841
28,0.963492063
28,0.868253968
29,0.933928571
29,0.9125
29,0.921428571
29,0.830357143
29,0.95
29,0.908928571
29,0.916071429
29,0.941071429
29,0.6625
29,0.796428571
29,0.878571429
29,0.897959184
29,0.919642857
29,0.930357143
29,0.791071429
29,0.975
29,0.533928571
29,0.851785714
29,0.519642857
29,0.757142857
29,0.921428571
29,0.819642857
29,0.751785714
29,0.739285714
29,0.967857143
29,0.948214286
29,0.853571429
29,0.896428571
29,0.948214286
29,0.903571429
29,0.921428571
29,0.894642857
29,0.858928571
29,0.973214286
29,0.919642857
29,0.608928571
29,0.908928571
29,0.982142857
29,0.952380952
29,0.744642857
29,0.869642857
29,0.953571429
29,1
29,0.875
29,0.869642857
29,0.941071429
29,0.93877551
29,0.921428571
29,0.85
29,0.744642857
29,0.773214286
29,0.791071429
29,0.969642857
29,0.683928571
29,0.935714286
29,0.787755102
29,0.766071429
29,0.857142857
29,0.848214286
29,0.739285714
29,0.8375
29,0.775
29,0.473214286
29,0.917857143
29,0.955357143
29,0.975
29,0.944897959
29,0.969642857
29,0.907142857
29,0.910714286
29,0.814285714
29,0.958928571
29,0.782142857
29,0.916071429
29,0.960714286
29,0.735714286
29,0.791071429
29,0.778571429
29,0.882142857
29,0.9125
29,0.833928571
29,0.85
29,0.848214286
29,0.785714286
29,0.7375
29,0.907142857
29,0.923214286
29,0.816071429
29,0.741071429
29,0.948214286
29,0.857142857
29,0.733928571
29,0.971428571
29,0.942857143
29,0.917857143
29,0.826785714
29,0.976785714
29,0.882142857
29,0.808928571
29,0.908928571
29,0.857142857
29,0.833928571
29,0.8125
29,0.825
29,0.876785714
29,0.86
29,0
29,0.925
29,0.921428571
29,0.719642857
29,0.801785714
29,0.994642857
29,0.789285714
29,0.933928571
29,0.964285714
29,0.9125
29,0.871428571
29,0.966071429
29,0.819642857
29,0.932142857
29,0.794642857
29,0.8125
29,0.917857143
29,0.991071429
29,0.830357143
29,0.783928571
29,0.701785714
29,0.901785714
29,0.975
29,0.914285714
29,0.830357143
29,0.72244898
29,0.867857143
29,0.814285714
29,0.882142857
29,0.860714286
29,0.9375
29,0.878571429
29,0.982142857
29,0.951785714
29,0.928571429
29,0.919642857
29,0.894642857
29,0.814285714
29,0.833928571
29,0.953571429
29,0.825
29,0.778571429
29,0.9
29,0.981632653
29,0.892857143
29,0.703571429
29,0.732142857
29,0.941071429
29,0.857142857
29,0.783928571
29,0.816071429
29,0.851785714
29,0.819642857
29,0.964285714
29,0.923214286
29,0.8625
29,0.885714286
29,0.980357143
29,0.883928571
29,0.65
29,0.871428571
29,0.955357143
29,0.957142857
29,0.889285714
29,0.764285714
29,0.991071429
29,0.892857143
29,0.964285714
29,0.789285714
29,0.960714286
29,0.791071429
29,0.875
29,0.689285714
29,0.807142857
29,0.825
29,0.878571429
29,0.9125
29,1
29,0.976785714
29,0.717857143
29,0.919642857
29,0.919642857
29,0.885714286
29,0.808928571
29,0.973214286
29,0.905357143
29,0.875
29,0.810714286
29,0.733928571
29,0.903571429
29,0.516071429
29,0.585714286
29,0.894642857
29,0.896428571
29,0.8375
29,0.776785714
29,0.925
29,0.8625
29,0.883928571
29,0.980357143
29,0.810714286
30,0.914285714
30,0.932142857
30,0.867857143
30,0.726785714
30,0.905357143
30,0.891836735
30,0.958928571
30,0.964285714
30,0.696428571
30,0.855357143
30,0.798214286
30,0.996428571
30,0.901785714
30,0.9125
30,0.905357143
30,0.940816327
30,0.523214286
30,0.889285714
30,0.758928571
30,0.892857143
30,0.8125
30,0.903571429
30,0.666071429
30,0.853571429
30,0.946428571
30,0.846428571
30,0.739285714
30,0.894642857
30,0.823214286
30,0.801785714
30,0.921428571
30,0.978571429
30,0.958928571
30,0.882142857
30,0.883928571
30,0.769642857
30,0.832142857
30,0.8875
30,0.857142857
30,0.828571429
30,0.882142857
30,0.925
30,0.930357143
30,0.875
30,0.923214286
30,0.980357143
30,0.830357143
30,0.867857143
30,0.839285714
30,0.858928571
30,0.707142857
30,0.605357143
30,0.908928571
30,0.483928571
30,0.835714286
30,0.891071429
30,0.771428571
30,0.808928571
30,0.7625
30,0.817857143
30,0.782142857
30,0.830357143
30,0.453571429
30,0.8875
30,0.892857143
30,0.95
30,1
30,0.898214286
30,0.933928571
30,0.917857143
30,0.844642857
30,0.867857143
30,0.883928571
30,0.889285714
30,0.9125
30,0.742857143
30,0.75
30,0.878571429
30,0.925
30,0.957142857
30,0.873214286
30,0.8125
30,0.880357143
30,0.907142857
30,0.778571429
30,0.880357143
30,0.883928571
30,0.9
30,0.901785714
30,0.883928571
30,0.830357143
30,0.642857143
30,0.928571429
30,0.916326531
30,0.903571429
30,0.689285714
30,0.985714286
30,0.873214286
30,0.841071429
30,0.978571429
30,0.794642857
30,0.830357143
30,0.841071429
30,0.817857143
30,0.933928571
30,1
30,0
30,0.975
30,0.994642857
30,0.725
30,0.8125
30,0.992857143
30,0.821428571
30,0.821428571
30,0.894642857
30,0.832142857
30,0.846428571
30,0.875
30,0.842857143
30,0.857142857
30,0.871428571
30,0.721428571
30,0.880357143
30,0.996428571
30,0.830357143
30,0.6125
30,0.483928571
30,0.842857143
30,0.824489796
30,0.753571429
30,0.891071429
30,0.780357143
30,0.983928571
30,0.795918367
30,0.914285714
30,0.908928571
30,0.919642857
30,0.857142857
30,0.980357143
30,0.8375
30,0.853571429
30,0.871428571
30,0.867857143
30,0.821428571
30,0.839285714
30,0.939285714
30,0.916071429
30,0.801785714
30,0.941071429
30,0.989285714
30,0.744642857
30,0.773214286
30,0.751785714
30,0.891071429
30,0.836734694
30,0.826530612
30,0.7375
30,0.887755102
30,0.830357143
30,0.879591837
30,0.914285714
30,0.906122449
30,0.916326531
30,0.995918367
30,0.871428571
30,0.803571429
30,0.871428571
30,0.721428571
30,0.951785714
30,0.846428571
30,0.753571429
30,0.935714286
30,0.878571429
30,0.946428571
30,0.741071429
30,0.948214286
30,0.932142857
30,0.917857143
30,0.841071429
30,0.776785714
30,0.8625
30,0.823214286
30,0.905357143
30,0.994642857
30,0.960714286
30,0.823214286
30,0.798214286
30,0.902040816
30,0.893877551
30,0.655357143
30,0.860714286
30,0.891071429
30,0.826785714
30,0.839285714
30,0.682142857
30,0.958928571
30,0.494642857
30,0.558928571
30,0.9375
30,0.757142857
30,0.785714286
30,0.830357143
30,0.940816327
30,0.941071429
30,0.9125
30,0.930357143
30,0.794642857
31,0.903174603
31,0.895238095
31,0.852380952
31,0.852380952
31,0.934920635
31,0.923809524
31,0.894642857
31,0.933333333
31,0.687301587
31,0.887301587
31,0.879365079
31,1
31,0.933333333
31,0.950793651
31,0.815873016
31,0.915873016
31,0.511111111
31,0.819047619
31,0.577777778
31,0.846031746
31,0.844444444
31,0.547619048
31,0.7
31,0.847619048
31,0.966666667
31,0.904761905
31,0.811111111
31,0.923809524
31,0.949206349
31,0.768253968
31,0.833333333
31,0.923809524
31,0.857142857
31,0.942857143
31,0.83015873
31,0.598412698
31,0.844444444
31,0.965079365
31,0.926785714
31,0.822222222
31,0.884126984
31,0.911111111
31,0.919047619
31,0.852380952
31,0.83968254
31,0.865079365
31,0.861904762
31,0.826984127
31,0.807936508
31,0.792063492
31,0.463492063
31,0.580357143
31,0.914285714
31,0.742857143
31,0.814285714
31,0.898412698
31,0.665079365
31,0.858730159
31,0.836507937
31,0.784126984
31,0.763492063
31,0.868253968
31,0.349206349
31,0.852380952
31,0.976190476
31,0.947619048
31,0.823809524
31,0.987301587
31,0.903174603
31,0.822222222
31,0.823809524
31,0.752380952
31,0.750793651
31,0.86031746
31,0.968253968
31,0.653968254
31,0.720634921
31,0.787301587
31,0.858730159
31,0.904761905
31,0.780952381
31,0.784126984
31,0.888888889
31,0.868253968
31,0.685714286
31,0.938095238
31,0.865079365
31,0.857142857
31,0.858730159
31,0.850793651
31,0.974603175
31,0.73015873
31,0.976190476
31,0.912698413
31,0.853968254
31,0.755555556
31,0.992063492
31,0.841269841
31,0.80952381
31,0.915873016
31,0.746031746
31,0.804761905
31,0.784126984
31,0.853968254
31,0.846031746
31,0.912698413
31,0
31,0.938095238
31,0.933333333
31,0.717460317
31,0.841269841
31,0.903174603
31,0.692063492
31,0.76984127
31,0.926984127
31,0.907936508
31,0.928571429
31,0.928571429
31,0.93968254
31,0.952380952
31,0.784126984
31,0.692063492
31,0.871428571
31,0.936507937
31,0.882539683
31,0.692857143
31,0.620634921
31,0.952380952
31,0.950793651
31,0.765079365
31,0.868253968
31,0.825396825
31,0.841269841
31,0.826785714
31,0.865079365
31,0.912698413
31,0.944642857
31,0.8
31,0.953968254
31,0.893650794
31,0.868253968
31,0.903174603
31,0.928571429
31,0.86984127
31,0.842857143
31,0.932142857
31,0.766666667
31,0.798412698
31,0.80952381
31,0.957142857
31,0.858730159
31,0.746031746
31,0.776190476
31,0.844444444
31,0.796825397
31,0.898412698
31,0.7
31,0.868253968
31,0.744642857
31,0.957142857
31,0.917460317
31,0.882539683
31,0.879365079
31,1
31,0.774603175
31,0.717460317
31,0.871428571
31,0.919047619
31,0.953968254
31,0.984126984
31,0.755555556
31,0.917460317
31,0.573214286
31,0.949206349
31,0.801587302
31,0.928571429
31,0.888888889
31,0.892063492
31,0.798412698
31,0.76984127
31,0.769642857
31,0.828571429
31,0.907936508
31,0.911111111
31,0.938095238
31,0.853968254
31,0.701587302
31,0.93015873
31,0.885714286
31,0.571428571
31,0.917460317
31,0.911111111
31,0.912698413
31,0.782539683
31,0.676190476
31,0.875510204
31,0.534920635
31,0.531746032
31,0.884126984
31,0.80952381
31,0.80952381
31,0.853968254
31,0.852380952
31,0.911111111
31,0.917460317
31,0.882539683
31,0.885714286
32,0.833333333
32,0.906349206
32,0.942857143
32,0.833333333
32,0.903174603
32,0.906349206
32,0.946031746
32,0.93968254
32,0.777777778
32,0.884126984
32,0.787301587
32,0
32,0.9
32,0.833333333
32,0.812698413
32,0.904761905
32,0.584126984
32,0.919047619
32,0.76031746
32,0.871428571
32,0.903174603
32,0.880952381
32,0.666666667
32,0.788888889
32,0.952380952
32,0.880952381
32,0.817460317
32,0.877777778
32,0.957142857
32,0.826984127
32,0.953968254
32,0.942857143
32,0.86031746
32,0.931746032
32,0.868253968
32,0.79047619
32,0.842857143
32,0.841269841
32,0.957142857
32,0.836507937
32,0.904761905
32,0.952380952
32,0.96984127
32,0.955555556
32,0.798412698
32,0.880952381
32,0.888888889
32,0.69047619
32,0.834920635
32,0.796825397
32,0.855555556
32,0.626984127
32,0.811111111
32,0.788888889
32,0.796825397
32,0.925396825
32,0.667857143
32,0.812698413
32,0.804761905
32,0.782539683
32,0.828571429
32,0.855555556
32,0.287301587
32,0.841269841
32,0.919047619
32,0.9
32,0.987301587
32,0.847619048
32,0.901587302
32,0.836507937
32,0.893650794
32,0.734920635
32,0.785714286
32,0.753968254
32,0.865079365
32,0.73015873
32,0.761904762
32,0.9
32,0.934920635
32,0.926984127
32,0.893650794
32,0.796825397
32,0.955555556
32,0.788888889
32,0.879365079
32,0.882539683
32,0.812698413
32,0.879365079
32,0.844444444
32,0.83968254
32,0.9
32,0.787301587
32,0.90952381
32,0.925396825
32,0.911111111
32,0.765079365
32,0.987301587
32,0.922222222
32,0.776190476
32,0.933333333
32,0.806349206
32,0.823809524
32,0.83968254
32,0.871428571
32,0.833333333
32,1
32,0
32,0.968253968
32,0.911111111
32,0.766666667
32,0.892063492
32,0.971428571
32,0.785714286
32,0.846031746
32,0.858730159
32,0.833333333
32,0.882539683
32,0.974603175
32,0.850793651
32,0.842857143
32,0.793650794
32,0.812698413
32,0.89047619
32,0.988888889
32,0.849206349
32,0.714285714
32,0.647619048
32,0.949206349
32,0.898412698
32,0.771428571
32,0.877777778
32,0.73015873
32,0.907936508
32,0.781632653
32,0.866666667
32,0.968253968
32,0.947619048
32,0.811111111
32,0.995238095
32,0.842857143
32,0.874603175
32,0.761904762
32,0.803174603
32,0.823809524
32,0.842857143
32,0.923809524
32,0.815873016
32,0.763492063
32,0.858730159
32,0.952380952
32,0.795238095
32,0.779365079
32,0.825396825
32,0.934920635
32,0.919047619
32,0.868253968
32,0.736507937
32,0.907936508
32,0.815873016
32,0.90952381
32,0.885714286
32,0.952380952
32,0.925396825
32,0.985714286
32,0.855555556
32,0.715873016
32,0.871428571
32,0.976190476
32,0.944444444
32,0.993650794
32,0.785714286
32,0.926984127
32,0.715873016
32,0.934920635
32,0.780952381
32,0.907936508
32,0.861904762
32,0.904761905
32,0.826984127
32,0.712698413
32,0.763492063
32,0.766666667
32,0.888888889
32,0.912698413
32,0.907936508
32,0.795238095
32,0.798412698
32,0.887301587
32,0.896825397
32,0.768253968
32,0.793650794
32,0.907936508
32,0.903174603
32,0.725396825
32,0.646031746
32,0.944444444
32,0.623809524
32,0.553968254
32,0.957142857
32,0.887301587
32,0.920634921
32,0.788888889
32,0.941269841
32,0.968253968
32,0.885714286
32,0.834920635
32,0.834920635
33,0.810204082
33,0.932653061
33,0.891836735
33,0.840816327
33,0.934693878
33,0.93877551
33,0.875510204
33,0.983673469
33,0.883673469
33,0.910204082
33,0.846938776
33,0
33,0.910204082
33,0.744897959
33,0.9
33,0.948979592
33,0.493877551
33,0.891836735
33,0.624489796
33,0.912244898
33,0.906122449
33,0.67755102
33,0.736734694
33,0.779591837
33,0.902040816
33,0.926530612
33,0.83877551
33,0.934693878
33,0.981632653
33,0.73877551
33,0.851020408
33,0.971428571
33,0.969387755
33,0.944897959
33,0.859183673
33,0.63877551
33,0.753061224
33,0.887755102
33,0.954761905
33,0.883673469
33,0.848979592
33,0.885714286
33,0.928571429
33,0.930612245
33,0.83877551
33,0.991836735
33,0.928571429
33,0.881632653
33,0.859183673
33,0.887755102
33,0.714285714
33,0.689795918
33,0.936734694
33,0.846938776
33,0.787755102
33,0.967346939
33,0.840816327
33,0.848979592
33,0.726530612
33,0.924489796
33,0.865306122
33,0.806122449
33,0.42244898
33,0.889795918
33,0.975510204
33,0.993877551
33,0.96122449
33,0.844897959
33,0.897959184
33,0.840816327
33,0.73877551
33,0.781632653
33,0.893877551
33,0.895918367
33,0.948979592
33,0.753061224
33,0.771428571
33,0.842857143
33,0.957142857
33,0.930612245
33,0.855102041
33,0.783673469
33,0.859183673
33,0.902040816
33,0.732653061
33,0.93877551
33,0.863265306
33,0.846938776
33,0.859183673
33,0.930612245
33,0.942857143
33,0.824489796
33,0.989795918
33,0.914285714
33,0.955102041
33,0.810204082
33,0.987755102
33,0.926530612
33,0.728571429
33,0.96122449
33,0.763265306
33,0.824489796
33,0.681632653
33,0.832653061
33,0.86122449
33,0
33,0
33,0.995918367
33,0.993877551
33,0.742857143
33,0.893877551
33,0.957142857
33,0.612244898
33,0.863265306
33,0.675510204
33,0.804081633
33,0.804081633
33,0.93877551
33,0.840816327
33,0.965306122
33,0.793877551
33,0.565306122
33,0.897959184
33,0.965306122
33,0.887755102
33,0.751020408
33,0.753061224
33,0.953061224
33,0.959183673
33,0.83877551
33,0.916326531
33,0.732653061
33,0.959183673
33,0.842857143
33,0.895918367
33,0.979591837
33,0.979591837
33,0.781632653
33,0.989795918
33,0.879591837
33,0.832653061
33,0.897959184
33,0.812244898
33,0.714285714
33,0.875510204
33,0.875510204
33,0.883673469
33,0.810204082
33,0.895918367
33,0.995918367
33,0.79047619
33,0.812244898
33,0.695918367
33,0.928571429
33,0.840816327
33,0.855102041
33,0.663265306
33,0.840816327
33,0.766666667
33,0.910204082
33,0.906122449
33,0.908163265
33,0.93877551
33,0.989795918
33,0.814285714
33,0.740816327
33,0.963265306
33,0.985714286
33,0.985714286
33,0.906122449
33,0.810204082
33,0.908163265
33,0.844897959
33,0.916326531
33,0.704081633
33,0.985714286
33,0.846938776
33,0.942857143
33,0.842857143
33,0.718367347
33,0.732653061
33,0.812244898
33,0.855102041
33,1
33,0.963265306
33,0.875510204
33,0.865306122
33,0.897959184
33,0.912244898
33,0.642857143
33,0.932653061
33,0.916326531
33,0.940816327
33,0.928571429
33,0.704081633
33,0.916666667
33,0.573469388
33,0.57755102
33,0.855102041
33,0.716326531
33,0.795918367
33,0.955102041
33,0.86122449
33,0.963265306
33,0.716326531
33,0.93877551
33,0.814285714
34,0.882539683
34,0.958730159
34,0.931746032
34,0.842857143
34,0.896825397
34,0.895238095
34,0.877777778
34,0.974603175
34,0.703174603
34,0.912698413
34,0.838095238
34,0
34,0.931746032
34,0.795238095
34,0.865079365
34,0.838095238
34,0.625396825
34,0.920634921
34,0.563492063
34,0.849206349
34,0.898412698
34,0.641269841
34,0.714285714
34,0.80952381
34,0.953968254
34,0.873809524
34,0.817460317
34,0.895238095
34,0.957142857
34,0.742857143
34,0.949206349
34,0.96984127
34,0.884126984
34,0.942857143
34,0.765079365
34,0.628571429
34,0.936507937
34,0.892063492
34,0.849206349
34,0.847619048
34,0.942857143
34,0.938095238
34,0.944444444
34,0.841269841
34,0.880952381
34,0.912698413
34,0.99047619
34,0.876190476
34,0.836507937
34,0.847619048
34,0.528571429
34,0.607936508
34,0.882539683
34,0.798412698
34,0.76984127
34,0.933333333
34,0.90952381
34,0.844444444
34,0.696825397
34,0.828571429
34,0.796825397
34,0.784126984
34,0.363492063
34,0.847619048
34,0.907936508
34,0.966666667
34,0.968253968
34,0.996825397
34,0.93968254
34,0.873015873
34,0.919047619
34,0.733333333
34,0.692063492
34,0.822222222
34,0.906349206
34,0.687301587
34,0.687301587
34,0.914285714
34,0.944444444
34,0.931746032
34,0.952380952
34,0.811111111
34,0.788888889
34,0.93015873
34,0.8375
34,0.915873016
34,0.868253968
34,0.780952381
34,0.876190476
34,0.761904762
34,0.906349206
34,0.774603175
34,0.980952381
34,0.753968254
34,0.892063492
34,0.725
34,0.993650794
34,0.947619048
34,0.823809524
34,0.968253968
34,0.731746032
34,0.921428571
34,0.834920635
34,0.885714286
34,0.734920635
34,0
34,0
34,0.996825397
34,0.953968254
34,0.787301587
34,0.850793651
34,0.949206349
34,0.801587302
34,0.847619048
34,0.723809524
34,0.934920635
34,0.758730159
34,0.925396825
34,0.96984127
34,0.682539683
34,0.823809524
34,0.806349206
34,0.957142857
34,1
34,0.847619048
34,0.636507937
34,0.696825397
34,0.817460317
34,0.903174603
34,0.812698413
34,0.847619048
34,0.777777778
34,0.93015873
34,0.841071429
34,0.915873016
34,0.977777778
34,0.938095238
34,0.834920635
34,0.971428571
34,0.936734694
34,0.701587302
34,0.93015873
34,0.834920635
34,0.83968254
34,0.853968254
34,0.985714286
34,0.841269841
34,0.8
34,0.752380952
34,0.993650794
34,0.758928571
34,0.838095238
34,0.763492063
34,0.958730159
34,0.874603175
34,0.8
34,0.687301587
34,0.915873016
34,0.887755102
34,0.853968254
34,0.880952381
34,0.968253968
34,0.946031746
34,0.99047619
34,0.817460317
34,0.707936508
34,1
34,0.934920635
34,0.987301587
34,0.941269841
34,0.721428571
34,0.963492063
34,0.832142857
34,0.971428571
34,0.722222222
34,0.926984127
34,0.958730159
34,0.952380952
34,0.874603175
34,0.826984127
34,0.771428571
34,0.935714286
34,0.933333333
34,0.980952381
34,0.995238095
34,0.8
34,0.747619048
34,0.836507937
34,0.987301587
34,0.6
34,0.895238095
34,0.887301587
34,0.925396825
34,0.693650794
34,0.70952381
34,0.960714286
34,0.549206349
34,0.584126984
34,0.952380952
34,0.753968254
34,0.847619048
34,0.838095238
34,0.901587302
34,0.861904762
34,0.692063492
34,0.874603175
34,0.777777778
35,0.95
35,0.926785714
35,0.948214286
35,0.776785714
35,0.803571429
35,0.901785714
35,0.873214286
35,0.907142857
35,0.730357143
35,0.776785714
35,0.892857143
35,0
35,0.876785714
35,0.798214286
35,0.766071429
35,0.964285714
35,0.525
35,0.882142857
35,0.646428571
35,0.883928571
35,0.958928571
35,0.816071429
35,0.726785714
35,0.8625
35,0.948214286
35,0.864285714
35,0.8
35,0.878571429
35,0.926785714
35,0.758928571
35,0.855357143
35,0.875
35,0.901785714
35,0.917857143
35,0.908928571
35,0.714285714
35,0.9
35,0.894642857
35,0.933928571
35,0.9
35,0.828571429
35,0.858928571
35,0.867857143
35,0.891071429
35,0.908928571
35,0.960714286
35,0.953571429
35,0.798214286
35,0.764285714
35,0.853571429
35,0.796428571
35,0.758928571
35,0.882142857
35,0.844642857
35,0.891071429
35,0.896428571
35,0.802040816
35,0.8875
35,0.841071429
35,0.753571429
35,0.773214286
35,0.853571429
35,0.460714286
35,0.794642857
35,0.891071429
35,0.944642857
35,1
35,0.985714286
35,0.896428571
35,0.817857143
35,0.744642857
35,0.905357143
35,0.7625
35,0.591071429
35,0.983928571
35,0.660714286
35,0.8375
35,0.825
35,0.953571429
35,0.978571429
35,0.7875
35,0.6875
35,0.841071429
35,0.773214286
35,0.776785714
35,1
35,0.792857143
35,0.857142857
35,0.796428571
35,0.869642857
35,0.880357143
35,0.748214286
35,0.996428571
35,0.883928571
35,0.905357143
35,0.828571429
35,0.996428571
35,0.889285714
35,0.853571429
35,0.9875
35,0.708928571
35,0.867857143
35,0.810714286
35,0.866071429
35,0.896428571
35,0
35,0
35,0.983928571
35,0.998214286
35,0.75
35,0.891071429
35,0.95
35,0.794642857
35,0.867857143
35,0.842857143
35,0.883928571
35,0.785714286
35,0.844642857
35,0.8625
35,0.866071429
35,0.867857143
35,0.710714286
35,0.869642857
35,0.966071429
35,0.857142857
35,0.853571429
35,0.796428571
35,0.95
35,0.8625
35,0.8125
35,0.891071429
35,0.803571429
35,0.994642857
35,0.880357143
35,0.896428571
35,0.807142857
35,0.939285714
35,0.725
35,0.932142857
35,0.823214286
35,0.726785714
35,0.741071429
35,0.873214286
35,0.760714286
35,0.894642857
35,0.967857143
35,0.844642857
35,0.810714286
35,0.748214286
35,0.916326531
35,0.680357143
35,0.694642857
35,0.751785714
35,0.967857143
35,0.835714286
35,0.817857143
35,0.7125
35,0.830357143
35,0.73877551
35,0.941071429
35,0.978571429
35,0.903571429
35,0.844642857
35,0.991071429
35,0.828571429
35,0.835714286
35,1
35,0.9875
35,0.8625
35,0.864285714
35,0.671428571
35,0.894642857
35,0.860714286
35,0.989285714
35,0.864285714
35,0.933928571
35,0.866071429
35,0.889285714
35,0.798214286
35,0.773214286
35,0.796428571
35,0.860714286
35,0.803571429
35,1
35,0.932142857
35,0.791071429
35,0.891071429
35,0.928571429
35,0.873214286
35,0.716071429
35,0.908928571
35,0.964285714
35,0.883928571
35,0.876785714
35,0.6125
35,0.883333333
35,0.530357143
35,0.6
35,0.928571429
35,0.716071429
35,0.839285714
35,0.905357143
35,0.814285714
35,0.957142857
35,0.610714286
35,0.9625
35,0.819642857
36,0.853571429
36,0.985714286
36,0.969642857
36,0.792857143
36,0.955357143
36,0.914285714
36,0.869642857
36,0.9375
36,0.675
36,0.8375
36,0.817857143
36,0
36,0.967857143
36,0.821428571
36,0.732142857
36,0.941071429
36,0.548214286
36,0.9125
36,0.603571429
36,0.857142857
36,0.746428571
36,0.666071429
36,0.605357143
36,0.819642857
36,0.991071429
36,0.860714286
36,0.794642857
36,0.923214286
36,0.919642857
36,0.760714286
36,0.914285714
36,0.898214286
36,0.741071429
36,0.948214286
36,0.896428571
36,0.653571429
36,0.883928571
36,0.846428571
36,0.942857143
36,0.8125
36,0.878571429
36,0.878571429
36,0.958928571
36,0.791071429
36,0.819642857
36,0.891071429
36,0.923214286
36,0.766071429
36,0.807142857
36,0.871428571
36,0.703571429
36,0.673214286
36,0.866071429
36,0.553571429
36,0.792857143
36,0.844642857
36,0.721428571
36,0.808928571
36,0.728571429
36,0.6875
36,0.766071429
36,0.880357143
36,0.441071429
36,0.835714286
36,0.921428571
36,0.955357143
36,1
36,0.925
36,0.846428571
36,0.851785714
36,0.807142857
36,0.858928571
36,0.880357143
36,0.819642857
36,0.898214286
36,0.698214286
36,0.666071429
36,0.742857143
36,0.933928571
36,0.935714286
36,0.923214286
36,0.707142857
36,0.714285714
36,0.885714286
36,0.657142857
36,0.978571429
36,0.794642857
36,0.882142857
36,0.832142857
36,0.842857143
36,0.9375
36,0.728571429
36,0.916071429
36,0.901785714
36,0.875
36,0.683928571
36,0.983928571
36,0.919642857
36,0.735714286
36,0.796428571
36,0.8
36,0.842857143
36,0.748214286
36,0.792857143
36,0.875
36,0
36,0
36,0.957142857
36,1
36,0.785714286
36,0.710714286
36,0.973214286
36,0.791071429
36,0.832142857
36,0.833928571
36,0.810714286
36,0.905357143
36,0.941071429
36,0.792857143
36,0.846428571
36,0.767857143
36,0.796428571
36,0.955357143
36,0.925
36,0.869642857
36,0.641071429
36,0.828571429
36,0.891071429
36,0.914285714
36,0.873214286
36,0.801785714
36,0.805357143
36,0.941071429
36,0.748214286
36,0.891071429
36,0.944642857
36,0.960714286
36,0.828571429
36,0.973214286
36,0.917857143
36,0.921428571
36,0.782142857
36,0.866071429
36,0.839285714
36,0.864285714
36,0.914285714
36,0.766071429
36,0.816071429
36,0.846428571
36,0.944642857
36,0.908928571
36,0.644642857
36,0.758928571
36,0.905357143
36,0.855357143
36,0.819642857
36,0.666071429
36,0.851785714
36,0.798214286
36,0.907142857
36,0.941071429
36,0.923214286
36,0.908928571
36,0.958928571
36,0.907142857
36,0.714285714
36,1
36,0.957142857
36,0.95
36,0.960714286
36,0.801785714
36,0.923214286
36,0.808928571
36,0.9
36,0.798214286
36,0.883928571
36,0.976785714
36,0.9625
36,0.773214286
36,0.726785714
36,0.732142857
36,0.769642857
36,0.896428571
36,1
36,1
36,0.733928571
36,0.805357143
36,0.948214286
36,0.880357143
36,0.694642857
36,0.930357143
36,0.976785714
36,0.867857143
36,0.898214286
36,0.7375
36,0.740816327
36,0.610714286
36,0.533928571
36,0.925
36,0.864285714
36,0.871428571
36,0.857142857
36,0.767857143
36,0.919642857
36,0.655357143
36,0.928571429
36,0.755357143
37,0.903571429
37,0.905357143
37,0.908928571
37,0.823214286
37,0.880357143
37,0.907142857
37,0.926785714
37,0.803571429
37,0.814285714
37,0.805357143
37,0.880357143
37,0
37,0.869642857
37,0.839285714
37,0.746938776
37,0.755357143
37,0.476785714
37,0.830357143
37,0.746428571
37,0.869642857
37,0.908928571
37,0.782142857
37,0.714285714
37,0.832142857
37,0.9125
37,0.880357143
37,0.778571429
37,0.832142857
37,0.928571429
37,0.782142857
37,0.892857143
37,0.925
37,0.878571429
37,0.894642857
37,0.866071429
37,0.7625
37,0.930357143
37,0.957142857
37,0.928571429
37,0.907142857
37,0.807142857
37,0.921428571
37,0.910714286
37,0.825
37,0.782142857
37,0.903571429
37,0.955357143
37,0.791071429
37,0.858928571
37,0.817857143
37,0.723214286
37,0.623214286
37,0.839285714
37,0.841071429
37,0.839285714
37,0.808928571
37,0.696428571
37,0.858928571
37,0.710714286
37,0.760714286
37,0.817857143
37,0.839285714
37,0.392857143
37,0.867857143
37,0.989285714
37,0.966071429
37,0.328571429
37,0.966071429
37,0.878571429
37,0.896428571
37,0.751785714
37,0.782142857
37,0.808928571
37,0.767857143
37,0.921428571
37,0.682142857
37,0.778571429
37,0.812244898
37,0.958928571
37,0.919642857
37,0.876785714
37,0.821428571
37,0.878571429
37,0.839285714
37,0.804081633
37,0.932142857
37,0.953571429
37,0.883928571
37,0.897959184
37,0.924489796
37,0.932142857
37,0.796428571
37,0.953571429
37,0.875
37,0.851785714
37,0.864285714
37,0.991071429
37,0.908928571
37,0.808928571
37,0.969642857
37,0.85
37,0.844642857
37,0.701785714
37,0.878571429
37,0.805357143
37,0
37,0
37,1
37,0.939285714
37,0.767857143
37,0.796428571
37,0.982142857
37,0.789285714
37,0.830357143
37,0.744642857
37,0.892857143
37,0.901785714
37,0.898214286
37,0.869642857
37,0.8125
37,0.846428571
37,0.725
37,0.867857143
37,0.919642857
37,0.842857143
37,0.742857143
37,0.544642857
37,0.914285714
37,0.898214286
37,0.785714286
37,0.889285714
37,0.807142857
37,0.930357143
37,0.791071429
37,0.866071429
37,0.948214286
37,0.921428571
37,0.748214286
37,0.973214286
37,0.921428571
37,0.957142857
37,0.7625
37,0.885714286
37,0.8375
37,0.766071429
37,0.973214286
37,0.814285714
37,0.832142857
37,0.975
37,0.973214286
37,0.885714286
37,0.697959184
37,0.8625
37,0.819642857
37,0.810204082
37,0.82244898
37,0.7875
37,0.891071429
37,0.660714286
37,0.876785714
37,0.8625
37,0.841071429
37,0.885714286
37,0.996428571
37,0.883928571
37,0.730357143
37,1
37,0.939285714
37,0.921428571
37,0.939285714
37,0.7625
37,0.923214286
37,0.8125
37,0.885714286
37,0.85
37,0.910714286
37,0.903571429
37,0.755357143
37,0.7875
37,0.735714286
37,0.755357143
37,0.766071429
37,0.830357143
37,1
37,0.944642857
37,0.760714286
37,0.782142857
37,0.817857143
37,0.969642857
37,0.783928571
37,0.858928571
37,0.816071429
37,0.842857143
37,0.875
37,0.735714286
37,0.87755102
37,0.589285714
37,0.426785714
37,0.941071429
37,0.903571429
37,0.766071429
37,0.851785714
37,0.875
37,0.933928571
37,0.510714286
37,0.828571429
37,0.835714286
38,0.857142857
38,0.941269841
38,0.923809524
38,0.811111111
38,0.934920635
38,0.914285714
38,0.874603175
38,0.844444444
38,0.785714286
38,0.87755102
38,0.906349206
38,0
38,0.877777778
38,0.80952381
38,0.812698413
38,0.898412698
38,0.561904762
38,0.801587302
38,0.506349206
38,0.842857143
38,0.825396825
38,0.842857143
38,0.56031746
38,0.787301587
38,0.9
38,0.853968254
38,0.8
38,0.836507937
38,0.888888889
38,0.63968254
38,0.876190476
38,0.976190476
38,0.86031746
38,0.922222222
38,0.923809524
38,0.603174603
38,0.921428571
38,0.86984127
38,0.944642857
38,0.823809524
38,0.892063492
38,0.922222222
38,0.873015873
38,0.842857143
38,0.674603175
38,0.923809524
38,0.882539683
38,0.853968254
38,0.798412698
38,0.793650794
38,0.776190476
38,0.514285714
38,0.914285714
38,0.757142857
38,0.86984127
38,0.811111111
38,0.796825397
38,0.787301587
38,0.76031746
38,0.844444444
38,0.841269841
38,0.768253968
38,0.488888889
38,0.871428571
38,0.976785714
38,0.876785714
38,0.876190476
38,0.863492063
38,0.753968254
38,0.822222222
38,0.814285714
38,0.863492063
38,0.793650794
38,0.847619048
38,0.90952381
38,0.631746032
38,0.766666667
38,0.846031746
38,0.938095238
38,0.926984127
38,0.763492063
38,0.766666667
38,0.893650794
38,0.917460317
38,0.698412698
38,0.965079365
38,0.680952381
38,0.895238095
38,0.850793651
38,0.852380952
38,0.837142857
38,0.679365079
38,0.801587302
38,0.880952381
38,0.846031746
38,0.773015873
38,0.965079365
38,0.853968254
38,0.665079365
38,0.955555556
38,0.795238095
38,0.801587302
38,0.8
38,0.776190476
38,0.850793651
38,0
38,0
38,0.976190476
38,0.992063492
38,0.66031746
38,0.685714286
38,0.90952381
38,0.747619048
38,0.86031746
38,0.806349206
38,0.898412698
38,0.747619048
38,0.941269841
38,0.874603175
38,0.834920635
38,0.844444444
38,0.648214286
38,0.993877551
38,0.985714286
38,0.866666667
38,0.66984127
38,0.403174603
38,0.93015873
38,0.919047619
38,0.806349206
38,0.784126984
38,0.765079365
38,0.963492063
38,0.817460317
38,0.882539683
38,0.946031746
38,0.955555556
38,0.846031746
38,0.988888889
38,0.873015873
38,0.785714286
38,0.901587302
38,0.806349206
38,0.711111111
38,0.823809524
38,0.9
38,0.795238095
38,0.868253968
38,0.844444444
38,0.952380952
38,0.847619048
38,0.680952381
38,0.628571429
38,0.876190476
38,0.857142857
38,0.853968254
38,0.653968254
38,0.884126984
38,0.685714286
38,0.925396825
38,0.903174603
38,0.906349206
38,0.892063492
38,0.934920635
38,0.803174603
38,0.807936508
38,1
38,0.823809524
38,0.901587302
38,0.938095238
38,0.79047619
38,0.852380952
38,0.8
38,0.785714286
38,0.787301587
38,0.896825397
38,1
38,0.880952381
38,0.676190476
38,0.696825397
38,0.898412698
38,0.912698413
38,0.922222222
38,0.96984127
38,0.963492063
38,0.847619048
38,0.857142857
38,0.898412698
38,0.861904762
38,0.519047619
38,0.777777778
38,0.903174603
38,0.868253968
38,0.895238095
38,0.593650794
38,0.875
38,0.588888889
38,0.477777778
38,0.974603175
38,0.714285714
38,0.893650794
38,0.684126984
38,0.812698413
38,0.919047619
38,0.43968254
38,0.826984127
38,0.833333333
39,0.873214286
39,0.971428571
39,0.858928571
39,0.742857143
39,0.876785714
39,0.808928571
39,0.846428571
39,0.975
39,0.625
39,0.917857143
39,0.7875
39,0
39,0.775
39,0.739285714
39,0.730357143
39,0.853571429
39,0.517857143
39,0.8
39,0.641071429
39,0.917857143
39,0.923214286
39,0.521428571
39,0.716071429
39,0.855357143
39,0.903571429
39,0.892857143
39,0.839285714
39,0.926785714
39,0.914285714
39,0.807142857
39,0.958928571
39,0.8875
39,0.882142857
39,0.907142857
39,0.871428571
39,0.733928571
39,0.810714286
39,0.903571429
39,0.883928571
39,0.896428571
39,0.9
39,0.932142857
39,0.816071429
39,0.698214286
39,0.819642857
39,0.951785714
39,0.903571429
39,0.851785714
39,0.857142857
39,0.682142857
39,0.644642857
39,0.555357143
39,0.853571429
39,0.614285714
39,0.842857143
39,0.848214286
39,0.692857143
39,0.851785714
39,0.742857143
39,0.676785714
39,0.814285714
39,0.6625
39,0.3625
39,0.826785714
39,0.910714286
39,0.978571429
39,0.976785714
39,0.8375
39,0.880357143
39,0.794642857
39,0.807142857
39,0.808928571
39,0.748214286
39,0.801785714
39,0.955357143
39,0.635714286
39,0.721428571
39,0.855357143
39,0.930357143
39,0.917857143
39,0.585714286
39,0.716071429
39,0.782142857
39,0.866071429
39,0.796428571
39,0.953571429
39,0.819642857
39,0.910714286
39,0.9
39,0.871428571
39,0.876785714
39,0.735714286
39,0.975
39,0.857142857
39,0.926785714
39,0.810714286
39,0.980357143
39,0.919642857
39,0.844642857
39,0.928571429
39,0.828571429
39,0.791071429
39,0.780357143
39,0.873214286
39,0.819642857
39,0
39,0
39,0.989285714
39,0.916071429
39,0.748214286
39,0.791071429
39,0.880357143
39,0.676785714
39,0.764285714
39,0.708928571
39,0.835714286
39,0.767857143
39,0.892857143
39,0.826785714
39,0.889285714
39,0.828571429
39,0.551785714
39,0.910714286
39,0.9875
39,0.857142857
39,0.675
39,0.458928571
39,0.880357143
39,0.9
39,0.742857143
39,0.748214286
39,0.721428571
39,0.896428571
39,0.733928571
39,0.798214286
39,0.95
39,0.953571429
39,0.719642857
39,0.975
39,0.871428571
39,0.682142857
39,0.825
39,0.9
39,0.703571429
39,0.830357143
39,0.889285714
39,0.783928571
39,0.730357143
39,0.892857143
39,1
39,0.896428571
39,0.698214286
39,0.8
39,0.842857143
39,0.882142857
39,0.8125
39,0.703571429
39,0.907142857
39,0.814285714
39,0.857142857
39,0.844642857
39,0.866071429
39,0.858928571
39,0.983928571
39,0.851785714
39,0.746428571
39,0
39,0.833928571
39,0.901785714
39,0.882142857
39,0.714285714
39,0.898214286
39,0.844642857
39,0.867857143
39,0.858928571
39,0.898214286
39,0.9375
39,0.907142857
39,0.775
39,0.617857143
39,0.721428571
39,0.676785714
39,0.863265306
39,0.973214286
39,0.966071429
39,0.817857143
39,0.826785714
39,0.819642857
39,0.858928571
39,0.783928571
39,0.866071429
39,0.903571429
39,0.832142857
39,0.830357143
39,0.723214286
39,0.891071429
39,0.535714286
39,0.485714286
39,0.971428571
39,0.716071429
39,0.821428571
39,0.669642857
39,0.825
39,0.7375
39,0.601785714
39,0.892857143
39,0.828571429
40,0.858928571
40,0.946428571
40,0.969642857
40,0.692857143
40,0.935714286
40,0.885714286
40,0.830357143
40,0.917857143
40,0.755357143
40,0.855102041
40,0.857142857
40,0
40,0.919642857
40,0.791071429
40,0.771428571
40,0.953571429
40,0.528571429
40,0.833928571
40,0.482142857
40,0.8
40,0.883928571
40,0.848214286
40,0.7125
40,0.803571429
40,0.905357143
40,0.932142857
40,0.846428571
40,0.842857143
40,0.941071429
40,0.844642857
40,0.925
40,0.878571429
40,0.9
40,0.8375
40,0.817857143
40,0.589285714
40,0.967857143
40,0.8625
40,0.95952381
40,0.771428571
40,0.903571429
40,0.8625
40,0.839285714
40,0.832142857
40,0.791071429
40,0.853571429
40,0.860714286
40,0.832142857
40,0.765306122
40,0.789285714
40,0.796428571
40,0.598214286
40,0.832142857
40,0.798214286
40,0.717857143
40,0.898214286
40,0.710714286
40,0.778571429
40,0.757142857
40,0.803571429
40,0.791071429
40,0.7125
40,0.419642857
40,0.817857143
40,0.885714286
40,0.932142857
40,0.873214286
40,0.996428571
40,0.919642857
40,0.794642857
40,0.871428571
40,0.7125
40,0.723214286
40,0.716071429
40,0.896428571
40,0.660714286
40,0.705357143
40,0.839285714
40,0.985714286
40,0.969642857
40,0.783928571
40,0.780357143
40,0.816071429
40,0.8
40,0.714285714
40,0.964285714
40,0.846428571
40,0.853571429
40,0.801785714
40,0.892857143
40,0.889285714
40,0.746428571
40,0.967857143
40,0.828571429
40,0.794642857
40,0.569642857
40,0.971428571
40,0.8375
40,0.8375
40,0.891071429
40,0.839285714
40,0.8125
40,0.819642857
40,0.894642857
40,0.878571429
40,0
40,0
40,0.975
40,0.996428571
40,0.789285714
40,0.707142857
40,0.7625
40,0.658928571
40,0.807142857
40,0.719642857
40,0.876785714
40,0.778571429
40,0.860714286
40,0.960714286
40,0.858928571
40,0.744642857
40,0.564285714
40,0.778571429
40,1
40,0.857142857
40,0.617857143
40,0.65
40,0.9
40,0.7125
40,0.767857143
40,0.875
40,0.721428571
40,0.939285714
40,0.792857143
40,0.867857143
40,0.926785714
40,0.882142857
40,0.775
40,0.946428571
40,0.946428571
40,0.855357143
40,0.821428571
40,0.803571429
40,0.783928571
40,0.889285714
40,0.833928571
40,0.817857143
40,0.803571429
40,0.903571429
40,0.919642857
40,0.8
40,0.669642857
40,0.592857143
40,0.835714286
40,0.676785714
40,0.796428571
40,0.676785714
40,0.746428571
40,0.616326531
40,0.880357143
40,0.925
40,0.830357143
40,0.851785714
40,0.989285714
40,0.858928571
40,0.641071429
40,0
40,0.958928571
40,0.944642857
40,0.907142857
40,0.692857143
40,0.841071429
40,0.782142857
40,0.841071429
40,0.867857143
40,0.876785714
40,0.885714286
40,0.873214286
40,0.660714286
40,0.753571429
40,0.726785714
40,0.7625
40,0.763265306
40,0.964285714
40,0.95
40,0.785714286
40,0.726785714
40,0.914285714
40,0.8625
40,0.653571429
40,0.910714286
40,0.910714286
40,0.876785714
40,0.876785714
40,0.428571429
40,0.823214286
40,0.5375
40,0.566071429
40,0.869642857
40,0.782142857
40,0.748214286
40,0.7875
40,0.883928571
40,0.8375
40,0.778571429
40,0.866071429
40,0.898214286
41,0.866071429
41,0.957142857
41,0.833928571
41,0.803571429
41,0.892857143
41,0.9125
41,0.941071429
41,0.866071429
41,0.882142857
41,0.9
41,0.808928571
41,0
41,0.885714286
41,0.744642857
41,0.907142857
41,0.925
41,0.510714286
41,0.839285714
41,0.532142857
41,0.876785714
41,0.864285714
41,0.666071429
41,0.655357143
41,0.783928571
41,0.951785714
41,0.85
41,0.7875
41,0.948214286
41,0.785714286
41,0.792857143
41,0.932142857
41,0.907142857
41,0.846428571
41,0.932142857
41,0.801785714
41,0.710714286
41,0.917857143
41,0.848214286
41,0.930357143
41,0.8
41,0.901785714
41,0.901785714
41,0.948214286
41,0.898214286
41,0.9125
41,0.921428571
41,0.957142857
41,0.832142857
41,0.846428571
41,0.844642857
41,0.571428571
41,0.616071429
41,0.876785714
41,0.698214286
41,0.905357143
41,0.858928571
41,0.775
41,0.771428571
41,0.803571429
41,0.948214286
41,0.8
41,0.678571429
41,0.332142857
41,0.8
41,0.982142857
41,0.95
41,1
41,0.905357143
41,0.8375
41,0.860714286
41,0.828571429
41,0.744642857
41,0.741071429
41,0.830357143
41,0.8875
41,0.566071429
41,0.7375
41,0.892857143
41,0.989285714
41,0.835714286
41,0.908928571
41,0.708928571
41,0.896428571
41,0.942857143
41,0.828571429
41,0.866071429
41,0.882142857
41,0.782142857
41,0.9
41,0.755357143
41,0.960714286
41,0.728571429
41,0.944642857
41,0.921428571
41,0.858928571
41,0.641071429
41,0.998214286
41,0.814285714
41,0.728571429
41,0.905357143
41,0.807142857
41,0.808928571
41,0.776785714
41,0.742857143
41,0.726785714
41,0
41,0
41,0.9
41,0.996428571
41,0.691071429
41,0.814285714
41,0.9125
41,0.691071429
41,0.726785714
41,0.798214286
41,0.814285714
41,0.730357143
41,0.930357143
41,0.919642857
41,0.823214286
41,0.639285714
41,0.651785714
41,0.941071429
41,0.996428571
41,0.851785714
41,0.610714286
41,0.671428571
41,0.871428571
41,0.907142857
41,0.825
41,0.908928571
41,0.6625
41,0.866071429
41,0.821428571
41,0.880357143
41,0.983928571
41,0.951785714
41,0.778571429
41,0.876785714
41,0.871428571
41,0.658928571
41,0.882142857
41,0.892857143
41,0.664285714
41,0.807142857
41,0.948214286
41,0.741071429
41,0.814285714
41,0.8
41,0.981632653
41,0.773214286
41,0.8125
41,0.8
41,0.8125
41,0.846428571
41,0.821428571
41,0.635714286
41,0.883928571
41,0.764285714
41,0.907142857
41,0.933928571
41,0.923214286
41,0.905357143
41,0.9625
41,0.808928571
41,0.617857143
41,0
41,0.885714286
41,0.882142857
41,0.9
41,0.601785714
41,0.919642857
41,0.903571429
41,0.910714286
41,0.780357143
41,0.823214286
41,0.964285714
41,0.926785714
41,0.889285714
41,0.798214286
41,0.751785714
41,0.803571429
41,0.8375
41,0.991071429
41,0.901785714
41,0.957142857
41,0.789285714
41,0.916071429
41,0.928571429
41,0.644642857
41,0.826785714
41,0.823214286
41,0.864285714
41,0.776785714
41,0.641071429
41,0.964285714
41,0.580357143
41,0.5375
41,0.860714286
41,0.641071429
41,0.795918367
41,0.878571429
41,0.842857143
41,0.875
41,0.573214286
41,0.826785714
41,0.846428571
42,0.830357143
42,0.891071429
42,0.933928571
42,0.714285714
42,0.883928571
42,0.864285714
42,0.901785714
42,0.935714286
42,0.726785714
42,0.941071429
42,0.823214286
42,0
42,0.817857143
42,0.869642857
42,0.875
42,0.914285714
42,0.526785714
42,0.789285714
42,0.696428571
42,0.853571429
42,0.914285714
42,0.776785714
42,0.730357143
42,0.742857143
42,0.889285714
42,0.894642857
42,0.8375
42,0.889285714
42,0.982142857
42,0.707142857
42,0.930357143
42,0.821428571
42,0.876785714
42,0.928571429
42,0.883928571
42,0.751785714
42,0.960714286
42,0.916071429
42,0.916326531
42,0.857142857
42,0.930357143
42,0.941071429
42,0.910714286
42,0.944642857
42,0.95
42,0.9375
42,0.860714286
42,0.767857143
42,0.83877551
42,0.864285714
42,0.853571429
42,0.653571429
42,0.842857143
42,0.725
42,0.841071429
42,0.925
42,0.707142857
42,0.825
42,0.828571429
42,0.778571429
42,0.832142857
42,0.707142857
42,0.316071429
42,0.7875
42,0.964285714
42,0.9375
42,0.826785714
42,0.907142857
42,0.957142857
42,0.692857143
42,0.853571429
42,0.880357143
42,0.758928571
42,0.835714286
42,0.942857143
42,0.617857143
42,0.773214286
42,0.916071429
42,0.942857143
42,0.989285714
42,0.7
42,0.646428571
42,0.835714286
42,0.835714286
42,0.857142857
42,0.971428571
42,0.830357143
42,0.783928571
42,0.923214286
42,0.928571429
42,0.903571429
42,0.716071429
42,0.957142857
42,0.842857143
42,0.855357143
42,0.776785714
42,0.982142857
42,0.916071429
42,0.808928571
42,0.816071429
42,0.771428571
42,0.839285714
42,0.8125
42,0.867857143
42,0.910714286
42,0
42,0
42,0.994642857
42,0.996428571
42,0.796428571
42,0.873214286
42,0.907142857
42,0.8
42,0.75
42,0.814285714
42,0.810714286
42,0.866071429
42,0.941071429
42,0.873214286
42,0.898214286
42,0.781632653
42,0.792857143
42,0.819642857
42,0.923214286
42,0.780357143
42,0.757142857
42,0.480357143
42,0.9375
42,0.930357143
42,0.807142857
42,0.916071429
42,0.655357143
42,0.957142857
42,0.8375
42,0.853571429
42,0.930357143
42,0.944642857
42,0.755357143
42,0.95
42,0.896428571
42,0.880357143
42,0.833928571
42,0.896428571
42,0.816071429
42,0.767857143
42,0.9375
42,0.739285714
42,0.8375
42,0.805357143
42,0.771428571
42,0.75
42,0.846428571
42,0.776785714
42,0.821428571
42,0.789285714
42,0.828571429
42,0.601785714
42,0.801785714
42,0.641071429
42,0.892857143
42,0.825
42,0.903571429
42,0.853571429
42,0.978571429
42,0.755357143
42,0.6
42,0
42,0.958928571
42,0.891071429
42,0.964285714
42,0.6875
42,0.917857143
42,0.717857143
42,0.9375
42,0.725
42,0.894642857
42,0.917857143
42,0.823214286
42,0.783928571
42,0.758928571
42,0.710714286
42,0.766071429
42,0.792857143
42,1
42,0.85
42,0.880357143
42,0.758928571
42,0.85
42,0.844642857
42,0.525
42,0.971428571
42,0.875
42,0.775
42,0.864285714
42,0.628571429
42,0.916071429
42,0.553571429
42,0.389285714
42,0.910714286
42,0.775
42,0.823214286
42,0.851785714
42,0.823214286
42,0.919642857
42,0.65
42,0.926785714
42,0.830357143
43,0.914285714
43,0.923809524
43,0.933333333
43,0.833333333
43,0.895238095
43,0.892063492
43,0.865079365
43,0.815873016
43,0.83015873
43,0.9
43,0.815873016
43,0.969047619
43,0.9
43,0.855555556
43,0.86031746
43,0.906349206
43,0.523809524
43,0.842857143
43,0.688888889
43,0.803174603
43,0.920634921
43,0.815873016
43,0.701587302
43,0.780952381
43,0.83968254
43,0.884126984
43,0.763492063
43,0.776190476
43,0.947619048
43,0.787301587
43,0.952380952
43,0.898412698
43,0.907936508
43,0.893650794
43,0.696825397
43,0.684126984
43,0.904761905
43,0.912698413
43,0.910714286
43,0.792063492
43,0.920634921
43,0.893650794
43,0.847619048
43,0.83968254
43,0.817460317
43,0.952380952
43,0.823809524
43,0.831746032
43,0.822222222
43,0.757142857
43,0.665079365
43,0.633333333
43,0.928571429
43,0.584126984
43,0.857142857
43,0.896825397
43,0.716071429
43,0.76984127
43,0.780952381
43,0.86031746
43,0.819047619
43,0.825396825
43,0.544444444
43,0.849206349
43,0.995238095
43,0.944444444
43,0.950793651
43,0.955555556
43,0.947619048
43,0.876190476
43,0.86984127
43,0.771428571
43,0.752380952
43,0.876190476
43,0.86031746
43,0.617460317
43,0.741269841
43,0.879365079
43,0.985714286
43,0.938095238
43,0.746031746
43,0.757142857
43,0.807936508
43,0.888888889
43,0.73015873
43,0.934920635
43,0.850793651
43,0.9
43,0.86984127
43,0.69047619
43,0.936507937
43,0.788888889
43,0.957142857
43,0.885714286
43,0.806349206
43,0.796825397
43,0.987301587
43,0.831746032
43,0.819047619
43,0.895238095
43,0.838095238
43,0.793650794
43,0.801587302
43,0.866666667
43,0.736507937
43,0.950793651
43,0
43,0.96984127
43,0.919047619
43,0.749206349
43,0.903174603
43,0.906349206
43,0.834920635
43,0.823809524
43,0.842857143
43,0.907936508
43,0.858730159
43,0.936507937
43,0.944444444
43,0.836507937
43,0.811111111
43,0.696825397
43,0.895238095
43,0.946031746
43,0.873015873
43,0.819047619
43,0.631746032
43,0.923809524
43,0.898412698
43,0.79047619
43,0.801587302
43,0.793650794
43,0.895238095
43,0.751785714
43,0.917460317
43,0.841269841
43,0.926984127
43,0.853968254
43,0.96984127
43,0.912698413
43,0.879365079
43,0.880952381
43,0.863492063
43,0.785714286
43,0.879365079
43,0.984126984
43,0.779365079
43,0.798412698
43,0.850793651
43,0.922222222
43,0.893650794
43,0.779365079
43,0.698412698
43,0.855555556
43,0.747619048
43,0.865079365
43,0.70952381
43,0.838095238
43,0.571428571
43,0.906349206
43,0.89047619
43,0.831746032
43,0.780952381
43,0.987301587
43,0.831746032
43,0.626984127
43,0
43,0.985714286
43,0.880952381
43,0.885714286
43,0.792063492
43,0.866666667
43,0.849206349
43,0.896825397
43,0.76984127
43,0.871428571
43,0.919047619
43,0.903174603
43,0.673015873
43,0.782539683
43,0.644444444
43,0.755555556
43,0.880952381
43,0.961904762
43,0.952380952
43,0.871428571
43,0.647619048
43,0.855555556
43,0.83968254
43,0.76984127
43,0.86031746
43,0.892063492
43,0.888888889
43,0.79047619
43,0.744444444
43,0.901587302
43,0.504761905
43,0.493650794
43,0.811111111
43,0.852380952
43,0.922222222
43,0.83968254
43,0.86031746
43,0.846031746
43,0.666666667
43,0.847619048
43,0.868253968
44,0.889285714
44,0.917857143
44,0.971428571
44,0.858928571
44,0.966071429
44,0.9
44,0.891071429
44,0.921428571
44,0.794642857
44,0.896428571
44,0.8125
44,0.9375
44,0.883928571
44,0.7375
44,0.816071429
44,0.930357143
44,0.535714286
44,0.871428571
44,0.582142857
44,0.875
44,0.935714286
44,0.805357143
44,0.725
44,0.828571429
44,0.960714286
44,0.917857143
44,0.755357143
44,0.848214286
44,1
44,0.725
44,0.957142857
44,0.960714286
44,0.923214286
44,0.9375
44,0.798214286
44,0.630357143
44,0.9375
44,0.819642857
44,0.923214286
44,0.783928571
44,0.923214286
44,0.935714286
44,0.871428571
44,0.889285714
44,0.733928571
44,0.814285714
44,0.85
44,0.857142857
44,0.878571429
44,0.807142857
44,0.817857143
44,0.578571429
44,0.9375
44,0.810714286
44,0.810714286
44,0.8125
44,0.717857143
44,0.780357143
44,0.642857143
44,0.816071429
44,0.855357143
44,0.896428571
44,0.383928571
44,0.771428571
44,0.948979592
44,0.963265306
44,0.971428571
44,0.975
44,0.891071429
44,0.794642857
44,0.833928571
44,0.791071429
44,0.732142857
44,0.880357143
44,0.842857143
44,0.678571429
44,0.860714286
44,0.891071429
44,1
44,0.983928571
44,0.901785714
44,0.755357143
44,0.957142857
44,0.9
44,0.821428571
44,0.9875
44,0.951785714
44,0.907142857
44,0.871428571
44,0.801785714
44,0.935714286
44,0.776785714
44,0.935714286
44,0.928571429
44,0.889285714
44,0.760714286
44,0.996428571
44,0.885714286
44,0.841071429
44,0.925
44,0.907142857
44,0.844642857
44,0.839285714
44,0.867857143
44,0.833928571
44,1
44,0
44,0.935714286
44,0.991071429
44,0.7875
44,0.807142857
44,0.9875
44,0.725
44,0.821428571
44,0.801785714
44,0.876785714
44,0.8625
44,0.958928571
44,0.916071429
44,0.746428571
44,0.803571429
44,0.767857143
44,0.935714286
44,0.973214286
44,0.828571429
44,0.735714286
44,0.860714286
44,0.9
44,0.932142857
44,0.823214286
44,0.921428571
44,0.775
44,0.982142857
44,0.853571429
44,0.914285714
44,0.798214286
44,0.95
44,0.678571429
44,0.992857143
44,0.903571429
44,0.885714286
44,0.894642857
44,0.805357143
44,0.705357143
44,0.846428571
44,0.908928571
44,0.892857143
44,0.792857143
44,0.941071429
44,0.901785714
44,0.869642857
44,0.683928571
44,0.725
44,0.883928571
44,0.819642857
44,0.842857143
44,0.610714286
44,0.860714286
44,0.732142857
44,0.905357143
44,0.898214286
44,0.905357143
44,0.917857143
44,0.9875
44,0.803571429
44,0.746428571
44,0
44,0.985714286
44,0.935714286
44,0.918367347
44,0.796428571
44,0.935714286
44,0.782142857
44,0.914285714
44,0.808928571
44,0.7625
44,0.894642857
44,0.892857143
44,0.7125
44,0.791071429
44,0.866071429
44,0.792857143
44,0.75
44,0.919642857
44,0.9
44,0.892857143
44,0.716071429
44,0.905357143
44,0.882142857
44,0.723214286
44,0.810714286
44,0.95
44,0.908928571
44,0.866071429
44,0.526785714
44,0.914285714
44,0.507142857
44,0.526785714
44,0.903571429
44,0.766071429
44,0.8625
44,0.696428571
44,0.85
44,0.842857143
44,0.758928571
44,0.816071429
44,0.839285714
45,0.922222222
45,0.907936508
45,0.958730159
45,0.826984127
45,0.903174603
45,0.914285714
45,0.871428571
45,0.955555556
45,0.825396825
45,0.965079365
45,0.785714286
45,1
45,0.814285714
45,0.653968254
45,0.926984127
45,0.914285714
45,0.503174603
45,0.801785714
45,0.722222222
45,0.901587302
45,0.947619048
45,0.722222222
45,0.804761905
45,0.879365079
45,0.96984127
45,0.901587302
45,0.807936508
45,0.896825397
45,0.966666667
45,0.761904762
45,0.914285714
45,0.841269841
45,0.949206349
45,0.857142857
45,0.871428571
45,0.765079365
45,0.958730159
45,0.923809524
45,0.864285714
45,0.846031746
45,0.944444444
45,0.876190476
45,0.895238095
45,0.928571429
45,0.793650794
45,0.965079365
45,0.871428571
45,0.850793651
45,0.876785714
45,0.777777778
45,0.603174603
45,0.628571429
45,0.904761905
45,0.749206349
45,0.841269841
45,0.919047619
45,0.787301587
45,0.784126984
45,0.695238095
45,0.884126984
45,0.807936508
45,0.676190476
45,0.474603175
45,0.796825397
45,0.928571429
45,0.942857143
45,0.968253968
45,0.922222222
45,0.901587302
45,0.811111111
45,0.901587302
45,0.777777778
45,0.674603175
45,0.844444444
45,0.879365079
45,0.592063492
45,0.795238095
45,0.923809524
45,0.985714286
45,0.952380952
45,0.805357143
45,0.719047619
45,0.911111111
45,0.841269841
45,0.831746032
45,0.96031746
45,0.884126984
45,0.855555556
45,0.933333333
45,0.831746032
45,0.892063492
45,0.792857143
45,0.868253968
45,0.842857143
45,0.844444444
45,0.671428571
45,0.992063492
45,0.858730159
45,0.876190476
45,0.857142857
45,0.825396825
45,0.771428571
45,0.8
45,0.904761905
45,0.842857143
45,1
45,0
45,0.980952381
45,0.99047619
45,0.706349206
45,0.779365079
45,0.926984127
45,0.731746032
45,0.79047619
45,0.768253968
45,0.873015873
45,0.655555556
45,0.866666667
45,0.971428571
45,0.833333333
45,0.744444444
45,0.626984127
45,0.90952381
45,0.957142857
45,0.838095238
45,0.565079365
45,0.485714286
45,0.932142857
45,0.944642857
45,0.807936508
45,0.884126984
45,0.717460317
45,0.968253968
45,0.746031746
45,0.868253968
45,0.857142857
45,0.903174603
45,0.693650794
45,0.946031746
45,0.782539683
45,0.69047619
45,0.911111111
45,0.884126984
45,0.663492063
45,0.853968254
45,0.982539683
45,0.766666667
45,0.779365079
45,0.844444444
45,0.950793651
45,0.796825397
45,0.852380952
45,0.704761905
45,0.988888889
45,0.832142857
45,0.896428571
45,0.652380952
45,0.867857143
45,0.846428571
45,0.901785714
45,0.916071429
45,0.925
45,0.876785714
45,0.939285714
45,0.749206349
45,0.876190476
45,0
45,0.882539683
45,0.938095238
45,0.942857143
45,0.73968254
45,0.914285714
45,0.863492063
45,0.853968254
45,0.852380952
45,0.865079365
45,0.911111111
45,0.903174603
45,0.701587302
45,0.768253968
45,0.787301587
45,0.801587302
45,0.887301587
45,0.995238095
45,0.861904762
45,0.880952381
45,0.857142857
45,0.869642857
45,0.876785714
45,0.733333333
45,0.842857143
45,0.901587302
45,0.796825397
45,0.844642857
45,0.592063492
45,0.930357143
45,0.549206349
45,0.415873016
45,0.867857143
45,0.66984127
45,0.684126984
45,0.79047619
45,0.936507937
45,0.923809524
45,0.757142857
45,0.795238095
45,0.8875
46,0.964285714
46,0.892857143
46,0.9875
46,0.825
46,0.9375
46,0.944642857
46,0.907142857
46,0.878571429
46,0.814285714
46,0.883928571
46,0.860714286
46,0.994642857
46,0.958928571
46,0.767857143
46,0.8625
46,0.928571429
46,0.533928571
46,0.894642857
46,0.508928571
46,0.901785714
46,0.885714286
46,0.592857143
46,0.685714286
46,0.798214286
46,0.869642857
46,0.887755102
46,0.801785714
46,0.8875
46,0.971428571
46,0.6875
46,0.903571429
46,0.919642857
46,0.9125
46,0.944642857
46,0.882142857
46,0.632142857
46,0.948214286
46,0.967857143
46,0.946428571
46,0.791071429
46,0.901785714
46,0.9
46,0.880357143
46,0.819642857
46,0.985714286
46,0.925
46,0.942857143
46,0.885714286
46,0.903571429
46,0.801785714
46,0.596428571
46,0.417857143
46,0.875
46,0.632142857
46,0.932142857
46,0.851785714
46,0.691071429
46,0.821428571
46,0.630357143
46,0.851785714
46,0.828571429
46,0.771428571
46,0.548214286
46,0.828571429
46,0.914285714
46,0.978571429
46,0.9875
46,0.96122449
46,0.944642857
46,0.819642857
46,0.853571429
46,0.808928571
46,0.546428571
46,0.766071429
46,0.914285714
46,0.639285714
46,0.716071429
46,0.948214286
46,0.955357143
46,0.978571429
46,0.785714286
46,0.719642857
46,0.791071429
46,0.871428571
46,0.825
46,0.982142857
46,0.842857143
46,0.905357143
46,0.869642857
46,0.867857143
46,0.864285714
46,0.767857143
46,0.894642857
46,0.883928571
46,0.9
46,0.746938776
46,0.973214286
46,0.932142857
46,0.817857143
46,0.9375
46,0.844642857
46,0.758928571
46,0.851785714
46,0.855357143
46,0.857142857
46,0
46,0
46,0.903571429
46,0.998214286
46,0.628571429
46,0.832142857
46,0.964285714
46,0.782142857
46,0.735714286
46,0.7
46,0.932142857
46,0.698214286
46,0.796428571
46,0.878571429
46,0.864285714
46,0.771428571
46,0.551785714
46,0.826785714
46,0.9875
46,0.7625
46,0.7875
46,0.466071429
46,0.905357143
46,0.946428571
46,0.742857143
46,0.891071429
46,0.798214286
46,0.948214286
46,0.792857143
46,0.891836735
46,0.9625
46,0.923214286
46,0.755357143
46,0.95
46,0.892857143
46,0.739285714
46,0.8625
46,0.894642857
46,0.692857143
46,0.896428571
46,0.994642857
46,0.819642857
46,0.789285714
46,0.8875
46,0.976785714
46,0.8875
46,0.798214286
46,0.883928571
46,0.823214286
46,0.873214286
46,0.869642857
46,0.680357143
46,0.896428571
46,0.679591837
46,0.910714286
46,0.976785714
46,0.916071429
46,0.905357143
46,0.967857143
46,0.830357143
46,0.539285714
46,0
46,0.95
46,0.908928571
46,0.878571429
46,0.704081633
46,0.878571429
46,0.648214286
46,0.805357143
46,0.773214286
46,0.876785714
46,0.991071429
46,0.948214286
46,0.930357143
46,0.758928571
46,0.682142857
46,0.732142857
46,0.83877551
46,0.898214286
46,0.923214286
46,0.853571429
46,0.730357143
46,0.914285714
46,0.941071429
46,0.603571429
46,0.769642857
46,0.916071429
46,0.907142857
46,0.919642857
46,0.714285714
46,0.940816327
46,0.585714286
46,0.448214286
46,0.901785714
46,0.683928571
46,0.7875
46,0.846428571
46,0.785714286
46,0.933928571
46,0.771428571
46,0.833928571
46,0.855357143
47,0.847619048
47,0.882539683
47,0.926984127
47,0.787301587
47,0.888888889
47,0.876190476
47,0.864285714
47,0.863492063
47,0.734920635
47,0.828571429
47,0.847619048
47,0.971428571
47,0.914285714
47,0.9
47,0.873015873
47,0.907936508
47,0.53015873
47,0.833333333
47,0.69047619
47,0.898412698
47,0.934920635
47,0.806349206
47,0.76031746
47,0.798412698
47,0.984126984
47,0.947619048
47,0.752380952
47,0.795238095
47,0.995238095
47,0.688888889
47,0.903174603
47,0.925396825
47,0.904761905
47,0.915873016
47,0.888888889
47,0.657142857
47,0.847619048
47,0.844444444
47,0.933928571
47,0.834920635
47,0.911111111
47,0.948214286
47,0.958730159
47,0.901587302
47,0.734920635
47,0.923809524
47,0.903174603
47,0.801587302
47,0.874603175
47,0.804761905
47,0.703174603
47,0.574603175
47,0.912698413
47,0.712698413
47,0.871428571
47,0.973015873
47,0.733333333
47,0.825396825
47,0.853968254
47,0.847619048
47,0.866666667
47,0.565079365
47,0.63015873
47,0.73015873
47,0.928571429
47,0.957142857
47,0.968253968
47,0.855555556
47,0.957142857
47,0.798412698
47,0.887301587
47,0.863492063
47,0.747619048
47,0.79047619
47,0.923809524
47,0.603174603
47,0.811111111
47,0.841269841
47,0.963492063
47,0.977777778
47,0.792063492
47,0.704761905
47,0.885714286
47,0.904761905
47,0.752380952
47,0.936507937
47,0.855555556
47,0.901587302
47,0.896825397
47,0.755555556
47,0.928571429
47,0.785714286
47,0.965079365
47,0.863492063
47,0.936507937
47,0.787301587
47,0.982539683
47,0.973015873
47,0.874603175
47,0.907936508
47,0.873015873
47,0.771428571
47,0.803174603
47,0.868253968
47,0.780952381
47,0.971428571
47,0
47,0.99047619
47,0.99047619
47,0.7
47,0.846031746
47,0.958730159
47,0.715873016
47,0.763492063
47,0.936507937
47,0.807936508
47,0.866666667
47,0.920634921
47,0.86984127
47,0.89047619
47,0.831746032
47,0.746031746
47,0.825396825
47,0.865079365
47,0.788888889
47,0.780952381
47,0.622222222
47,0.931746032
47,0.920634921
47,0.753968254
47,0.888888889
47,0.749206349
47,1
47,0.794642857
47,0.914285714
47,0.963492063
47,0.907142857
47,0.722222222
47,0.947619048
47,0.844444444
47,0.826984127
47,0.855555556
47,0.817460317
47,0.825396825
47,0.801785714
47,0.936507937
47,0.803571429
47,0.701587302
47,0.873214286
47,0.851785714
47,0.817857143
47,0.798412698
47,0.731746032
47,0.928571429
47,0.89047619
47,0.841269841
47,0.784126984
47,0.892063492
47,0.617460317
47,0.90952381
47,0.846031746
47,0.903174603
47,0.926984127
47,0.979365079
47,0.750793651
47,0.682539683
47,0
47,0.876190476
47,0.995238095
47,0.992063492
47,0.784126984
47,0.984126984
47,0.692857143
47,0.963492063
47,0.792063492
47,0.879365079
47,0.826984127
47,0.798412698
47,0.668253968
47,0.726984127
47,0.785714286
47,0.748214286
47,0.852380952
47,0.974603175
47,0.987301587
47,0.888888889
47,0.792063492
47,0.858730159
47,0.892063492
47,0.631746032
47,0.901587302
47,0.887301587
47,0.866666667
47,0.838095238
47,0.612698413
47,0.906349206
47,0.525396825
47,0.466666667
47,0.952380952
47,0.766666667
47,0.780952381
47,0.746031746
47,0.949206349
47,0.941269841
47,0.814285714
47,0.933333333
47,0.873015873
48,0.885714286
48,0.802857143
48,0.985714286
48,0.808571429
48,0.94
48,0.78
48,0.882857143
48,0.771428571
48,0.874285714
48,0.9
48,0.837142857
48,0.971428571
48,0.934285714
48,0.717142857
48,0.865714286
48,0.9
48,0.517142857
48,0.937142857
48,0.722857143
48,0.837142857
48,0.948571429
48,0.86
48,0.68
48,0.777142857
48,0.862857143
48,0.628571429
48,0.702857143
48,0.805714286
48,0.974285714
48,0.8
48,0.782857143
48,0.945714286
48,0.797142857
48,0.985714286
48,0.828571429
48,0.582857143
48,0.974285714
48,0.882857143
48,0.88
48,0.782857143
48,0.945714286
48,0.922857143
48,0.774285714
48,0.925714286
48,0.791428571
48,0.971428571
48,0.911428571
48,0.845714286
48,0.82
48,0.7
48,0.654285714
48,0.337142857
48,0.9
48,0.771428571
48,0.742857143
48,0.848571429
48,0.648571429
48,0.802857143
48,0.728571429
48,0.928571429
48,0.771428571
48,0.92
48,0.597142857
48,0.797142857
48,0.802857143
48,0.977142857
48,0.971428571
48,0.968571429
48,0.857142857
48,0.894285714
48,0.948571429
48,0.922857143
48,0.871428571
48,0.925714286
48,0.968571429
48,0.631428571
48,0.642857143
48,0.86
48,0.994285714
48,0.911428571
48,0.828571429
48,0.642857143
48,0.748571429
48,0.814285714
48,0.728571429
48,0.914285714
48,0.8
48,0.857142857
48,0.905714286
48,0.942857143
48,0.905714286
48,0.745714286
48,0.982857143
48,0.977142857
48,0.837142857
48,0.86
48,0.991428571
48,0.857142857
48,0.662857143
48,0.845714286
48,0.822857143
48,0.734285714
48,0.822857143
48,0.911428571
48,0.577142857
48,1
48,0
48,0.994285714
48,0.997142857
48,0.7
48,0.725714286
48,0.957142857
48,0.768571429
48,0.92
48,0.697142857
48,0.84
48,0.853571429
48,0.948571429
48,0.854285714
48,0.962857143
48,0.785714286
48,0.677142857
48,0.954285714
48,0.86
48,0.728571429
48,0.66
48,0.628571429
48,0.897142857
48,0.854285714
48,0.777142857
48,0.842857143
48,0.674285714
48,0.982857143
48,0.722857143
48,0.745714286
48,0.897142857
48,0.945714286
48,0.794285714
48,0.985714286
48,0.902857143
48,0.705714286
48,0.9
48,0.765714286
48,0.674285714
48,0.848571429
48,0.951428571
48,0.785714286
48,0.777142857
48,0.802857143
48,0.911428571
48,0.648571429
48,0.865714286
48,0.685714286
48,0.857142857
48,0.811428571
48,0.942857143
48,0.757142857
48,0.674285714
48,0.762857143
48,0.945714286
48,0.965714286
48,0.791428571
48,0.92
48,0.985714286
48,0.854285714
48,0.742857143
48,0
48,0.908571429
48,0.882857143
48,0.848571429
48,0.742857143
48,0.911428571
48,0.791428571
48,0.825714286
48,0.857142857
48,0.948571429
48,0.911428571
48,0.845714286
48,0.685714286
48,0.762857143
48,0.668571429
48,0.845714286
48,0.862857143
48,1
48,1
48,0.86
48,0.82
48,0.968571429
48,0.737142857
48,0.677142857
48,0.931428571
48,0.977142857
48,0.9
48,0.92
48,0.665714286
48,0.877142857
48,0.637142857
48,0.582857143
48,0.942857143
48,0.757142857
48,0.857142857
48,0.8
48,0.657142857
48,0.985714286
48,0.84
48,0.942857143
48,0.862857143
49,0.892857143
49,0.864285714
49,0.864285714
49,0.816071429
49,0.905357143
49,0.825
49,0.903571429
49,0.776785714
49,0.841071429
49,0.946428571
49,0.801785714
49,0.966071429
49,0.894642857
49,0.778571429
49,0.898214286
49,0.917857143
49,0.535714286
49,0.866071429
49,0.626785714
49,0.871428571
49,0.898214286
49,0.585714286
49,0.775
49,0.819642857
49,0.957142857
49,0.924489796
49,0.757142857
49,0.819642857
49,0.925
49,0.721428571
49,0
49,0.967857143
49,0.960714286
49,0.792857143
49,0.805357143
49,0.791071429
49,0.9375
49,0.958928571
49,0.892857143
49,0.864285714
49,0.905357143
49,0.782142857
49,0.983928571
49,0.783928571
49,0.871428571
49,0.882142857
49,0.921428571
49,0.732142857
49,0.869387755
49,0.766071429
49,0.655357143
49,0.453571429
49,0.826785714
49,0.767857143
49,0.882142857
49,0.819642857
49,0.546428571
49,0.808928571
49,0.7
49,0.810714286
49,0.658928571
49,0.635714286
49,0.514285714
49,0.894642857
49,0.966071429
49,0.978571429
49,0.914285714
49,0.885714286
49,0.967857143
49,0.851785714
49,0.891071429
49,0.792857143
49,0.728571429
49,0.8375
49,0.896428571
49,0.798214286
49,0.716071429
49,0.930357143
49,0.869642857
49,0.925
49,0.808928571
49,0.819642857
49,0.751785714
49,0.85
49,0.835714286
49,0.923214286
49,0.816071429
49,0.707142857
49,0.925
49,0.919642857
49,0.9625
49,0.723214286
49,0.935714286
49,0.933928571
49,0.925
49,0.746428571
49,0.976785714
49,0.916071429
49,0.85
49,0.966071429
49,0.642857143
49,0.789795918
49,0.807142857
49,0.905357143
49,0.869642857
49,1
49,0
49,0.789285714
49,0.921428571
49,0.830357143
49,0.757142857
49,0.964285714
49,0.5875
49,0.791071429
49,0.769642857
49,0.892857143
49,0.808928571
49,0.8875
49,0.85
49,0.842857143
49,0.802040816
49,0.667857143
49,0.807142857
49,0.967857143
49,0.898214286
49,0.771428571
49,0.748214286
49,0.903571429
49,0.933928571
49,0.776785714
49,0.716071429
49,0.760714286
49,0.935714286
49,0.755357143
49,0.839285714
49,0.944642857
49,0.955357143
49,0.816071429
49,0.955357143
49,0.901785714
49,0.844642857
49,0.867857143
49,0.9125
49,0.646428571
49,0.821428571
49,0.9625
49,0.796428571
49,0.77755102
49,0.803571429
49,0.978571429
49,0.708928571
49,0.901785714
49,0.869642857
49,0.878571429
49,0.851785714
49,0.869642857
49,0.692857143
49,0.907142857
49,0.828571429
49,0.9
49,0.878571429
49,0.867857143
49,0.9125
49,0.948214286
49,0.819642857
49,0.783928571
49,0
49,0.923214286
49,0.928571429
49,1
49,0.733928571
49,0.871428571
49,0.744642857
49,0.948214286
49,0.839285714
49,0.8375
49,0.923214286
49,0.753571429
49,0.864285714
49,0.733928571
49,0.723214286
49,0.733928571
49,0.760714286
49,0.894642857
49,0.921428571
49,0.946428571
49,0.803571429
49,0.891071429
49,0.880357143
49,0.779591837
49,0.85
49,0.898214286
49,0.85
49,0.791071429
49,0.698214286
49,0.8875
49,0.6125
49,0.435714286
49,0.901785714
49,0.766071429
49,0.805357143
49,0.817857143
49,0.882142857
49,0.751785714
49,0.691071429
49,0.889285714
49,0.882142857
50,0.825396825
50,0.858730159
50,0.934920635
50,0.806349206
50,0.966666667
50,0.858730159
50,0.884126984
50,0.847619048
50,0.825396825
50,0.912698413
50,0.812698413
50,1
50,0.834920635
50,0.849206349
50,0.863492063
50,0.953968254
50,0.56984127
50,0.879365079
50,0.625396825
50,0.865079365
50,0.901587302
50,0.588888889
50,0.661904762
50,0.746031746
50,0.855555556
50,0.982142857
50,0.833333333
50,0.765079365
50,0.971428571
50,0.655555556
50,0
50,0.882539683
50,0.86984127
50,0.841269841
50,0.855555556
50,0.80952381
50,0.876190476
50,0.86031746
50,0.941269841
50,0.857142857
50,0.9
50,0.941269841
50,0.873015873
50,0.86031746
50,0.944444444
50,0.919047619
50,0.822222222
50,0.83968254
50,0.848214286
50,0.846031746
50,0.576190476
50,0.492063492
50,0.941269841
50,0.750793651
50,0.814285714
50,0.850793651
50,0.610714286
50,0.807936508
50,0.80952381
50,0.903174603
50,0.849206349
50,0.766666667
50,0.56031746
50,0.8
50,0.985714286
50,1
50,0.942857143
50,0.93015873
50,0.93015873
50,0.793650794
50,0.853968254
50,0.785714286
50,0.750793651
50,0.820634921
50,0.923809524
50,0.615873016
50,0.766666667
50,0.907936508
50,0.96031746
50,0.957142857
50,0.814285714
50,0.693650794
50,0.868253968
50,0.920634921
50,0.842857143
50,0.949206349
50,0.884126984
50,0.852380952
50,0.903174603
50,0.863492063
50,0.920634921
50,0.76984127
50,0.942857143
50,0.893650794
50,0.907936508
50,0.767857143
50,0.99047619
50,0.89047619
50,0.755555556
50,0.925396825
50,0.798412698
50,0.911428571
50,0.806349206
50,0.847619048
50,0.798412698
50,0
50,0
50,0.957142857
50,0.984126984
50,0.63968254
50,0.850793651
50,0.922222222
50,0.649206349
50,0.788888889
50,0.887301587
50,0.747619048
50,0.782539683
50,0.901587302
50,0.823809524
50,0.846031746
50,0.834285714
50,0.488888889
50,0.825396825
50,0.903174603
50,0.852380952
50,0.765079365
50,0.506349206
50,0.941269841
50,0.949206349
50,0.834920635
50,0.917460317
50,0.706349206
50,0.982539683
50,0.780952381
50,0.911111111
50,0.893650794
50,0.938095238
50,0.733333333
50,0.947619048
50,0.915873016
50,0.777777778
50,0.906349206
50,0.757142857
50,0.765079365
50,0.83968254
50,0.871428571
50,0.815873016
50,0.82
50,0.76984127
50,0.944642857
50,0.820634921
50,0.855555556
50,0.874603175
50,0.89047619
50,0.819047619
50,0.884126984
50,0.676190476
50,0.874603175
50,0.6875
50,0.868253968
50,0.922222222
50,0.938095238
50,0.893650794
50,0.984126984
50,0.785714286
50,0.520634921
50,0
50,0.958730159
50,0.858730159
50,0.853968254
50,0.807936508
50,0.866666667
50,0.615873016
50,0.828571429
50,0.792063492
50,0.885714286
50,0.953968254
50,0.868253968
50,0.853968254
50,0.776190476
50,0.828571429
50,0.836507937
50,0.932142857
50,1
50,0.949206349
50,0.879365079
50,0.838095238
50,0.887301587
50,0.877777778
50,0.666666667
50,0.833333333
50,0.931746032
50,0.901587302
50,0.877777778
50,0.698412698
50,0.936507937
50,0.550793651
50,0.542857143
50,0.861904762
50,0.8
50,0.725396825
50,0.892063492
50,0.882539683
50,0.919047619
50,0.825396825
50,0.850793651
50,0.866666667
51,0.773214286
51,0.944642857
51,0.973214286
51,0.796428571
51,0.842857143
51,0.832142857
51,0.898214286
51,0.846428571
51,0.841071429
51,0.941071429
51,0.755357143
51,0.994642857
51,0.9
51,0.892857143
51,0.857142857
51,0.8875
51,0.517857143
51,0.801785714
51,0.75
51,0.860714286
51,0.951785714
51,0.721428571
51,0.773214286
51,0.882142857
51,0.925
51,0.951785714
51,0.814285714
51,0.925
51,0.960714286
51,0.705357143
51,0
51,0.919642857
51,0.957142857
51,0.910714286
51,0.878571429
51,0.664285714
51,0.8
51,0.853571429
51,0.892857143
51,0.8625
51,0.903571429
51,0.846428571
51,0.805357143
51,0.830357143
51,0.878571429
51,0.901785714
51,0.871428571
51,0.7125
51,0.826785714
51,0.8125
51,0.633928571
51,0.7375
51,0.826785714
51,0.757142857
51,0.764285714
51,0.857142857
51,0.7375
51,0.7875
51,0.791071429
51,0.846428571
51,0.757142857
51,0.857142857
51,0.798214286
51,0.880357143
51,0.960714286
51,0.944642857
51,0.948214286
51,0.926785714
51,0.926785714
51,0.875
51,0.839285714
51,0.741071429
51,0.823214286
51,0.65
51,0.923214286
51,0.678571429
51,0.683928571
51,0.908928571
51,0.996428571
51,0.944642857
51,0.75
51,0.778571429
51,0.760714286
51,0.892857143
51,0.778571429
51,0.946428571
51,0.814285714
51,0.9
51,0.891071429
51,0.889285714
51,0.907142857
51,0.705357143
51,0.983928571
51,0.885714286
51,0.819642857
51,0.776785714
51,0.982142857
51,0.846428571
51,0.835714286
51,0.914285714
51,0.851785714
51,0.778571429
51,0.858928571
51,0.875
51,0.869642857
51,0
51,0.942857143
51,0.9625
51,0.998214286
51,0.808928571
51,0.844642857
51,0.910714286
51,0.866071429
51,0.8375
51,0.8125
51,0.878571429
51,0.789285714
51,0.905357143
51,0.905357143
51,0.869642857
51,0.805357143
51,0.716071429
51,0.907142857
51,0.991071429
51,0.746428571
51,0.710714286
51,0.621428571
51,0.916071429
51,0.892857143
51,0.819642857
51,0.8625
51,0.742857143
51,0.941071429
51,0.797959184
51,0.894642857
51,0.958928571
51,0.892857143
51,0.782142857
51,0.980357143
51,0.808928571
51,0.864285714
51,0.819642857
51,0.841071429
51,0.782142857
51,0.851785714
51,0.919642857
51,0.780357143
51,0.866071429
51,0.921428571
51,0.991071429
51,0.871428571
51,0.844642857
51,0.8
51,0.7875
51,0.823214286
51,0.853571429
51,0.658928571
51,0.85
51,0.704081633
51,0.916071429
51,0.891071429
51,0.841071429
51,0.826785714
51,0.982142857
51,0.833928571
51,0.808928571
51,0
51,0.976785714
51,0.835714286
51,0.801785714
51,0.823214286
51,0.864285714
51,0.816071429
51,0.914285714
51,0.841071429
51,0.857142857
51,0.960714286
51,0.919642857
51,0.791071429
51,0.673214286
51,0.696428571
51,0.726785714
51,0.844642857
51,0.978571429
51,0.939285714
51,0.880357143
51,0.823214286
51,0.898214286
51,0.8625
51,0.735714286
51,0.869642857
51,0.8875
51,0.830357143
51,0.825
51,0.605357143
51,0.857142857
51,0.566071429
51,0.532142857
51,0.866071429
51,0.798214286
51,0.819642857
51,0.878571429
51,0.889285714
51,0.95
51,0.839285714
51,0.832142857
51,0.903571429
52,0.869642857
52,0.976785714
52,0.957142857
52,0.769642857
52,0.9375
52,0.875
52,0.855357143
52,0.910714286
52,0.828571429
52,0.980357143
52,0.857142857
52,1
52,0.942857143
52,0.855357143
52,0.898214286
52,0.951785714
52,0.517857143
52,0.8875
52,0.592857143
52,0.816071429
52,0.905357143
52,0.730357143
52,0.717857143
52,0.841071429
52,0.8875
52,0.9125
52,0.7875
52,0.839285714
52,0.973214286
52,0.732142857
52,0
52,0.8875
52,0.9
52,0.930357143
52,0.892857143
52,0.696428571
52,0.864285714
52,0.857142857
52,0.907142857
52,0.789285714
52,0.880357143
52,0.948214286
52,0.939285714
52,0.891071429
52,0.923214286
52,0.853571429
52,0.892857143
52,0.810714286
52,0.853571429
52,0.780357143
52,0.660714286
52,0.587755102
52,0.851785714
52,0.771428571
52,0.823214286
52,0.903571429
52,0.651785714
52,0.810714286
52,0.8
52,0.857142857
52,0.851785714
52,0.701785714
52,0.675
52,0.871428571
52,0.985714286
52,0.983928571
52,0.851785714
52,0.916071429
52,0.828571429
52,0.833928571
52,0.841071429
52,0.8125
52,0.794642857
52,0.778571429
52,0.867857143
52,0.6625
52,0.764285714
52,0.932142857
52,0.982142857
52,0.9875
52,0.803571429
52,0.764285714
52,0.875
52,0.901785714
52,0.844642857
52,0.973214286
52,0.9
52,0.919642857
52,0.935714286
52,0.901785714
52,0.944642857
52,0.698214286
52,0.957142857
52,0.941071429
52,0.830357143
52,0.748214286
52,0.9625
52,0.867857143
52,0.807142857
52,0.923214286
52,0.867857143
52,0.801785714
52,0.767857143
52,0.791071429
52,0.855357143
52,0
52,0.966071429
52,0.978571429
52,0.998214286
52,0.75
52,0.925
52,0.925
52,0.785714286
52,0.817857143
52,0.810714286
52,0.769642857
52,0.892857143
52,0.923214286
52,0.828571429
52,0.796428571
52,0.823214286
52,0.678571429
52,0.853571429
52,0.996428571
52,0.883928571
52,0.810204082
52,0.725
52,0.941071429
52,0.944642857
52,0.7875
52,0.855357143
52,0.814285714
52,0.948214286
52,0.795918367
52,0.8875
52,0.9625
52,0.942857143
52,0.885714286
52,0.989285714
52,0.846428571
52,0.926785714
52,0.873214286
52,0.821428571
52,0.841071429
52,0.823214286
52,0.919642857
52,0.841071429
52,0.7625
52,0.903571429
52,1
52,0.916071429
52,0.844642857
52,0.835714286
52,0.8375
52,0.808163265
52,0.871428571
52,0.708928571
52,0.821428571
52,0.698214286
52,0.926785714
52,0.930357143
52,0.851785714
52,0.866071429
52,0.953571429
52,0.817857143
52,0.723214286
52,1
52,0.910714286
52,0.814285714
52,0.8875
52,0.696428571
52,0.805357143
52,0.792857143
52,0.864285714
52,0.85
52,0.842857143
52,0.905357143
52,0.880357143
52,0.883928571
52,0.653571429
52,0.844642857
52,0.835714286
52,0.857142857
52,0.935714286
52,0.975
52,0.916071429
52,0.841071429
52,0.878571429
52,0.892857143
52,0.780357143
52,0.798214286
52,0.958928571
52,0.860714286
52,0.876785714
52,0.696428571
52,0.926785714
52,0.551785714
52,0.564285714
52,0.853061224
52,0.896428571
52,0.951785714
52,0.944642857
52,0.776785714
52,0.891071429
52,0.892857143
52,0.775
52,0.895918367
53,0.841269841
53,0.838095238
53,0.838095238
53,0.80952381
53,0.89047619
53,0.884126984
53,0.923809524
53,0.846031746
53,0.865079365
53,0.950793651
53,0.834920635
53,0
53,0.857142857
53,0.893650794
53,0.882539683
53,0.917460317
53,0.526984127
53,0.831746032
53,0.673015873
53,0.861904762
53,0.933333333
53,0.746031746
53,0.711111111
53,0.804761905
53,0.788888889
53,0.90952381
53,0.822222222
53,0.83015873
53,0.863492063
53,0.696825397
53,0
53,0.915873016
53,0.90952381
53,0.896825397
53,0.86031746
53,0.728571429
53,0.83968254
53,0.853968254
53,0.936734694
53,0.86031746
53,0.915873016
53,0.926984127
53,0.819047619
53,0.888888889
53,0.911111111
53,0.907936508
53,0.907936508
53,0.811111111
53,0.86984127
53,0.803571429
53,0.753968254
53,0.649206349
53,0.901587302
53,0.806349206
53,0.804761905
53,0.852380952
53,0.648214286
53,0.817460317
53,0.86984127
53,0.857142857
53,0.796825397
53,0.776190476
53,0.541269841
53,0.880952381
53,0.977777778
53,0.96984127
53,0.922222222
53,0.911111111
53,0.93968254
53,0.903174603
53,0.895238095
53,0.777777778
53,0.79047619
53,0.771428571
53,0.912698413
53,0.712698413
53,0.715873016
53,0.93968254
53,0.820634921
53,0.86031746
53,0.752380952
53,0.761904762
53,0.877777778
53,0.849206349
53,0.823809524
53,0.86984127
53,0.855555556
53,0.880952381
53,0.896825397
53,0.838095238
53,0.903174603
53,0.665079365
53,0.968253968
53,0.912698413
53,0.86031746
53,0.748979592
53,0.99047619
53,0.893650794
53,0.86031746
53,0.903174603
53,0.901587302
53,0.802040816
53,0.868253968
53,0.904761905
53,0.873015873
53,0
53,0.944444444
53,0.974603175
53,0.952380952
53,0.775
53,0.923809524
53,0.901587302
53,0.722222222
53,0.823809524
53,0.898412698
53,0.855555556
53,0.89047619
53,0.877777778
53,0.836507937
53,0.83015873
53,0.780952381
53,0.868253968
53,0.904761905
53,0.931746032
53,0.822222222
53,0.773015873
53,0.73968254
53,0.89047619
53,0.920634921
53,0.833928571
53,0.849206349
53,0.753968254
53,0.853968254
53,0.801587302
53,0.896428571
53,0.874603175
53,0.925396825
53,0.766666667
53,0.977777778
53,0.828571429
53,0.836507937
53,0.912698413
53,0.796825397
53,0.850793651
53,0.858730159
53,0.871428571
53,0.812698413
53,0.864285714
53,0.919047619
53,0.985714286
53,0.858730159
53,0.86984127
53,0.733333333
53,0.822222222
53,0.828571429
53,0.820634921
53,0.687301587
53,0.887301587
53,0.822222222
53,0.852380952
53,0.895238095
53,0.895238095
53,0.893650794
53,0.996825397
53,0.871428571
53,0.777777778
53,1
53,0.928571429
53,0.893650794
53,0.873015873
53,0.8
53,0.858730159
53,0.680952381
53,0.893650794
53,0.796825397
53,0.879365079
53,0.955555556
53,0.842857143
53,0.850793651
53,0.693650794
53,0.763492063
53,0.822222222
53,0.919047619
53,0.919047619
53,1
53,0.912698413
53,0.811111111
53,0.833333333
53,0.874603175
53,0.714285714
53,0.871428571
53,0.873015873
53,0.895238095
53,0.853968254
53,0.847619048
53,0.894642857
53,0.520634921
53,0.495238095
53,0.904761905
53,0.765079365
53,0.768253968
53,0.915873016
53,0.795238095
53,0.882539683
53,0.861904762
53,0.834920635
53,0.865079365
54,0.858928571
54,0.910714286
54,0.930357143
54,0.757142857
54,0.910714286
54,0.9
54,0.873214286
54,0.951785714
54,0.785714286
54,0.923214286
54,0.858928571
54,0.935714286
54,0.928571429
54,0.848214286
54,0.8625
54,0.9125
54,0.535714286
54,0.871428571
54,0.632142857
54,0.844642857
54,0.903571429
54,0.651785714
54,0.696428571
54,0.739285714
54,0.892857143
54,0
54,0.883928571
54,0.885714286
54,0.966071429
54,0.689285714
54,0.771428571
54,0.923214286
54,0.917857143
54,0.871428571
54,0.935714286
54,0.796428571
54,0.8875
54,0.926785714
54,0.955102041
54,0.794642857
54,0.917857143
54,0.905357143
54,0.796428571
54,0.873214286
54,0.853571429
54,0.860714286
54,0.892857143
54,0.891071429
54,0.842857143
54,0.826785714
54,0.646428571
54,0.5875
54,0.903571429
54,0.792857143
54,0.867857143
54,0.835714286
54,0.639285714
54,0.796428571
54,0.723214286
54,0.882142857
54,0.842857143
54,0.832142857
54,0.682142857
54,0.892857143
54,0.933928571
54,0.933928571
54,0.907142857
54,0.864285714
54,0.908928571
54,0.857142857
54,0.8875
54,0.823214286
54,0.767857143
54,0.8625
54,0.875
54,0.710714286
54,0.769642857
54,0.916071429
54,0.932142857
54,0.95
54,0.775
54,0.794642857
54,0.882142857
54,0.914285714
54,0.798214286
54,0.926785714
54,0.882142857
54,0.946428571
54,0.908928571
54,0.932142857
54,0.95
54,0.744642857
54,0.966071429
54,0.864285714
54,0.878571429
54,0.846428571
54,0.975
54,0.8375
54,0.846428571
54,0.923214286
54,0.878571429
54,0.808928571
54,0.810714286
54,0.830357143
54,0.908928571
54,0.954761905
54,0.975
54,0.958928571
54,0.933928571
54,0.728571429
54,0.875
54,0.928571429
54,0.675
54,0.808928571
54,0.775
54,0.896428571
54,0.928571429
54,0.941071429
54,0.885714286
54,0.882142857
54,0
54,0.636734694
54,0.930357143
54,0.951785714
54,0.764285714
54,0.7875
54,0.498214286
54,0.966071429
54,0.953571429
54,0.825
54,0.923214286
54,0.821428571
54,0.964285714
54,0.828571429
54,0.907142857
54,0.991071429
54,0.901785714
54,0.8
54,0.996428571
54,0.930357143
54,0.823214286
54,0.925
54,0.910714286
54,0.794642857
54,0.828571429
54,0.976785714
54,0.851785714
54,0
54,0.932142857
54,0.9
54,0.928571429
54,0.842857143
54,0.866071429
54,0.728571429
54,0.819642857
54,0.932142857
54,0.75
54,0.848214286
54,0.665714286
54,0.942857143
54,0.946428571
54,0.841071429
54,0.869642857
54,0.991071429
54,0.823214286
54,0.641071429
54,1
54,0.8875
54,0.848214286
54,0.860714286
54,0.792857143
54,0.8625
54,0.766071429
54,0.9
54,0.785714286
54,0.8625
54,0.933928571
54,0.926785714
54,0.85
54,0.710714286
54,0.794642857
54,0.789285714
54,0.839285714
54,0.882142857
54,0.946428571
54,0.910714286
54,0.896428571
54,0.917857143
54,0.864285714
54,0.779591837
54,0.805357143
54,0.95
54,0.873214286
54,0.839285714
54,0.630357143
54,0.883928571
54,0.548214286
54,0.573214286
54,0.871428571
54,0.833928571
54,0.8
54,0.8625
54,0.7875
54,0.875
54,0.864285714
54,0.746428571
54,0.907142857
55,0.910714286
55,0.846428571
55,0.948214286
55,0.835714286
55,0.916071429
55,0.891071429
55,0.896428571
55,0.9
55,0.8375
55,0.932653061
55,0.8
55,0.919642857
55,0.9
55,0.842857143
55,0.894642857
55,0.907142857
55,0.510714286
55,0.869642857
55,0.642857143
55,0.857142857
55,0.95
55,0.855357143
55,0.776785714
55,0.880357143
55,0.846428571
55,0.792857143
55,0.742857143
55,0.869642857
55,0.976785714
55,0.671428571
55,0.882142857
55,0.871428571
55,0.958928571
55,0.944642857
55,0.925
55,0.667857143
55,0.846428571
55,0.925
55,0.891071429
55,0.821428571
55,0.932142857
55,0.930357143
55,0.826785714
55,0.923214286
55,0.8875
55,0.907142857
55,0.875
55,0.816071429
55,0.87755102
55,0.817857143
55,0.8
55,0.608928571
55,0.976785714
55,0.858928571
55,0.835714286
55,0.898214286
55,0.630357143
55,0.823214286
55,0.851785714
55,0.917857143
55,0.908928571
55,0.707142857
55,0.75
55,0.883928571
55,0.957142857
55,0.9875
55,0.939285714
55,0.980357143
55,0.910714286
55,0.842857143
55,0.894642857
55,0.766071429
55,0.733928571
55,0.848214286
55,0.869642857
55,0.65
55,0.657142857
55,0.95
55,0.955357143
55,0.953571429
55,0.778571429
55,0.794642857
55,0.980357143
55,0.867857143
55,0.75
55,0.9125
55,0.851785714
55,0.944642857
55,0.9
55,0.8625
55,0.896428571
55,0.764285714
55,0.921428571
55,0.919642857
55,0.892857143
55,0.805357143
55,0.983928571
55,0.919642857
55,0.860714286
55,0.935714286
55,0.957142857
55,0.817857143
55,0.866071429
55,0.855357143
55,0.925
55,0.975
55,0.919642857
55,0.916071429
55,0.976785714
55,0.791071429
55,0.873214286
55,0.966071429
55,0.764285714
55,0.833928571
55,0.930357143
55,0.846428571
55,0.821428571
55,0.876785714
55,0.880357143
55,0.792857143
55,0
55,0.878571429
55,0.921428571
55,0.885714286
55,0.985714286
55,0.732142857
55,0.798214286
55,0.907142857
55,0.95
55,0.876785714
55,0.942857143
55,0.798214286
55,0.95
55,0.8375
55,0.926785714
55,0.917857143
55,0.978571429
55,0.719642857
55,0.985714286
55,0.875
55,0.848214286
55,0.932142857
55,0.864285714
55,0.760714286
55,0.891071429
55,0.932142857
55,0.819642857
55,0
55,0.96122449
55,0.961904762
55,0.923214286
55,0.883928571
55,0.753571429
55,0.892857143
55,0.857142857
55,0.844642857
55,0.6875
55,0.908928571
55,0.808928571
55,0.875
55,0.916071429
55,0.932142857
55,0.9375
55,0.953571429
55,0.853571429
55,0.873214286
55,1
55,0.925
55,0.901785714
55,0.864285714
55,0.867857143
55,0.864285714
55,0.916071429
55,0.894642857
55,0.860714286
55,0.846428571
55,0.976785714
55,0.833928571
55,0.801785714
55,0.742857143
55,0.808928571
55,0.830357143
55,0.944642857
55,0.971428571
55,0.935714286
55,0.9
55,0.780357143
55,0.867857143
55,0.933928571
55,0.726785714
55,0.883928571
55,0.916071429
55,0.875
55,0.821428571
55,0.719642857
55,0.919642857
55,0.492857143
55,0.560714286
55,0.939285714
55,0.717857143
55,0.869642857
55,0.842857143
55,0.741071429
55,0.9375
55,0.914285714
55,0.844642857
55,0.907142857
56,0.905357143
56,0.925
56,0.971428571
56,0.841071429
56,0.932142857
56,0.919642857
56,0.908928571
56,0.928571429
56,0.851785714
56,0.942857143
56,0.816071429
56,0.975
56,0.939285714
56,0.823214286
56,0.871428571
56,0.932142857
56,0.539285714
56,0.9
56,0.594642857
56,0.878571429
56,0.939285714
56,0.725
56,0.821428571
56,0.841071429
56,0.921428571
56,0.933928571
56,0.858928571
56,0.860714286
56,0.966071429
56,0.671428571
56,0.873214286
56,0.880357143
56,0.925
56,0.878571429
56,0.880357143
56,0.757142857
56,0.942857143
56,0.867857143
56,0.930952381
56,0.851785714
56,0.932142857
56,0.907142857
56,0.964285714
56,0.8625
56,0.894642857
56,0.905357143
56,0.894642857
56,0.939285714
56,0.869642857
56,0.851785714
56,0.744642857
56,0.775
56,0.967857143
56,0.735714286
56,0.835714286
56,0.8375
56,0.621428571
56,0.857142857
56,0.757142857
56,0.839285714
56,0.921428571
56,0.894642857
56,0.691071429
56,0.851785714
56,0.953571429
56,0.935714286
56,0.9375
56,0.955357143
56,0.871428571
56,0.867857143
56,0.875
56,0.814285714
56,0.8
56,0.916071429
56,0.910714286
56,0.671428571
56,0.578571429
56,0.923214286
56,0.989285714
56,0.966071429
56,0.901785714
56,0.757142857
56,0.923214286
56,0.875
56,0.753571429
56,0.9875
56,0.896428571
56,0.953571429
56,0.951785714
56,0.871428571
56,0.935714286
56,0.810714286
56,0.919642857
56,0.926785714
56,0.885714286
56,0.785714286
56,0.996428571
56,0.925
56,0.848214286
56,0.889285714
56,0.9125
56,0.853571429
56,0.846428571
56,0.848214286
56,0.916071429
56,0.996428571
56,0.944642857
56,0.919642857
56,1
56,0.795918367
56,0.85
56,0.935714286
56,0.744642857
56,0.832142857
56,0.783928571
56,0.873214286
56,0.835714286
56,0.964285714
56,0.948214286
56,0.883928571
56,0
56,0.669642857
56,0.885714286
56,0.964285714
56,0.842857143
56,0.719642857
56,0.7
56,0.969642857
56,0.967857143
56,0.860714286
56,0.833928571
56,0.7875
56,0.95
56,0.858928571
56,0.9125
56,0.95
56,0.907142857
56,0.825
56,0.941071429
56,0.901785714
56,0.758928571
56,0.964285714
56,0.85
56,0.766071429
56,0.841071429
56,0.925
56,0.866071429
56,0
56,0.933928571
56,0.982142857
56,0.939285714
56,0.85
56,0.819642857
56,0.848214286
56,0.8625
56,0.921428571
56,0.758928571
56,0.9125
56,0.767346939
56,0.967857143
56,0.914285714
56,0.935714286
56,0.921428571
56,0.991071429
56,0.857142857
56,0.758928571
56,1
56,0.939285714
56,0.916071429
56,0.907142857
56,0.814285714
56,0.908928571
56,0.830357143
56,0.95
56,0.8625
56,0.923214286
56,0.935714286
56,0.855357143
56,0.875
56,0.719642857
56,0.819642857
56,0.894642857
56,0.866071429
56,0.923214286
56,0.951785714
56,0.896428571
56,0.785714286
56,0.898214286
56,0.95
56,0.755357143
56,0.898214286
56,0.941071429
56,0.9
56,0.833928571
56,0.680357143
56,0.973214286
56,0.505357143
56,0.589285714
56,0.941071429
56,0.832142857
56,0.9125
56,0.873214286
56,0.930357143
56,0.867857143
56,0.8875
56,0.878571429
56,0.917857143
57,0.966666667
57,0.849206349
57,0.953968254
57,0.831746032
57,0.952380952
57,0.925396825
57,0.957142857
57,0.885714286
57,0.846031746
57,0.946428571
57,0.842857143
57,0.925396825
57,0.893650794
57,0.86031746
57,0.9
57,0.957142857
57,0.525396825
57,0.907936508
57,0.741269841
57,0.83968254
57,0.919047619
57,0.668253968
57,0.787301587
57,0.83968254
57,0.926984127
57,0.932142857
57,0.850793651
57,0.833333333
57,0.958730159
57,0.717460317
57,0.866666667
57,0.903174603
57,0.911111111
57,0.957142857
57,0.982539683
57,0.842857143
57,0.968253968
57,0.96984127
57,0.942857143
57,0.814285714
57,0.926984127
57,0.933333333
57,0.96031746
57,0.898412698
57,0.893650794
57,0.922222222
57,0.884126984
57,0.842857143
57,0.866666667
57,0.820634921
57,0.696825397
57,0.677777778
57,0.922222222
57,0.757142857
57,0.93015873
57,0.842857143
57,0.661904762
57,0.838095238
57,0.79047619
57,0.896825397
57,0.83968254
57,0.804761905
57,0.693650794
57,0.888888889
57,0.966666667
57,0.977777778
57,0.907936508
57,0.966666667
57,0.915873016
57,0.880952381
57,0.906349206
57,0.858730159
57,0.761904762
57,0.895238095
57,0.93968254
57,0.734920635
57,0.765079365
57,0.952380952
57,0.993650794
57,0.966666667
57,0.888888889
57,0.780952381
57,0.922222222
57,0.86031746
57,0.8125
57,0.950793651
57,0.857142857
57,0.934920635
57,0.950793651
57,0.938095238
57,0.893650794
57,0.792063492
57,0.941269841
57,0.947619048
57,0.914285714
57,0.795238095
57,0.996825397
57,0.933333333
57,0.849206349
57,0.952380952
57,0.853968254
57,0.852380952
57,0.857142857
57,0.93968254
57,0.919047619
57,0.979365079
57,0.958730159
57,0.950793651
57,0.984126984
57,0.825
57,0.903174603
57,0.987301587
57,0.76031746
57,0.814285714
57,0.838095238
57,0.946031746
57,0.814285714
57,0.896825397
57,0.928571429
57,0.917460317
57,0.8
57,0.677777778
57,0.892063492
57,0.882539683
57,0.863492063
57,0.774603175
57,0.796825397
57,0.936507937
57,0.96031746
57,0.825396825
57,0.880952381
57,0.798412698
57,0.941269841
57,0.841269841
57,0.914285714
57,0.853968254
57,0.941269841
57,0.796825397
57,0.973015873
57,0.89047619
57,0.858730159
57,0.931746032
57,0.958730159
57,0.755555556
57,0.86984127
57,1
57,0.811111111
57,0
57,0.90952381
57,0.976190476
57,0.903174603
57,0.879365079
57,0.858730159
57,0.944444444
57,0.866666667
57,0.911111111
57,0.76984127
57,0.89047619
57,0.697959184
57,0.919047619
57,0.915873016
57,0.906349206
57,0.919047619
57,0.977777778
57,0.850793651
57,0.803174603
57,1
57,0.907936508
57,0.898412698
57,0.941269841
57,0.836507937
57,0.915873016
57,0.865079365
57,0.93015873
57,0.803174603
57,0.93015873
57,0.93968254
57,0.850793651
57,0.86031746
57,0.742857143
57,0.822222222
57,0.83015873
57,0.895238095
57,0.958730159
57,0.857142857
57,0.912698413
57,0.965079365
57,0.887301587
57,0.904761905
57,0.753968254
57,0.86984127
57,0.966666667
57,0.911111111
57,0.898412698
57,0.693650794
57,0.923809524
57,0.525396825
57,0.579365079
57,0.96031746
57,0.73015873
57,0.867857143
57,0.889285714
57,0.838095238
57,0.936507937
57,0.893650794
57,0.873015873
57,0.892063492
58,0.928571429
58,0.842857143
58,0.958928571
58,0.721428571
58,0.917857143
58,0.905357143
58,0.932142857
58,0.917857143
58,0.835714286
58,0.957142857
58,0.817857143
58,0.867857143
58,0.910714286
58,0.866071429
58,0.9125
58,0.939285714
58,0.567857143
58,0.875
58,0.5875
58,0.910714286
58,0.967857143
58,0.721428571
58,0.758928571
58,0.778571429
58,0.928571429
58,0.951785714
58,0.816071429
58,0.8125
58,0.982142857
58,0.714285714
58,0.903571429
58,0.916071429
58,0.960714286
58,0.9375
58,0.866071429
58,0.782142857
58,0.905357143
58,0.921428571
58,0.916071429
58,0.833928571
58,0.933928571
58,0.9125
58,0.798214286
58,0.875
58,0.869642857
58,0.901785714
58,0.867857143
58,0.869642857
58,0.833928571
58,0.896428571
58,0.701785714
58,0.546428571
58,0.935714286
58,0.803571429
58,0.8625
58,0.841071429
58,0.653061224
58,0.85
58,0.807142857
58,0.873214286
58,0.858928571
58,0.816071429
58,0.7
58,0.892857143
58,0.925
58,0.978571429
58,0.917857143
58,0.923214286
58,0.95
58,0.848214286
58,0.903571429
58,0.85
58,0.730357143
58,0.889285714
58,0.914285714
58,0.7125
58,0.835714286
58,0.903571429
58,0.994642857
58,0.982142857
58,0.891071429
58,0.775
58,0.883928571
58,0.891071429
58,0.748214286
58,0.982142857
58,0.882142857
58,0.917857143
58,0.951785714
58,0.901785714
58,0.957142857
58,0.7875
58,0.935714286
58,0.901785714
58,0.910714286
58,0.791071429
58,0.989285714
58,0.933928571
58,0.905357143
58,0.8625
58,0.889285714
58,0.842857143
58,0.846428571
58,0.866071429
58,0.855357143
58,0.898214286
58,0.894642857
58,0.964285714
58,0.989285714
58,0.779591837
58,0.889285714
58,0.883928571
58,0.785714286
58,0.8
58,0.842857143
58,0.923214286
58,0.814285714
58,0.930357143
58,0.878571429
58,0.883928571
58,0
58,0.801785714
58,0.946428571
58,0.951785714
58,0.841071429
58,0.785714286
58,0.819642857
58,0.9375
58,0.935714286
58,0.908928571
58,0.903571429
58,0.757142857
58,0.964285714
58,0.833928571
58,0.926785714
58,0.883928571
58,0.95
58,0.757142857
58,0.921428571
58,0.942857143
58,0.796428571
58,0.9125
58,0.882142857
58,0.789285714
58,0.853571429
58,0.964285714
58,0.825
58,0
58,0.941071429
58,0.983928571
58,0.891071429
58,0.848214286
58,0.773214286
58,0.894642857
58,0.885714286
58,0.869642857
58,0.683928571
58,0.921428571
58,0.719047619
58,0.908928571
58,0.933928571
58,0.946428571
58,0.903571429
58,0.953571429
58,0.801785714
58,0.664285714
58,1
58,0.941071429
58,0.958928571
58,0.9125
58,0.855357143
58,0.939285714
58,0.875
58,0.964285714
58,0.853571429
58,0.898214286
58,0.964285714
58,0.894642857
58,0.833928571
58,0.823214286
58,0.791071429
58,0.858928571
58,0.866666667
58,0.982142857
58,0.889285714
58,0.9125
58,0.885714286
58,0.907142857
58,0.955357143
58,0.857142857
58,0.8875
58,0.951785714
58,0.914285714
58,0.839285714
58,0.616326531
58,0.971428571
58,0.551785714
58,0.610714286
58,0.966071429
58,0.751785714
58,0.873809524
58,0.880357143
58,0.8625
58,0.928571429
58,0.885714286
58,0.771428571
58,0.8625
59,0.898214286
59,0.905357143
59,0.925
59,0.7875
59,0.976785714
59,0.928571429
59,0.903571429
59,0.848214286
59,0.860714286
59,0.944642857
59,0.9
59,0.901785714
59,0.916071429
59,0.876785714
59,0.919642857
59,0.9625
59,0.573214286
59,0.8875
59,0.723214286
59,0.853571429
59,0.935714286
59,0.823214286
59,0.723214286
59,0.855357143
59,0.835714286
59,0.979591837
59,0.805357143
59,0.905357143
59,0.95
59,0.710714286
59,0.9625
59,0.925
59,0.951785714
59,0.944642857
59,0.875
59,0.823214286
59,0.980357143
59,0.9
59,0.921428571
59,0.873214286
59,0.944642857
59,0.933928571
59,0.842857143
59,0.9125
59,0.933928571
59,0.880357143
59,0.934285714
59,0.841071429
59,0.859183673
59,0.835714286
59,0.769642857
59,0.675
59,0.882142857
59,0.858928571
59,0.875
59,0.846428571
59,0.640816327
59,0.880357143
59,0.855357143
59,0.914285714
59,0.830357143
59,0.710714286
59,0.821428571
59,0.866071429
59,0.964285714
59,0.975
59,0.982857143
59,0.966071429
59,0.919642857
59,0.853571429
59,0.878571429
59,0.921428571
59,0.833928571
59,0.860714286
59,0.933928571
59,0.717857143
59,0.780357143
59,0.95
59,0.908928571
59,0.95
59,0.858928571
59,0.819642857
59,0.923214286
59,0.896428571
59,0.771428571
59,0.925
59,0.880357143
59,0.917857143
59,0.95
59,0.833928571
59,0.910714286
59,0.792857143
59,0.925
59,0.944642857
59,0.9125
59,0.778571429
59,0.983928571
59,0.885714286
59,0.832142857
59,0.925
59,0.876785714
59,0.871428571
59,0.848214286
59,0.896428571
59,0.796428571
59,0.932142857
59,0.942857143
59,0.942857143
59,0.953571429
59,0.819642857
59,0.855357143
59,0.867857143
59,0.825
59,0.848214286
59,0.855357143
59,0.928571429
59,0.835714286
59,0.869642857
59,0.985714286
59,0.876785714
59,0.842857143
59,0.766071429
59,0.910714286
59,0.975
59,0.867857143
59,0.769642857
59,0.821428571
59,0.935714286
59,0.944642857
59,0.873214286
59,0.910714286
59,0.814285714
59,0.923214286
59,0.885714286
59,0.914285714
59,0.842857143
59,0.939285714
59,0.808928571
59,0.948214286
59,0.892857143
59,0.858928571
59,0.916071429
59,0.858928571
59,0.758928571
59,0.867857143
59,0.976785714
59,0.871428571
59,0
59,0.935714286
59,0.9375
59,0.896428571
59,0.860714286
59,0.8
59,0.821428571
59,0.85
59,0.919642857
59,0.726785714
59,0.891071429
59,0.726785714
59,0.953571429
59,0.894642857
59,0.894642857
59,0.9125
59,1
59,0.825
59,0.6625
59,1
59,0.946428571
59,0.753571429
59,0.825
59,0.817857143
59,0.807142857
59,0.764285714
59,0.803571429
59,0.841071429
59,0.923214286
59,0.978571429
59,0.796428571
59,0.814285714
59,0.673214286
59,0.844642857
59,0.8375
59,0.851785714
59,1
59,0.935714286
59,0.907142857
59,0.828571429
59,0.898214286
59,0.916071429
59,0.7875
59,0.892857143
59,0.946428571
59,0.882142857
59,0.725
59,0.698214286
59,0.9125
59,0.510714286
59,0.571428571
59,0.871428571
59,0.766071429
59,0.898214286
59,0.794642857
59,0.755357143
59,0.944642857
59,0.882142857
59,0.966071429
59,0.916071429
60,0.910714286
60,0.833928571
60,0.964285714
60,0.867857143
60,0.878571429
60,0.883928571
60,0.933928571
60,0.894642857
60,0.864285714
60,0.960714286
60,0.875
60,0.898214286
60,0.910714286
60,0.830357143
60,0.8875
60,0.898214286
60,0.489285714
60,0.873214286
60,0.646428571
60,0.85
60,0.9625
60,0.614285714
60,0.694642857
60,0.805357143
60,0.898214286
60,0.825
60,0.807142857
60,0.8625
60,0.991071429
60,0.685714286
60,0.975
60,0.917857143
60,0.944642857
60,0.942857143
60,0.8875
60,0.748214286
60,0.892857143
60,0.935714286
60,0.926785714
60,0.798214286
60,0.894642857
60,0.928571429
60,0.928571429
60,0.866071429
60,0.876785714
60,0.875
60,0.896428571
60,0.905357143
60,0.841071429
60,0.825
60,0.828571429
60,0.648214286
60,0.916071429
60,0.835714286
60,0.910714286
60,0.855357143
60,0.617857143
60,0.821428571
60,0.794642857
60,0.9125
60,0.866071429
60,0.864285714
60,0.6375
60,0.876785714
60,0.963265306
60,0.951020408
60,0.921428571
60,0.928571429
60,0.908928571
60,0.848214286
60,0.844642857
60,0.892857143
60,0.744642857
60,0.896428571
60,0.914285714
60,0.75
60,0.519642857
60,0.960714286
60,0.969642857
60,0.960714286
60,0.833928571
60,0.808928571
60,0.9
60,0.896428571
60,0.814285714
60,0.95
60,0.855357143
60,0.955357143
60,0.958928571
60,0.885714286
60,0.948214286
60,0.6
60,0.921428571
60,0.944642857
60,0.903571429
60,0.782142857
60,0.983928571
60,0.910714286
60,0.782142857
60,0.921428571
60,0.905357143
60,0.805357143
60,0.841071429
60,0.841071429
60,0.908928571
60,0.980357143
60,0.953571429
60,0.996428571
60,0.996428571
60,0.730952381
60,0.9125
60,0.944642857
60,0.7625
60,0.867857143
60,0.808928571
60,0.875
60,0.835714286
60,0.864285714
60,0.939285714
60,0.833928571
60,0
60,0.716071429
60,0.892857143
60,0.921428571
60,0.858928571
60,0.758928571
60,0.694642857
60,0.95
60,0.95
60,0.833928571
60,0.905357143
60,0.835714286
60,0.957142857
60,0.826785714
60,0.880357143
60,0.901785714
60,0.953571429
60,0.826785714
60,0.932142857
60,0.908928571
60,0.828571429
60,0.882142857
60,0.851785714
60,0.853571429
60,0.839285714
60,0.978571429
60,0.878571429
60,0
60,0.95
60,0.971428571
60,0.942857143
60,0.885714286
60,0.844642857
60,0.796428571
60,0.8875
60,0.905357143
60,0.675
60,0.901785714
60,0.8125
60,0.921428571
60,0.916071429
60,0.901785714
60,0.903571429
60,0.958928571
60,0.864285714
60,0.701785714
60,1
60,0.941071429
60,0.883928571
60,0.885714286
60,0.785714286
60,0.908928571
60,0.798214286
60,0.907142857
60,0.848214286
60,0.892857143
60,0.969642857
60,0.869642857
60,0.791071429
60,0.691071429
60,0.816071429
60,0.8625
60,0.8875
60,0.969642857
60,0.864285714
60,0.925
60,0.8125
60,0.885714286
60,0.939285714
60,0.780357143
60,0.842857143
60,0.908928571
60,0.892857143
60,0.880357143
60,0.617857143
60,0.948979592
60,0.482142857
60,0.557142857
60,0.944642857
60,0.791071429
60,0.801785714
60,0.833928571
60,0.848214286
60,0.851785714
60,0.910714286
60,0.873214286
60,0.885714286
61,0.916071429
61,0.882142857
61,0.942857143
61,0.816071429
61,0.835714286
61,0.921428571
61,0.923214286
61,0.883928571
61,0.869642857
61,0.948979592
61,0.739285714
61,0.846428571
61,0.864285714
61,0.85
61,0.896428571
61,0.932142857
61,0.521428571
61,0.885714286
61,0.735714286
61,0.860714286
61,0.9125
61,0.755357143
61,0.780357143
61,0.816071429
61,0.941071429
61,0.971428571
61,0.851785714
61,0.791071429
61,0.925
61,0.673214286
61,0.875
61,0.839285714
61,0.926785714
61,0.933928571
61,0.860714286
61,0.821428571
61,0.930357143
61,0.928571429
61,0.865306122
61,0.851785714
61,0.944642857
61,0.933928571
61,0.878571429
61,0.898214286
61,0.873214286
61,0.9125
61,0.780952381
61,0.8875
61,0.864285714
61,0.860714286
61,0.6625
61,0.558928571
61,0.925
61,0.803571429
61,0.867857143
61,0.876785714
61,0.616071429
61,0.8625
61,0.830357143
61,0.8625
61,0.919642857
61,0.853571429
61,0.657142857
61,0.844642857
61,0.966071429
61,0.958928571
61,0.902380952
61,0.901785714
61,0.935714286
61,0.876785714
61,0.933928571
61,0.857142857
61,0.767857143
61,0.907142857
61,0.941071429
61,0.685714286
61,0.575
61,0.923214286
61,0.933928571
61,0.951785714
61,0.796428571
61,0.844642857
61,0.923214286
61,0.9
61,0.794642857
61,0.910714286
61,0.896428571
61,0.955357143
61,0.919642857
61,0.910714286
61,0.973214286
61,0.721428571
61,0.923214286
61,0.910714286
61,0.883928571
61,0.764285714
61,0.996428571
61,0.898214286
61,0.882142857
61,0.871428571
61,0.919642857
61,0.860714286
61,0.8625
61,0.917857143
61,0.875
61,0.958928571
61,0.919642857
61,0.989285714
61,0.942857143
61,0.758928571
61,0.855357143
61,0.882142857
61,0.791071429
61,0.858928571
61,0.8625
61,0.885714286
61,0.923214286
61,0.9375
61,0.939285714
61,0.907142857
61,0.821428571
61,0.791071429
61,0.839285714
61,0.95
61,0.901785714
61,0.75
61,0.823214286
61,0.896428571
61,0.975
61,0.858928571
61,0.919642857
61,0.783928571
61,0.939285714
61,0.869642857
61,0.933928571
61,0.8625
61,0.939285714
61,0.810714286
61,0.960714286
61,0.848214286
61,0.666071429
61,0.896428571
61,0.891071429
61,0.801785714
61,0.871428571
61,0.978571429
61,0.857142857
61,0
61,0.95
61,0.981632653
61,0.910714286
61,0.883928571
61,0.830357143
61,0.903571429
61,0.860714286
61,0.830357143
61,0.764285714
61,0.876785714
61,0.8375
61,0.882142857
61,0.910714286
61,0.919642857
61,0.932142857
61,0.964285714
61,0.851785714
61,0.726785714
61,1
61,0.925
61,0.869642857
61,0.958928571
61,0.782142857
61,0.767857143
61,0.678571429
61,0.880357143
61,0.726785714
61,0.921428571
61,0.851785714
61,0.871428571
61,0.903571429
61,0.728571429
61,0.873214286
61,0.901785714
61,0.883928571
61,0.925
61,0.8875
61,0.905357143
61,0.819642857
61,0.917857143
61,0.925
61,0.801785714
61,0.957142857
61,0.941071429
61,0.896428571
61,0.832142857
61,0.685714286
61,0.933928571
61,0.5625
61,0.616071429
61,0.892857143
61,0.810714286
61,0.7875
61,0.9
61,0.848214286
61,0.971428571
61,0.910714286
61,0.941071429
61,0.880357143
62,0.901785714
62,0.903571429
62,0.948214286
62,0.796428571
62,0.907142857
62,0.928571429
62,0.889285714
62,0.873214286
62,0.846428571
62,0.948214286
62,0.858928571
62,0.905357143
62,0.939285714
62,0.9125
62,0.919642857
62,0.907142857
62,0.526785714
62,0.876785714
62,0.755357143
62,0.903571429
62,0.971428571
62,0.7625
62,0.796428571
62,0.805357143
62,0.901785714
62,0.976190476
62,0.844642857
62,0.760714286
62,0.985714286
62,0.701785714
62,0.942857143
62,0.908928571
62,0.975
62,0.905357143
62,0.928571429
62,0.789285714
62,0.9
62,0.892857143
62,0.916071429
62,0.867857143
62,0.983928571
62,0.925
62,0.910714286
62,0.930357143
62,0.889285714
62,0.95
62,0.842857143
62,0.930357143
62,0.825
62,0.873214286
62,0.723214286
62,0.571428571
62,0.953571429
62,0.783928571
62,0.817857143
62,0.766071429
62,0.618367347
62,0.848214286
62,0.857142857
62,0.878571429
62,0.917857143
62,0.714285714
62,0.732142857
62,0.916071429
62,0.960714286
62,0.971428571
62,0.921428571
62,0.928571429
62,0.969642857
62,0.896428571
62,0.941071429
62,0.717857143
62,0.780357143
62,0.8875
62,0.919642857
62,0.776785714
62,0.857142857
62,0.964285714
62,0.953571429
62,0.967857143
62,0.867857143
62,0.853571429
62,0.951785714
62,0.923214286
62,0.791071429
62,0.969642857
62,0.869642857
62,0.933928571
62,0.957142857
62,0.9125
62,0.942857143
62,0.778571429
62,0.883928571
62,0.901785714
62,0.873214286
62,0.830357143
62,0.996428571
62,0.942857143
62,0.873214286
62,0.914285714
62,0.919642857
62,0.883928571
62,0.885714286
62,0.948214286
62,0.894642857
62,0.953571429
62,0.955357143
62,0.969642857
62,0.980357143
62,0.842857143
62,0.876785714
62,0.8875
62,0.758928571
62,0.883928571
62,0.896428571
62,0.826785714
62,0.85
62,0.917857143
62,0.896428571
62,0.873214286
62,0.847619048
62,0.851785714
62,0.925
62,0.983928571
62,0.871428571
62,0.783928571
62,0.633928571
62,0.957142857
62,0.975
62,0.889285714
62,0.923214286
62,0.842857143
62,0.991071429
62,0.844897959
62,0.939285714
62,0.8875
62,0.916071429
62,0.844642857
62,0.969642857
62,0.908928571
62,0.916071429
62,0.953571429
62,0.889285714
62,0.764285714
62,0.869642857
62,0.958928571
62,0.833928571
62,0
62,0.942857143
62,0.919047619
62,0.889795918
62,0.873214286
62,0.844642857
62,0.878571429
62,0.857142857
62,0.894642857
62,0.707142857
62,0.903571429
62,0.608928571
62,0.941071429
62,0.953571429
62,0.923214286
62,0.926785714
62,0.996428571
62,0.866071429
62,0.7
62,1
62,0.932142857
62,0.935714286
62,0.885714286
62,0.782142857
62,0.907142857
62,0.783928571
62,0.930357143
62,0.823214286
62,0.907142857
62,0.982142857
62,0.7875
62,0.833928571
62,0.764285714
62,0.833928571
62,0.892857143
62,0.885714286
62,0.894642857
62,0.9375
62,0.933928571
62,0.826785714
62,0.930357143
62,0.916071429
62,0.855357143
62,0.866071429
62,0.9125
62,0.908928571
62,0.898214286
62,0.673214286
62,0.930612245
62,0.519642857
62,0.555357143
62,0.928571429
62,0.807142857
62,0.924489796
62,0.891071429
62,0.85
62,0.914285714
62,0.889285714
62,0.798214286
62,0.9375
63,0.9
63,0.838095238
63,0.966666667
63,0.825396825
63,0.953968254
63,0.93015873
63,0.926984127
63,0.914285714
63,0.83015873
63,0.947619048
63,0.823809524
63,0.844444444
63,0.949206349
63,0.898412698
63,0.898412698
63,0.961904762
63,0.507936508
63,0.89047619
63,0.725396825
63,0.919047619
63,0.982539683
63,0.806349206
63,0.8
63,0.812698413
63,0.925396825
63,0.944897959
63,0.823809524
63,0.774603175
63,0.982539683
63,0.674603175
63,0.780357143
63,0.93968254
63,0.971428571
63,0.93968254
63,0.919047619
63,0.80952381
63,0.947619048
63,0.919047619
63,0.930357143
63,0.852380952
63,0.928571429
63,0.90952381
63,0.958730159
63,0.922222222
63,0.928571429
63,0.901587302
63,0.697959184
63,0.925396825
63,0.814285714
63,0.885714286
63,0.773015873
63,0.642857143
63,0.966666667
63,0.815873016
63,0.825396825
63,0.8
63,0.679365079
63,0.858730159
63,0.86984127
63,0.847619048
63,0.911111111
63,0.815873016
63,0.674603175
63,0.871428571
63,0.974603175
63,0.966666667
63,0.916326531
63,0.974603175
63,0.96984127
63,0.863492063
63,0.934920635
63,0.871428571
63,0.849206349
63,0.857142857
63,0.920634921
63,0.734920635
63,0.788888889
63,0.928571429
63,0.982539683
63,0.96031746
63,0.895238095
63,0.8
63,0.919047619
63,0.86031746
63,0.785714286
63,0.949206349
63,0.898412698
63,0.947619048
63,0.949206349
63,0.917460317
63,0.949206349
63,0.703174603
63,0.904761905
63,0.938095238
63,0.922222222
63,0.814285714
63,0.99047619
63,0.931746032
63,0.847619048
63,0.914285714
63,0.89047619
63,0.865079365
63,0.879365079
63,0.941269841
63,0.903174603
63,0.917460317
63,0.946031746
63,0.93968254
63,0.977777778
63,0.846031746
63,0.920634921
63,0.942857143
63,0.793650794
63,0.846031746
63,0.90952381
63,0.907936508
63,0.874603175
63,0.922222222
63,0.973015873
63,0.855555556
63,0.885714286
63,0.764285714
63,0.898412698
63,0.941269841
63,0.89047619
63,0.828571429
63,0.7
63,0.987301587
63,0.96031746
63,0.892063492
63,0.931746032
63,0.823809524
63,0.941269841
63,0.882142857
63,0.936507937
63,0.698412698
63,0.953968254
63,0.804761905
63,0.963492063
63,0.911111111
63,0.933333333
63,0.958730159
63,0.834920635
63,0.811111111
63,0.819047619
63,0.980952381
63,0.86031746
63,0.905714286
63,0.919047619
63,0.961904762
63,0.898412698
63,0.838095238
63,0.788888889
63,0.86984127
63,0.873015873
63,0.963492063
63,0.763492063
63,0.915873016
63,0.801785714
63,0.976190476
63,0.971428571
63,0.953968254
63,0.958730159
63,0.998412698
63,0.850793651
63,0.73968254
63,1
63,0.958730159
63,0.922222222
63,0.926984127
63,0.812698413
63,0.915873016
63,0.942857143
63,0.849206349
63,0.849206349
63,0.898412698
63,0.955555556
63,0.814285714
63,0.865079365
63,0.73015873
63,0.876190476
63,0.876190476
63,0.950793651
63,0.931746032
63,0.865079365
63,0.917460317
63,0.850793651
63,0.952380952
63,0.963492063
63,0.805357143
63,0.93015873
63,0.944444444
63,0.914285714
63,0.819047619
63,0.715873016
63,0.955555556
63,0.492063492
63,0.619047619
63,0.93968254
63,0.842857143
63,0.830357143
63,0.923809524
63,0.844444444
63,0.949206349
63,0.879365079
63,0.911111111
63,0.933333333
64,0.933333333
64,0.887301587
64,0.947619048
64,0.841269841
64,0.955555556
64,0.928571429
64,0.936507937
64,0.855555556
64,0.882539683
64,0.942857143
64,0.823809524
64,0.928571429
64,0.957142857
64,0.904761905
64,0.901587302
64,0.96031746
64,0.522222222
64,0.892063492
64,0.785714286
64,0.901587302
64,0.936507937
64,0.726984127
64,0.714285714
64,0.825396825
64,0.914285714
64,0.942857143
64,0.823809524
64,0.807936508
64,0.971428571
64,0.671428571
64,0.964285714
64,0.884126984
64,0.931746032
64,0.958730159
64,0.936507937
64,0.817460317
64,0.96984127
64,0.974603175
64,0.957142857
64,0.896825397
64,0.903174603
64,0.941269841
64,0.963492063
64,0.914285714
64,0.947619048
64,0.903174603
64,0.883928571
64,0.86984127
64,0.838095238
64,0.885714286
64,0.717460317
64,0.644444444
64,0.941269841
64,0.868253968
64,0.926984127
64,0.788888889
64,0.620634921
64,0.850793651
64,0.849206349
64,0.868253968
64,0.876190476
64,0.868253968
64,0.668253968
64,0.896825397
64,0.965079365
64,0.966666667
64,0.967857143
64,0.966666667
64,0.920634921
64,0.923809524
64,0.873015873
64,0.842857143
64,0.847619048
64,0.888888889
64,0.938095238
64,0.779365079
64,0.825396825
64,0.917460317
64,0.974603175
64,0.958730159
64,0.888888889
64,0.852380952
64,0.93968254
64,0.884126984
64,0.731746032
64,0.961904762
64,0.882539683
64,0.973015873
64,0.942857143
64,0.928571429
64,0.93968254
64,0.7625
64,0.946031746
64,0.930357143
64,0.931746032
64,0.828571429
64,0.993650794
64,0.961904762
64,0.863492063
64,0.961904762
64,0.936507937
64,0.895238095
64,0.834920635
64,0.882539683
64,0.926984127
64,0.985714286
64,0.961904762
64,0.93968254
64,0.988888889
64,0.798412698
64,0.882539683
64,0.977777778
64,0.846031746
64,0.888888889
64,0.880952381
64,0.938095238
64,0.857142857
64,0.946031746
64,0.952380952
64,0.926984127
64,0
64,0.755555556
64,0.9
64,0.90952381
64,0.868253968
64,0.774603175
64,0.588888889
64,0.95
64,0.953571429
64,0.887301587
64,0.915873016
64,0.866666667
64,0.949206349
64,0.876190476
64,0.947619048
64,0.866666667
64,0.950793651
64,0.857142857
64,0.984126984
64,0.90952381
64,0.7
64,0.955555556
64,0.920634921
64,0.846031746
64,0.83015873
64,0.974603175
64,0.876190476
64,0
64,0.963492063
64,0.9625
64,0.930357143
64,0.849206349
64,0.866666667
64,0.812698413
64,0.863492063
64,0.922222222
64,0.734920635
64,0.917857143
64,0.804761905
64,0.953571429
64,0.949206349
64,0.950793651
64,0.947619048
64,0.987301587
64,0.884126984
64,0.784126984
64,1
64,0.963492063
64,0.896825397
64,0.917460317
64,0.866666667
64,0.842857143
64,0.773015873
64,0.841269841
64,0.873015873
64,0.947619048
64,0.950793651
64,0.855555556
64,0.86984127
64,0.750793651
64,0.820634921
64,0.836507937
64,0.920634921
64,0.947619048
64,0.842857143
64,0.912698413
64,0.920634921
64,0.941269841
64,0.974603175
64,0.814285714
64,0.841269841
64,0.955555556
64,0.903174603
64,0.911111111
64,0.738095238
64,0.958928571
64,0.519047619
64,0.66031746
64,0.938095238
64,0.857142857
64,0.871428571
64,0.90952381
64,0.831746032
64,0.917460317
64,0.947619048
64,0.882539683
64,0.925396825
65,0.939285714
65,0.883928571
65,0.964285714
65,0.860714286
65,0.944642857
65,0.933928571
65,0.942857143
65,0.833928571
65,0.839285714
65,0.971428571
65,0.876785714
65,0.925
65,0.894642857
65,0.932142857
65,0.889285714
65,0.933928571
65,0.542857143
65,0.926785714
65,0.792857143
65,0.925
65,0.939285714
65,0.714285714
65,0.719642857
65,0.832142857
65,0.9
65,0.992857143
65,0.85
65,0.826785714
65,0.980357143
65,0.676785714
65,0.842857143
65,0.930357143
65,0.946428571
65,0.9625
65,0.964285714
65,0.875
65,0.905357143
65,0.921428571
65,0.902040816
65,0.898214286
65,0.932142857
65,0.921428571
65,0.935714286
65,0.867857143
65,0.923214286
65,0.925
65,0.873469388
65,0.883928571
65,0.830357143
65,0.857142857
65,0.821428571
65,0.680357143
65,0.958928571
65,0.878571429
65,0.880357143
65,0.880357143
65,0.6
65,0.851785714
65,0.919642857
65,0.801785714
65,0.873214286
65,0.901785714
65,0.8125
65,0.916071429
65,0.966071429
65,0.985714286
65,0.967346939
65,0.939285714
65,0.955357143
65,0.919642857
65,0.9125
65,0.871428571
65,0.825
65,0.907142857
65,0.958928571
65,0.769642857
65,0.769642857
65,0.941071429
65,0.978571429
65,0.982142857
65,0.925
65,0.858928571
65,0.919642857
65,0.885714286
65,0.789285714
65,0.983928571
65,0.908928571
65,0.953571429
65,0.953571429
65,0.925
65,0.939285714
65,0.757142857
65,0.9875
65,0.841071429
65,0.95
65,0.821428571
65,0.983928571
65,0.9375
65,0.826785714
65,0.976785714
65,0.926785714
65,0.882142857
65,0.846428571
65,0.905357143
65,0.875
65,0.980357143
65,0.951785714
65,0.971428571
65,0.998214286
65,0.801785714
65,0.935714286
65,0.941071429
65,0.807142857
65,0.896428571
65,0.926785714
65,0.908928571
65,0.891071429
65,0.905357143
65,0.932142857
65,0.933928571
65,0.861904762
65,0.808163265
65,0.919642857
65,0.923214286
65,0.8875
65,0.814285714
65,0.655357143
65,0.944642857
65,0.942857143
65,0.889285714
65,0.917857143
65,0.853571429
65,0.942857143
65,0.875
65,0.930357143
65,0.919642857
65,0.939285714
65,0.869642857
65,0.985714286
65,0.928571429
65,0.769642857
65,0.941071429
65,0.880357143
65,0.867857143
65,0.858928571
65,0.960714286
65,0.905357143
65,0.871428571
65,0.95
65,0.993877551
65,0.933928571
65,0.860714286
65,0.871428571
65,0.801785714
65,0.889285714
65,0.908928571
65,0.7875
65,0.932142857
65,0.8125
65,0.925
65,0.921428571
65,0.951785714
65,0.971428571
65,0.982142857
65,0.905357143
65,0.785714286
65,1
65,0.953571429
65,0.939285714
65,0.919642857
65,0.853571429
65,0.923214286
65,0.841071429
65,0.953571429
65,0.821428571
65,0.925
65,0.980357143
65,0.8375
65,0.880357143
65,0.748214286
65,0.869642857
65,0.923214286
65,0.904081633
65,0.966071429
65,0.941071429
65,0.905357143
65,0.898214286
65,0.896428571
65,0.958928571
65,0.824489796
65,0.933928571
65,0.926785714
65,0.933928571
65,0.875
65,0.689285714
65,0.944897959
65,0.533928571
65,0.660714286
65,0.9625
65,0.807142857
65,0.9
65,0.907142857
65,0.875
65,0.901785714
65,0.9
65,0.928571429
65,0.907142857
66,0.93968254
66,0.79047619
66,0.973015873
66,0.80952381
66,0.911111111
66,0.93968254
66,0.925396825
66,0.946031746
66,0.803174603
66,0.919047619
66,0.884126984
66,0.849206349
66,0.915873016
66,0.917460317
66,0.852380952
66,0.907936508
66,0.507936508
66,0.874603175
66,0.874603175
66,0.922222222
66,0.955555556
66,0.798412698
66,0.736507937
66,0.811111111
66,0.9
66,0.95952381
66,0.86984127
66,0.842857143
66,0.993650794
66,0.665079365
66,0.868253968
66,0.961904762
66,0.947619048
66,0.931746032
66,0.917460317
66,0.907936508
66,0.953571429
66,0.912698413
66,0.9
66,0.852380952
66,0.9
66,0.919047619
66,0.833333333
66,0.919047619
66,0.944444444
66,0.93015873
66,0.812244898
66,0.887301587
66,0.822222222
66,0.892063492
66,0.817460317
66,0.649206349
66,0.953968254
66,0.857142857
66,0.895238095
66,0.83015873
66,0.651785714
66,0.855555556
66,0.892063492
66,0.812698413
66,0.906349206
66,0.866666667
66,0.677777778
66,0.919047619
66,0.966666667
66,0.96031746
66,0.93877551
66,0.953968254
66,0.911111111
66,0.919047619
66,0.880952381
66,0.865079365
66,0.863492063
66,0.90952381
66,0.976190476
66,0.757142857
66,0.846031746
66,0.876190476
66,0.984126984
66,0.982539683
66,0.892063492
66,0.841269841
66,0.919047619
66,0.903174603
66,0.722222222
66,0.976190476
66,0.934920635
66,0.96031746
66,0.911111111
66,0.9
66,0.96984127
66,0.715873016
66,0.882539683
66,0.9
66,0.919047619
66,0.861904762
66,0.987301587
66,0.955555556
66,0.853968254
66,0.934920635
66,0.928571429
66,0.896825397
66,0.842857143
66,0.907936508
66,0.90952381
66,0.949206349
66,0.934920635
66,0.946031746
66,0.977777778
66,0.807936508
66,0.901587302
66,0.880952381
66,0.803174603
66,0.877777778
66,0.928571429
66,0.912698413
66,0.961904762
66,0.966666667
66,0.931746032
66,0.934920635
66,0.871428571
66,0.80952381
66,0.914285714
66,0.926984127
66,0.906349206
66,0.826984127
66,0.653968254
66,0.96031746
66,0.971428571
66,0.882539683
66,0.926984127
66,0.9
66,0.955555556
66,0.880357143
66,0.938095238
66,0.919047619
66,0.933333333
66,0.86031746
66,0.968253968
66,0.911111111
66,0.834920635
66,0.957142857
66,0.90952381
66,0.823809524
66,0.831746032
66,0.973214286
66,0.898412698
66,0.880952381
66,0.947619048
66,0.988888889
66,0.944642857
66,0.825396825
66,0.83968254
66,0.898412698
66,0.9
66,0.884126984
66,0.752380952
66,0.925396825
66,0.914285714
66,0.938095238
66,0.917460317
66,0.955555556
66,0.961904762
66,0.974603175
66,0.895238095
66,0.780952381
66,0.99047619
66,0.941269841
66,0.871428571
66,0.888888889
66,0.83968254
66,0.903174603
66,0.820634921
66,0.903174603
66,0.850793651
66,0.919047619
66,0.973015873
66,0.86984127
66,0.871428571
66,0.733333333
66,0.896825397
66,0.893650794
66,0.923214286
66,0.988888889
66,0.942857143
66,0.903174603
66,0.831746032
66,0.904761905
66,0.955555556
66,0.903174603
66,0.885714286
66,0.933333333
66,0.903174603
66,0.863492063
66,0.812698413
66,0.96031746
66,0.511111111
66,0.680952381
66,0.966666667
66,0.90952381
66,0.896825397
66,0.944444444
66,0.901587302
66,0.920634921
66,0.915873016
66,0.931746032
66,0.928571429
67,0.898214286
67,0.908928571
67,0.975
67,0.8
67,0.95
67,0.9125
67,0.926785714
67,0.882142857
67,0.866071429
67,0.801785714
67,0.907142857
67,0.771428571
67,0.928571429
67,0.910714286
67,0.864285714
67,0.957142857
67,0.5
67,0.866071429
67,0.8
67,0.898214286
67,0.948214286
67,0.801785714
67,0.733928571
67,0.808928571
67,0.976785714
67,0.914285714
67,0.803571429
67,0.825
67,0.975
67,0.648214286
67,0.819642857
67,0.935714286
67,0.969642857
67,0.9375
67,0.932142857
67,0.926785714
67,0.9125
67,0.946428571
67,0.911904762
67,0.851785714
67,0.9375
67,0.935714286
67,0.858928571
67,0.9125
67,0.966071429
67,0.901785714
67,0.785714286
67,0.903571429
67,0.823214286
67,0.905357143
67,0.826785714
67,0.628571429
67,0.967857143
67,0.805357143
67,0.894642857
67,0.8125
67,0.6125
67,0.864285714
67,0.860714286
67,0.866071429
67,0.885714286
67,0.853571429
67,0.819642857
67,0.914285714
67,0.975
67,0.939285714
67,0.963265306
67,0.946428571
67,0.907142857
67,0.935714286
67,0.921428571
67,0.830357143
67,0.8375
67,0.894642857
67,0.95
67,0.816071429
67,0.846428571
67,0.916071429
67,0.958928571
67,0.980357143
67,0.914285714
67,0.892857143
67,0.957142857
67,0.8625
67,0.75
67,0.976785714
67,0.891071429
67,0.985714286
67,0.9375
67,0.926785714
67,0.935714286
67,0.655357143
67,0.95
67,0.917857143
67,0.903571429
67,0.869387755
67,0.985714286
67,0.939285714
67,0.883928571
67,0.958928571
67,0.951785714
67,0.891071429
67,0.8625
67,0.926785714
67,0.967857143
67,0.917857143
67,0.9625
67,0.935714286
67,0.973214286
67,0.828571429
67,0.948214286
67,0.898214286
67,0.828571429
67,0.9125
67,0.901785714
67,0.896428571
67,0.898214286
67,0.925
67,0.935714286
67,0.907142857
67,0.892857143
67,0.839285714
67,0.919642857
67,0.960714286
67,0.876785714
67,0.817857143
67,0.817857143
67,0.958928571
67,0.960714286
67,0.894642857
67,0.919642857
67,0.857142857
67,0.958928571
67,0.905357143
67,0.953061224
67,0.85
67,0.946428571
67,0.892857143
67,0.969642857
67,0.9375
67,0.814285714
67,0.955357143
67,0.875
67,0.878571429
67,0.805357143
67,0.955357143
67,0.9
67,0.864285714
67,0.983928571
67,0.982142857
67,0.9625
67,0.810714286
67,0.914285714
67,0.891071429
67,0.885714286
67,0.892857143
67,0.742857143
67,0.9125
67,0.910714286
67,0.9125
67,0.930357143
67,0.953571429
67,0.955357143
67,0.976785714
67,0.903571429
67,0.771428571
67,1
67,0.95
67,0.910714286
67,0.971428571
67,0.8625
67,0.9125
67,0.828571429
67,0.919642857
67,0.839285714
67,0.942857143
67,0.969642857
67,0.876785714
67,0.898214286
67,0.746428571
67,0.855357143
67,0.8875
67,0.955357143
67,0.935714286
67,0.958928571
67,0.880357143
67,0.942857143
67,0.898214286
67,0.955357143
67,0.894642857
67,0.933928571
67,0.930357143
67,0.925
67,0.855357143
67,0.757142857
67,0.959183673
67,0.492857143
67,0.660714286
67,0.967857143
67,0.892857143
67,0.930357143
67,0.935714286
67,0.898214286
67,0.919642857
67,0.917857143
67,0.923214286
67,0.928571429
68,0.916071429
68,0.907142857
68,0.978571429
68,0.796428571
68,0.9375
68,0.903571429
68,0.935714286
68,0.916071429
68,0.794642857
68,0.767857143
68,0.891071429
68,0.946428571
68,0.914285714
68,0.933928571
68,0.832142857
68,0.941071429
68,0.505357143
68,0.875
68,0.796428571
68,0.892857143
68,0.966071429
68,0.853571429
68,0.748214286
68,0.860714286
68,0.967857143
68,0.957142857
68,0.846428571
68,0.803571429
68,0.982142857
68,0.6625
68,0.842857143
68,0.958928571
68,0.95
68,0.933928571
68,0.889285714
68,0.8875
68,0.933928571
68,0.905357143
68,0.873809524
68,0.867857143
68,0.933928571
68,0.942857143
68,0.971428571
68,0.939285714
68,0.928571429
68,0.905357143
68,0.921428571
68,0.889285714
68,0.812244898
68,0.896428571
68,0.814285714
68,0.732142857
68,0.976785714
68,0.891071429
68,0.878571429
68,0.825
68,0.614285714
68,0.833928571
68,0.880357143
68,0.805357143
68,0.923214286
68,0.842857143
68,0.821428571
68,0.907142857
68,0.967857143
68,0.852380952
68,0.84047619
68,0.951785714
68,0.948214286
68,0.919642857
68,0.917857143
68,0.848214286
68,0.8875
68,0.932142857
68,0.957142857
68,0.767857143
68,0.842857143
68,0.907142857
68,0.998214286
68,0.983928571
68,0.839285714
68,0.858928571
68,0.951785714
68,0.869642857
68,0.741071429
68,0.971428571
68,0.9625
68,0.978571429
68,0.95
68,0.957142857
68,0.928571429
68,0.594642857
68,0.933928571
68,0.919642857
68,0.907142857
68,0.839285714
68,0.991071429
68,0.939285714
68,0.858928571
68,0.983928571
68,0.941071429
68,0.901785714
68,0.876785714
68,0.917857143
68,0.942857143
68,0.9875
68,0.983928571
68,0.982142857
68,0.998214286
68,0.828571429
68,0.951785714
68,0.933928571
68,0.867857143
68,0.896428571
68,0.917857143
68,0.908928571
68,0.925
68,0.941071429
68,0.958928571
68,0.941071429
68,0
68,0.808928571
68,0.898214286
68,0.944642857
68,0.885714286
68,0.832142857
68,0.642857143
68,0.976785714
68,0.967857143
68,0.921428571
68,0.9625
68,0.908928571
68,0.983928571
68,0.891071429
68,0.939285714
68,0.869642857
68,0.946428571
68,0.844642857
68,0.991071429
68,0.919642857
68,0.932142857
68,0.9875
68,0.858928571
68,0.8875
68,0.803571429
68,0.95
68,0.907142857
68,0
68,0.975
68,0.989795918
68,0.9375
68,0.830357143
68,0.905357143
68,0.882142857
68,0.866071429
68,0.917857143
68,0.821428571
68,0.880357143
68,0.834693878
68,0.975
68,0.946428571
68,0.95
68,0.928571429
68,0.978571429
68,0.9
68,0.85
68,0.989285714
68,0.978571429
68,0.95
68,0.960714286
68,0.867857143
68,0.933928571
68,0.901785714
68,0.939285714
68,0.873214286
68,0.925
68,0.9375
68,0.825
68,0.917857143
68,0.775
68,0.910714286
68,0.919642857
68,0.957142857
68,0.948214286
68,0.973214286
68,0.889285714
68,0.875
68,0.926785714
68,0.933928571
68,0.867857143
68,0.901785714
68,0.910714286
68,0.908928571
68,0.817857143
68,0.7625
68,0.95
68,0.491071429
68,0.766071429
68,0.933928571
68,0.885714286
68,0.9
68,0.953571429
68,0.882142857
68,0.953571429
68,0.926785714
68,0.9125
68,0.919642857
69,0.925
69,0.885714286
69,0.942857143
69,0.7875
69,0.932142857
69,0.916071429
69,0.941071429
69,0.955357143
69,0.776785714
69,0.682142857
69,0.883928571
69,0.932142857
69,0.955357143
69,0.95
69,0.803571429
69,0.935714286
69,0.514285714
69,0.885714286
69,0.828571429
69,0.9375
69,0.960714286
69,0.8625
69,0.742857143
69,0.819642857
69,0.921428571
69,0.8
69,0.892857143
69,0.866071429
69,0.960714286
69,0.666071429
69,0.958928571
69,0.95
69,0.955357143
69,0.941071429
69,0.955357143
69,0.860714286
69,0.953571429
69,0.932142857
69,0.9625
69,0.860714286
69,0.944642857
69,0.9125
69,0.957142857
69,0.903571429
69,0.932142857
69,0.95
69,0.861904762
69,0.905357143
69,0.825
69,0.876785714
69,0.894642857
69,0.716071429
69,0.975
69,0.778571429
69,0.885714286
69,0.803571429
69,0.6
69,0.828571429
69,0.894642857
69,0.780357143
69,0.919642857
69,0.8375
69,0.9
69,0.905357143
69,0.960714286
69,0.964285714
69,0.957142857
69,0.966071429
69,0.921428571
69,0.923214286
69,0.910714286
69,0.832142857
69,0.826785714
69,0.908928571
69,0.942857143
69,0.769642857
69,0.8125
69,0.871428571
69,0.975
69,0.960714286
69,0.916071429
69,0.858928571
69,0.9125
69,0.883928571
69,0.739285714
69,0.964285714
69,0.9
69,0.953571429
69,0.916071429
69,0.955357143
69,0.957142857
69,0.623214286
69,0.910714286
69,0.935714286
69,0.957142857
69,0.866071429
69,0.989285714
69,0.967857143
69,0.8625
69,0.944642857
69,0.939285714
69,0.8875
69,0.853571429
69,0.925
69,0.9375
69,0.971428571
69,0.958928571
69,0.989285714
69,0.9875
69,0.891071429
69,0.923214286
69,0.932653061
69,0.891071429
69,0.905357143
69,0.960714286
69,0.953571429
69,0.946428571
69,0.921428571
69,0.955357143
69,0.932142857
69,0.921428571
69,0.875
69,0.935714286
69,0.941071429
69,0.896428571
69,0.830357143
69,0.626785714
69,0.960714286
69,0.957142857
69,0.894642857
69,0.907142857
69,0.864285714
69,0.982142857
69,0.882142857
69,0.953571429
69,0.848214286
69,0.973214286
69,0.894642857
69,0.994642857
69,0.907142857
69,0.917857143
69,0.991071429
69,0.885714286
69,0.873214286
69,0.8125
69,0.960714286
69,0.866071429
69,0.921428571
69,0.948214286
69,0.958928571
69,0.925
69,0.783928571
69,0.880357143
69,0.873214286
69,0.883928571
69,0.9
69,0.803571429
69,0.951785714
69,0.833928571
69,0.935714286
69,0.932142857
69,0.964285714
69,0.971428571
69,0.989285714
69,0.885714286
69,0.823214286
69,1
69,0.946428571
69,0.932142857
69,0.928571429
69,0.855357143
69,0.958928571
69,0.8
69,0.930357143
69,0.871428571
69,0.921428571
69,0.960714286
69,0.883928571
69,0.910714286
69,0.758928571
69,0.833928571
69,0.880357143
69,0.965306122
69,0.932142857
69,0.864285714
69,0.844642857
69,0.928571429
69,0.910714286
69,0.969642857
69,0.835714286
69,0.894642857
69,0.942857143
69,0.910714286
69,0.864285714
69,0.778571429
69,0.966071429
69,0.530357143
69,0.689285714
69,0.976785714
69,0.866071429
69,0.926785714
69,0.930357143
69,0.882142857
69,0.935714286
69,0.885714286
69,0.923214286
69,0.928571429
70,0.947619048
70,0.798412698
70,0.86031746
70,0.815873016
70,0.911111111
70,0.923809524
70,0.955555556
70,0.919047619
70,0.761904762
70,0.582539683
70,0.874603175
70,0.93968254
70,0.922222222
70,0.89047619
70,0.803174603
70,0.912698413
70,0.511111111
70,0.89047619
70,0.801587302
70,0.911111111
70,0.866666667
70,0.850793651
70,0.780952381
70,0.828571429
70,0.952380952
70,0
70,0.903174603
70,0.866666667
70,0.995238095
70,0.66984127
70,0.933333333
70,0.949206349
70,0.980952381
70,0.933333333
70,0.952380952
70,0.876190476
70,0.917460317
70,0.934920635
70,0.915873016
70,0.795238095
70,0.933333333
70,0.90952381
70,0.919047619
70,0.923809524
70,0.942857143
70,0.925396825
70,0.840816327
70,0.931746032
70,0.804761905
70,0.898412698
70,0.833333333
70,0.547619048
70,0.968253968
70,0.793650794
70,0.911111111
70,0.850793651
70,0.598412698
70,0.880952381
70,0.879365079
70,0.741269841
70,0.912698413
70,0.868253968
70,0.665079365
70,0.893650794
70,0.980952381
70,0.979365079
70,0.96122449
70,0.83015873
70,0.96031746
70,0.936507937
70,0.915873016
70,0.895238095
70,0.90952381
70,0.904761905
70,0.953968254
70,0.777777778
70,0.815873016
70,0.511111111
70,0.971428571
70,0.980952381
70,0.950793651
70,0.857142857
70,0.947619048
70,0.892063492
70,0.533928571
70,0.979365079
70,0.898412698
70,0.973015873
70,0.89047619
70,0.958730159
70,0.944444444
70,0.622222222
70,0.953968254
70,0.941269841
70,0.926984127
70,0.873015873
70,0.988888889
70,0.955555556
70,0.855555556
70,0.917460317
70,0.926984127
70,0.882539683
70,0.849206349
70,0.950793651
70,0.965079365
70,0.987301587
70,0.96984127
70,0.973015873
70,0.99047619
70,0.777777778
70,0.919047619
70,0.979365079
70,0.80952381
70,0.906349206
70,0.915873016
70,0.9
70,0.896825397
70,0.936507937
70,0.93015873
70,0.93015873
70,0
70,0.850793651
70,0.938095238
70,0.96031746
70,0.817460317
70,0.8
70,0.661904762
70,0.861904762
70,0.977777778
70,0.788888889
70,0.926984127
70,0.882539683
70,0.985714286
70,0.876785714
70,0.938095238
70,0.965079365
70,0.947619048
70,0.858730159
70,0.984126984
70,0.93015873
70,0.903174603
70,0.933333333
70,0.904761905
70,0.842857143
70,0.828571429
70,0.979365079
70,0.896825397
70,0
70,0.961904762
70,0.985714286
70,0.933333333
70,0.70952381
70,0.855555556
70,0.86984127
70,0.780952381
70,0.80952381
70,0.79047619
70,0.923809524
70,0.782142857
70,0.966666667
70,0.925396825
70,0.966666667
70,0.847619048
70,0.980952381
70,0.906349206
70,0.787301587
70,1
70,0.955555556
70,0.919047619
70,0.93015873
70,0.844444444
70,0.920634921
70,0.877777778
70,0.912698413
70,0.83968254
70,0.946031746
70,0.968253968
70,0.896825397
70,0.893650794
70,0.787301587
70,0.865079365
70,0.895238095
70,0.858928571
70,0.955555556
70,0.86984127
70,0.850793651
70,0.90952381
70,0.907936508
70,0.96984127
70,0.880952381
70,0.926984127
70,0.942857143
70,0.898412698
70,0.871428571
70,0.779365079
70,0.987301587
70,0.50952381
70,0.726984127
70,0.952380952
70,0.876190476
70,0.912698413
70,0.901587302
70,0.86031746
70,0.961904762
70,0.866666667
70,0.957142857
70,0.933333333
71,0.919047619
71,0.888888889
71,0.965079365
71,0.726984127
71,0.936507937
71,0.882539683
71,0.949206349
71,0.904761905
71,0.749206349
71,0.452380952
71,0.925396825
71,0.922222222
71,0.938095238
71,0.906349206
71,0.568253968
71,0.934920635
71,0.49047619
71,0.876190476
71,0.798412698
71,0.936507937
71,0.96031746
71,0.868253968
71,0.750793651
71,0.838095238
71,0.925396825
71,0.911428571
71,0.828571429
71,0.642857143
71,0.887301587
71,0.653968254
71,0.828571429
71,0.958730159
71,0.965079365
71,0.907936508
71,0.665079365
71,0.896825397
71,0.941269841
71,0.914285714
71,0.803174603
71,0.907936508
71,0.836507937
71,0.920634921
71,0.906349206
71,0.904761905
71,0.858730159
71,0.953968254
71,0.891071429
71,0.892063492
71,0.811111111
71,0.871428571
71,0.83968254
71,0.631746032
71,0.976190476
71,0.868253968
71,0.777777778
71,0.826984127
71,0.6125
71,0.882539683
71,0.874603175
71,0.704761905
71,0.896825397
71,0.73015873
71,0.841269841
71,0.934920635
71,0.939285714
71,0.955357143
71,0.9625
71,0.952380952
71,0.933333333
71,0.923809524
71,0.933333333
71,0.884126984
71,0.834920635
71,0.901587302
71,0.96984127
71,0.704761905
71,0.814285714
71,0.40952381
71,0.977777778
71,0.979365079
71,0.934920635
71,0.765079365
71,0.947619048
71,0.863492063
71,0.39047619
71,0.974603175
71,0.911111111
71,0.963492063
71,0.650793651
71,0.947619048
71,0.950793651
71,0.511111111
71,0.965079365
71,0.923809524
71,0.949206349
71,0.853968254
71,0.988888889
71,0.971428571
71,0.850793651
71,0.947619048
71,0.93968254
71,0.874603175
71,0.717460317
71,0.826984127
71,0.93968254
71,0.965079365
71,0.96984127
71,0.968253968
71,0.993650794
71,0.819047619
71,0.949206349
71,0.833333333
71,0.833333333
71,0.893650794
71,0.904761905
71,0.936507937
71,0.857142857
71,0.952380952
71,0.933333333
71,0.942857143
71,0.857142857
71,0.86031746
71,0.850793651
71,0.841269841
71,0.8
71,0.796825397
71,0.747619048
71,0.976190476
71,0.963492063
71,0.871428571
71,0.895238095
71,0.888888889
71,0.985714286
71,0.857142857
71,0.933333333
71,0.796825397
71,0.925396825
71,0.865079365
71,0.979365079
71,0.774603175
71,0.920634921
71,0.96984127
71,0.895238095
71,0.836507937
71,0.758730159
71,0.966666667
71,0.89047619
71,0.860714286
71,0.941269841
71,0.965079365
71,0.917460317
71,0.63968254
71,0.89047619
71,0.90952381
71,0.863492063
71,0.931746032
71,0.741269841
71,0.942857143
71,0.857142857
71,0.971428571
71,0.958730159
71,0.952380952
71,0.966666667
71,0.993650794
71,0.903174603
71,0.831746032
71,1
71,0.965079365
71,0.907936508
71,0.89047619
71,0.8
71,0.893650794
71,0.844444444
71,0.887301587
71,0.847619048
71,0.850793651
71,0.933333333
71,0.776190476
71,0.93015873
71,0.761904762
71,0.898412698
71,0.907936508
71,0.923214286
71,0.933333333
71,0.86031746
71,0.825396825
71,0.919047619
71,0.931746032
71,0.955555556
71,0.895238095
71,0.920634921
71,0.953968254
71,0.912698413
71,0.892063492
71,0.763492063
71,0.966666667
71,0.514285714
71,0.641269841
71,0.982539683
71,0.842857143
71,0.903174603
71,0.933333333
71,0.884126984
71,0.93968254
71,0.777777778
71,0.926984127
71,0.931746032
72,0.95
72,0.857142857
72,0.969642857
72,0.776785714
72,0.926785714
72,0.916071429
72,0.976785714
72,0.898214286
72,0.707142857
72,0.351785714
72,0.919642857
72,0.782142857
72,0.923214286
72,0.944642857
72,0.546428571
72,0.923214286
72,0.433928571
72,0.844642857
72,0.891071429
72,0.898214286
72,0.969642857
72,0.830357143
72,0.705357143
72,0.853571429
72,0.930357143
72,0.928571429
72,0.85
72,0.8375
72,0.992857143
72,0.6625
72,0.873214286
72,0.941071429
72,0.971428571
72,0.926785714
72,0.810714286
72,0.903571429
72,0.944642857
72,0.942857143
72,0.7875
72,0.855357143
72,0.883928571
72,0.792857143
72,0.95
72,0.921428571
72,0.955357143
72,0.926785714
72,0.854761905
72,0.898214286
72,0.810714286
72,0.853571429
72,0.796428571
72,0.585714286
72,0.941071429
72,0.826785714
72,0.905357143
72,0.721428571
72,0.5625
72,0.853571429
72,0.910714286
72,0.685714286
72,0.905357143
72,0.860714286
72,0.896428571
72,0.901785714
72,0.958928571
72,0.917857143
72,0.95
72,0.960714286
72,0.873214286
72,0.905357143
72,0.882142857
72,0.871428571
72,0.833928571
72,0.9
72,0.942857143
72,0.7625
72,0.807142857
72,0.207142857
72,0.971428571
72,0.978571429
72,0.871428571
72,0.853571429
72,0.944642857
72,0.866071429
72,0.244642857
72,0.964285714
72,0.925
72,0.957142857
72,0.441071429
72,0.939285714
72,0.9375
72,0.5625
72,0.964285714
72,0.932142857
72,0.858928571
72,0.892857143
72,0.989285714
72,0.919642857
72,0.841071429
72,0.975
72,0.926785714
72,0.919642857
72,0.816071429
72,0.926785714
72,0.944642857
72,0.955357143
72,0.957142857
72,0.958928571
72,0.9875
72,0.780357143
72,0.896428571
72,0.964285714
72,0.767857143
72,0.869642857
72,0.941071429
72,0.95
72,0.9375
72,0.923214286
72,0.933928571
72,0.917857143
72,0.911428571
72,0.810714286
72,0.896428571
72,0.946428571
72,0.814285714
72,0.823214286
72,0.851785714
72,0.967857143
72,0.948214286
72,0.839285714
72,0.933928571
72,0.846428571
72,0.983928571
72,0.875
72,0.948214286
72,0.805357143
72,0.942857143
72,0.830357143
72,0.983928571
72,0.880357143
72,0.925
72,0.933928571
72,0.894642857
72,0.87755102
72,0.791071429
72,0.983928571
72,0.871428571
72,0.86
72,0.953571429
72,0.973469388
72,0.9
72,0.494642857
72,0.876785714
72,0.907142857
72,0.844642857
72,0.896428571
72,0.8
72,0.889285714
72,0.792857143
72,0.95
72,0.951785714
72,0.942857143
72,0.939285714
72,0.978571429
72,0.901785714
72,0.876785714
72,0.994642857
72,0.935714286
72,0.903571429
72,0.95
72,0.851785714
72,0.944642857
72,0.844642857
72,0.932142857
72,0.85
72,0.9125
72,0.946428571
72,0.828571429
72,0.903571429
72,0.794642857
72,0.908928571
72,0.907142857
72,0.9625
72,0.994642857
72,0.880357143
72,0.655357143
72,0.916071429
72,0.923214286
72,0.932142857
72,0.908928571
72,0.944642857
72,0.955357143
72,0.896428571
72,0.746428571
72,0.728571429
72,0.951785714
72,0.525
72,0.723214286
72,0.95
72,0.876785714
72,0.905357143
72,0.944642857
72,0.9125
72,0.948214286
72,0.808928571
72,0.964285714
72,0.814285714
73,0.918367347
73,0.881632653
73,0.936734694
73,0.802040816
73,0.920408163
73,0.902040816
73,0.914285714
73,0.928571429
73,0.608163265
73,0.504081633
73,0.86122449
73,0.926530612
73,0.944897959
73,0.902040816
73,0.344897959
73,0.93877551
73,0.504081633
73,0.902040816
73,0.828571429
73,0.87755102
73,0.969387755
73,0.848979592
73,0.691836735
73,0.875510204
73,0.932653061
73,0
73,0.889795918
73,0.851020408
73,0.979591837
73,0.653061224
73,0.928571429
73,0.953061224
73,0.948979592
73,0.93877551
73,0.946938776
73,0.920408163
73,0.926530612
73,0.936734694
73,0.885714286
73,0.851020408
73,0.871428571
73,0.644897959
73,0.944897959
73,0.93877551
73,0.930612245
73,0.920408163
73,0.846938776
73,0.883673469
73,0.785714286
73,0.889795918
73,0.824489796
73,0.530612245
73,0.963265306
73,0.806122449
73,0.869387755
73,0.695918367
73,0.514285714
73,0.846938776
73,0.904081633
73,0.604081633
73,0.879591837
73,0.934693878
73,0.734693878
73,0.928571429
73,0.946938776
73,0.948979592
73,0.969387755
73,0.96122449
73,0.897959184
73,0.936734694
73,0.914285714
73,0.753061224
73,0.855102041
73,0.930612245
73,0.948979592
73,0.781632653
73,0.785714286
73,0.216326531
73,0.932653061
73,0.965306122
73,0.969387755
73,0.736734694
73,0.828571429
73,0.855102041
73,0.20952381
73,0.975510204
73,0.904081633
73,0.971428571
73,0.297959184
73,0.928571429
73,0.944897959
73,0.516326531
73,0.916326531
73,0.910204082
73,0.867346939
73,0.851020408
73,0.981632653
73,0.942857143
73,0.797959184
73,0.957142857
73,0.934693878
73,0.902040816
73,0.828571429
73,0.902040816
73,0.928571429
73,0.959183673
73,0.96122449
73,0.991836735
73,0.995918367
73,0.8
73,0.946938776
73,0.944897959
73,0.744897959
73,0.920408163
73,0.918367347
73,0.916326531
73,0.914285714
73,0.942857143
73,0.944897959
73,0.916326531
73,0
73,0.842857143
73,0.9
73,0.944897959
73,0.804081633
73,0.804081633
73,0.808163265
73,0.969387755
73,0.930612245
73,0.879591837
73,0.942857143
73,0.855102041
73,0.975510204
73,0.851020408
73,0.944897959
73,0.9
73,0.957142857
73,0.826530612
73,0.975510204
73,0.9
73,0.955102041
73,0.944897959
73,0.893877551
73,0.830612245
73,0.76122449
73,0.963265306
73,0.86122449
73,0
73,0.963265306
73,0.97755102
73,0.897959184
73,0.446938776
73,0.885714286
73,0.851020408
73,0.867346939
73,0.912244898
73,0.757142857
73,0.926530612
73,0.806122449
73,0.959183673
73,0.944897959
73,0.963265306
73,0.940816327
73,0.983673469
73,0.910204082
73,0.834693878
73,1
73,0.965306122
73,0.959183673
73,0.912244898
73,0.855102041
73,0.926530612
73,0.863265306
73,0.916326531
73,0.826530612
73,0.904081633
73,0.944897959
73,0.828571429
73,0.891836735
73,0.783673469
73,0.846938776
73,0.889795918
73,0.936734694
73,0.989795918
73,0.967346939
73,0.542857143
73,0.897959184
73,0.906122449
73,0.969387755
73,0.902040816
73,0.902040816
73,0.942857143
73,0.897959184
73,0.842857143
73,0.793877551
73,0.980952381
73,0.481632653
73,0.72244898
73,0.971428571
73,0.908163265
73,0.87755102
73,0.924489796
73,0.889795918
73,0.910204082
73,0.802040816
73,0.926530612
73,0.732653061
74,0.941071429
74,0.875
74,0.957142857
74,0.782142857
74,0.885714286
74,0.871428571
74,0.960714286
74,0.892857143
74,0.435714286
74,0.442857143
74,0.8375
74,0.905357143
74,0.917857143
74,0.944642857
74,0.258928571
74,0.876785714
74,0.476785714
74,0.842857143
74,0.771428571
74,0.905357143
74,0.9625
74,0.842857143
74,0.7
74,0.808928571
74,0.958928571
74,0.95
74,0.894642857
74,0.807142857
74,0.989285714
74,0.657142857
74,0.917857143
74,0.944642857
74,0.9625
74,0.933928571
74,0.917857143
74,0.860714286
74,0.966071429
74,0.924489796
74,0.823214286
74,0.892857143
74,0.835714286
74,0.664285714
74,0.941071429
74,0.910714286
74,0.932142857
74,0.910714286
74,0.869047619
74,0.883928571
74,0.742857143
74,0.8875
74,0.819642857
74,0.608928571
74,0.980357143
74,0.842857143
74,0.896428571
74,0.903571429
74,0.551785714
74,0.858928571
74,0.891071429
74,0.666071429
74,0.905357143
74,0.8875
74,0.7
74,0.923214286
74,0.965306122
74,0.951020408
74,0.938095238
74,0.957142857
74,0.9125
74,0.946428571
74,0.914285714
74,0.882142857
74,0.864285714
74,0.905357143
74,0.969642857
74,0.669642857
74,0.803571429
74,0.278571429
74,0.967857143
74,0.975
74,0.880357143
74,0.878571429
74,0.930357143
74,0.869642857
74,0.267857143
74,0.978571429
74,0.916071429
74,0.967857143
74,0.264285714
74,0.919642857
74,0.960714286
74,0.441071429
74,0.951785714
74,0.932142857
74,0.933928571
74,0.844642857
74,0.976785714
74,0.953571429
74,0.794642857
74,0.951785714
74,0.925
74,0.935714286
74,0.691071429
74,0.914285714
74,0.908928571
74,0.978571429
74,0.976785714
74,0.935714286
74,0.994642857
74,0.810714286
74,0.932142857
74,0.9625
74,0.778571429
74,0.866071429
74,0.940816327
74,0.930357143
74,0.908928571
74,0.926785714
74,0.967857143
74,0.946428571
74,0.914285714
74,0.857142857
74,0.923214286
74,0.914285714
74,0.866071429
74,0.821428571
74,0.655357143
74,0.978571429
74,0.944642857
74,0.898214286
74,0.9375
74,0.875
74,0.982142857
74,0.894642857
74,0.966071429
74,0.810714286
74,0.933928571
74,0.860714286
74,0.957142857
74,0.880357143
74,0.8125
74,0.967857143
74,0.889285714
74,0.830357143
74,0.753571429
74,0.964285714
74,0.891071429
74,0.842857143
74,0.882142857
74,0.971428571
74,0.891071429
74,0.246428571
74,0.869642857
74,0.8375
74,0.846428571
74,0.908928571
74,0.801785714
74,0.896428571
74,0.867857143
74,0.932142857
74,0.923214286
74,0.935714286
74,0.95
74,0.967857143
74,0.885714286
74,0.785714286
74,1
74,0.941071429
74,0.928571429
74,0.95
74,0.746428571
74,0.925
74,0.904081633
74,0.919642857
74,0.633928571
74,0.95
74,0.941071429
74,0.860714286
74,0.908928571
74,0.739285714
74,0.844642857
74,0.883928571
74,0.930612245
74,0.978571429
74,0.930357143
74,0.3125
74,0.876785714
74,0.889285714
74,0.948214286
74,0.848214286
74,0.9375
74,0.9375
74,0.883928571
74,0.835714286
74,0.810714286
74,0.960714286
74,0.498214286
74,0.666071429
74,0.966071429
74,0.867857143
74,0.903571429
74,0.916071429
74,0.869642857
74,0.908928571
74,0.723214286
74,0.95
74,0.746428571
75,0.968253968
75,0.914285714
75,0.968253968
75,0.761904762
75,0.903174603
75,0.882539683
75,0.96031746
75,0.928571429
75,0.198412698
75,0.412698413
75,0.89047619
75,0.93015873
75,0.917460317
75,0.920634921
75,0.276190476
75,0.86984127
75,0.487301587
75,0.831746032
75,0.793650794
75,0.912698413
75,0.952380952
75,0.882539683
75,0.677777778
75,0.753968254
75,0.941269841
75,0.947619048
75,0.871428571
75,0.885714286
75,0.988888889
75,0.63968254
75,0.768253968
75,0.915873016
75,0.96031746
75,0.880952381
75,0.958730159
75,0.904761905
75,0.976190476
75,0.980952381
75,0.275
75,0.874603175
75,0.757142857
75,0.622222222
75,0.925396825
75,0.923809524
75,0.936507937
75,0.946031746
75,0.896825397
75,0.904761905
75,0.547619048
75,0.884126984
75,0.846031746
75,0.731746032
75,0.980952381
75,0.841269841
75,0.825396825
75,0.892063492
75,0.455357143
75,0.863492063
75,0.779365079
75,0.403174603
75,0.922222222
75,0.884126984
75,0.717460317
75,0.914285714
75,0.955555556
75,0.955555556
75,0.957142857
75,0.985714286
75,0.857142857
75,0.958730159
75,0.882539683
75,0.911111111
75,0.880952381
75,0.907936508
75,0.979365079
75,0.792063492
75,0.861904762
75,0.244444444
75,0.974603175
75,0.979365079
75,0.86984127
75,0.858730159
75,0.96031746
75,0.849206349
75,0.265079365
75,0.984126984
75,0.915873016
75,0.949206349
75,0.277777778
75,0.957142857
75,0.941269841
75,0.449206349
75,0.953968254
75,0.950793651
75,0.925396825
75,0.903174603
75,0.96031746
75,0.961904762
75,0.780952381
75,0.953968254
75,0.795238095
75,0.877777778
75,0.73968254
75,0.877777778
75,0.949206349
75,0.971428571
75,0.971428571
75,0.987301587
75,0.987301587
75,0.842857143
75,0.936507937
75,0.973015873
75,0.866666667
75,0.915873016
75,0.90952381
75,0.966666667
75,0.928571429
75,0.925396825
75,0.979365079
75,0.90952381
75,0.904761905
75,0.9
75,0.915873016
75,0.973015873
75,0.858730159
75,0.834920635
75,0.661904762
75,0.977777778
75,0.953968254
75,0.887301587
75,0.93968254
75,0.888888889
75,0.980952381
75,0.863492063
75,0.93015873
75,0.858730159
75,0.842857143
75,0.876190476
75,0.979365079
75,0.917460317
75,0.925396825
75,0.963492063
75,0.926984127
75,0.838095238
75,0.744444444
75,0.979365079
75,0.922222222
75,0.904761905
75,0.453968254
75,0.922222222
75,0.874603175
75,0.29047619
75,0.857142857
75,0.879365079
75,0.846031746
75,0.936507937
75,0.719047619
75,0.907936508
75,0.858730159
75,0.952380952
75,0.933333333
75,0.93968254
75,0.953968254
75,0.985714286
75,0.922222222
75,0.849206349
75,0.995238095
75,0.958730159
75,0.925396825
75,0.93968254
75,0.826984127
75,0.946031746
75,0.904761905
75,0.933333333
75,0.565079365
75,0.926984127
75,0.938095238
75,0.895238095
75,0.90952381
75,0.812698413
75,0.882539683
75,0.93015873
75,0.915873016
75,0.961904762
75,0.931746032
75,0.201587302
75,0.893650794
75,0.896825397
75,0.931746032
75,0.865079365
75,0.961904762
75,0.923809524
75,0.879365079
75,0.841269841
75,0.777777778
75,0.948214286
75,0.479365079
75,0.703174603
75,0.966666667
75,0.866666667
75,0.952380952
75,0.928571429
75,0.917460317
75,0.961904762
75,0.585714286
75,0.980952381
75,0.761904762
76,0.958928571
76,0.891071429
76,0.971428571
76,0.782142857
76,0.889285714
76,0.9
76,0.939285714
76,0.914285714
76,0.283928571
76,0.348214286
76,0.878571429
76,0.942857143
76,0.925
76,0.9125
76,0.257142857
76,0.85
76,0.496428571
76,0.864285714
76,0.798214286
76,0.916071429
76,0.973214286
76,0.833928571
76,0.676785714
76,0.858928571
76,0.942857143
76,0.95
76,0.903571429
76,0.8625
76,0.982142857
76,0.653571429
76,0.9125
76,0.923214286
76,0.973214286
76,0.855357143
76,0.969642857
76,0.876785714
76,0.985714286
76,0.983928571
76,0.225
76,0.908928571
76,0.730357143
76,0.619047619
76,0.933928571
76,0.903571429
76,0.953571429
76,0.946428571
76,0.885714286
76,0.880357143
76,0.330357143
76,0.882142857
76,0.819642857
76,0.630357143
76,0.983928571
76,0.875
76,0.933928571
76,0.841071429
76,0.489795918
76,0.858928571
76,0.869642857
76,0.3375
76,0.914285714
76,0.835714286
76,0.783928571
76,0.914285714
76,0.975
76,0.966071429
76,0.967857143
76,0.976785714
76,0.876785714
76,0.919642857
76,0.853571429
76,0.839285714
76,0.876785714
76,0.916071429
76,0.953571429
76,0.701785714
76,0.866071429
76,0.228571429
76,0.955357143
76,0.969642857
76,0.935714286
76,0.760714286
76,0.817857143
76,0.839285714
76,0.244642857
76,0.975
76,0.930357143
76,0.780357143
76,0.246428571
76,0.969642857
76,0.917857143
76,0.453571429
76,0.889285714
76,0.930357143
76,0.930357143
76,0.896428571
76,0.975
76,0.957142857
76,0.732142857
76,0.914285714
76,0.528571429
76,0.882142857
76,0.483928571
76,0.757142857
76,0.944642857
76,0.983928571
76,0.964285714
76,0.948214286
76,0.992857143
76,0.823214286
76,0.930357143
76,0.969642857
76,0.823214286
76,0.892857143
76,0.896428571
76,0.953571429
76,0.9125
76,0.951785714
76,0.980357143
76,0.926785714
76,0.935714286
76,0.869642857
76,0.867857143
76,0.925
76,0.8625
76,0.848214286
76,0.692857143
76,0.976785714
76,0.951785714
76,0.880357143
76,0.946428571
76,0.901785714
76,0.982142857
76,0.830357143
76,0.928571429
76,0.775
76,0.682142857
76,0.858928571
76,0.966071429
76,0.876785714
76,0.7
76,0.982142857
76,0.951785714
76,0.882142857
76,0.7375
76,0.991071429
76,0.921428571
76,0.885714286
76,0.398214286
76,0.983928571
76,0.8
76,0.239285714
76,0.894642857
76,0.867857143
76,0.848214286
76,0.923214286
76,0.769642857
76,0.9375
76,0.826785714
76,0.969642857
76,0.923214286
76,0.953571429
76,0.966071429
76,0.966071429
76,0.894642857
76,0.892857143
76,0.989285714
76,0.960714286
76,0.958928571
76,0.958928571
76,0.6875
76,0.966071429
76,0.844642857
76,0.951785714
76,0.551785714
76,0.932142857
76,0.855357143
76,0.880357143
76,0.903571429
76,0.775
76,0.885714286
76,0.917857143
76,0.975
76,0.960714286
76,0.907142857
76,0.278571429
76,0.935714286
76,0.894642857
76,0.953571429
76,0.905357143
76,0.919642857
76,0.866071429
76,0.892857143
76,0.810714286
76,0.823214286
76,0.975
76,0.498214286
76,0.744642857
76,0.960714286
76,0.876785714
76,0.942857143
76,0.9375
76,0.880357143
76,0.966071429
76,0.542857143
76,0.941071429
76,0.775
77,0.971428571
77,0.882142857
77,0.951785714
77,0.75
77,0.739285714
77,0.867857143
77,0.944642857
77,0.901785714
77,0.230357143
77,0.430357143
77,0.857142857
77,0.939285714
77,0.9125
77,0.930357143
77,0.2
77,0.605357143
77,0.576785714
77,0.873214286
77,0.848214286
77,0.925
77,0.951785714
77,0.885714286
77,0.667857143
77,0.844642857
77,0.953571429
77,0.95
77,0.880357143
77,0.8375
77,0.980357143
77,0.655357143
77,0.8875
77,0.944642857
77,0.958928571
77,0.689285714
77,0.953571429
77,0.935714286
77,0.964285714
77,0.989285714
77,0.2
77,0.908928571
77,0.653571429
77,0.608928571
77,0.948214286
77,0.933928571
77,0.857142857
77,0.9625
77,0.876785714
77,0.896428571
77,0.242857143
77,0.8875
77,0.858928571
77,0.707142857
77,0.982142857
77,0.825
77,0.957142857
77,0.814285714
77,0.464285714
77,0.883928571
77,0.889285714
77,0.455357143
77,0.898214286
77,0.885714286
77,0.857142857
77,0.907142857
77,0.971428571
77,0.948214286
77,0.957142857
77,0.96122449
77,0.832142857
77,0.916071429
77,0.8375
77,0.817857143
77,0.873214286
77,0.9125
77,0.978571429
77,0.783928571
77,0.808928571
77,0.178571429
77,0.919642857
77,0.969642857
77,0.941071429
77,0.876785714
77,0.948214286
77,0.792857143
77,0.176785714
77,0.9625
77,0.930952381
77,0.604761905
77,0.267857143
77,0.935714286
77,0.944642857
77,0.446428571
77,0.944642857
77,0.914285714
77,0.930357143
77,0.894642857
77,0.960714286
77,0.960714286
77,0.755357143
77,0.958928571
77,0.353061224
77,0.883928571
77,0.530357143
77,0.841071429
77,0.9375
77,0.967857143
77,0.964285714
77,0.933928571
77,1
77,0.853571429
77,0.953571429
77,0.973214286
77,0.814285714
77,0.907142857
77,0.921428571
77,0.95
77,0.901785714
77,0.914285714
77,0.964285714
77,0.946428571
77,0.935714286
77,0.8625
77,0.842857143
77,0.955357143
77,0.876785714
77,0.846428571
77,0.785714286
77,0.978571429
77,0.948214286
77,0.891071429
77,0.94047619
77,0.89047619
77,0.994642857
77,0.859183673
77,0.9375
77,0.858928571
77,0.644642857
77,0.855357143
77,0.964285714
77,0.901785714
77,0.791071429
77,0.964285714
77,0.953571429
77,0.826785714
77,0.628571429
77,0.992857143
77,0.905357143
77,0.934285714
77,0.353571429
77,0.946428571
77,0.521428571
77,0.235714286
77,0.910714286
77,0.883928571
77,0.860714286
77,0.928571429
77,0.780357143
77,0.916071429
77,0.848214286
77,0.955357143
77,0.898214286
77,0.95
77,0.964285714
77,0.973214286
77,0.903571429
77,0.864285714
77,0.996428571
77,0.958928571
77,0.955357143
77,0.933928571
77,0.782142857
77,0.941071429
77,0.880357143
77,0.930357143
77,0.532142857
77,0.958928571
77,0.694642857
77,0.841071429
77,0.935714286
77,0.801785714
77,0.8875
77,0.933928571
77,0.925
77,0.958928571
77,0.875
77,0.192857143
77,0.882142857
77,0.896428571
77,0.955357143
77,0.844642857
77,0.9375
77,0.841071429
77,0.871428571
77,0.808928571
77,0.821428571
77,0.973214286
77,0.519642857
77,0.693877551
77,0.971428571
77,0.8375
77,0.930357143
77,0.951785714
77,0.905357143
77,0.976785714
77,0.771428571
77,0.964285714
77,0.7625
78,0.96031746
78,0.941269841
78,0.955555556
78,0.755555556
78,0.544444444
78,0.86031746
78,0.949206349
78,0.934920635
78,0.203174603
78,0.26031746
78,0.89047619
78,0.950793651
78,0.849206349
78,0.941269841
78,0.268253968
78,0.49047619
78,0.5
78,0.852380952
78,0.823809524
78,0.928571429
78,0.953968254
78,0.904761905
78,0.657142857
78,0.871428571
78,0.979365079
78,0.90952381
78,0.936507937
78,0.89047619
78,0.99047619
78,0.617460317
78,0.838095238
78,0.923809524
78,0.93968254
78,0.749206349
78,0.953968254
78,0.898412698
78,0.965079365
78,0.963492063
78,0.191071429
78,0.882539683
78,0.598412698
78,0.625396825
78,0.979365079
78,0.919047619
78,0.977777778
78,0.952380952
78,0.873015873
78,0.911111111
78,0.246031746
78,0.877777778
78,0.871428571
78,0.726984127
78,0.993650794
78,0.811111111
78,0.912698413
78,0.828571429
78,0.361904762
78,0.863492063
78,0.812698413
78,0.415873016
78,0.912698413
78,0.877777778
78,0.771428571
78,0.911111111
78,0.966666667
78,0.953968254
78,0.955555556
78,0.985714286
78,0.814285714
78,0.936507937
78,0.828571429
78,0.857142857
78,0.879365079
78,0.90952381
78,0.952380952
78,0.798412698
78,0.853968254
78,0.207936508
78,0.947619048
78,0.866666667
78,0.903174603
78,0.857142857
78,0.936507937
78,0.814285714
78,0.196825397
78,0.950793651
78,0.933333333
78,0.487301587
78,0.204761905
78,0.961904762
78,0.93968254
78,0.489285714
78,0.923809524
78,0.955357143
78,0.922222222
78,0.879365079
78,0.976190476
78,0.963492063
78,0.736507937
78,0.971428571
78,0.357142857
78,0.89047619
78,0.458730159
78,0.826984127
78,0.942857143
78,0.985714286
78,0.973015873
78,0.947619048
78,0.987301587
78,0.876190476
78,0.949206349
78,0.952380952
78,0.850793651
78,0.892063492
78,0.93015873
78,0.93968254
78,0.936507937
78,0.941269841
78,0.965079365
78,0.922222222
78,0.911111111
78,0.796825397
78,0.725396825
78,0.963492063
78,0.871428571
78,0.826984127
78,0.850793651
78,0.980357143
78,0.960714286
78,0.887301587
78,0.941269841
78,0.892063492
78,0.976190476
78,0.877777778
78,0.928571429
78,0.888888889
78,0.650793651
78,0.882539683
78,0.976190476
78,0.920634921
78,0.820634921
78,0.968253968
78,0.938095238
78,0.857142857
78,0.704761905
78,0.995238095
78,0.911111111
78,0.883673469
78,0.363492063
78,0.984126984
78,0.519047619
78,0.233333333
78,0.922222222
78,0.925396825
78,0.879365079
78,0.925396825
78,0.79047619
78,0.928571429
78,0.863492063
78,0.961904762
78,0.892063492
78,0.961904762
78,0.973015873
78,0.965079365
78,0.912698413
78,0.906349206
78,1
78,0.968253968
78,0.968253968
78,0.977777778
78,0.788888889
78,0.977777778
78,0.920634921
78,0.961904762
78,0.653968254
78,0.934920635
78,0.428571429
78,0.871428571
78,0.925396825
78,0.815873016
78,0.911111111
78,0.936507937
78,0.931746032
78,0.977777778
78,0.844444444
78,0.211111111
78,0.917460317
78,0.836507937
78,0.957142857
78,0.863492063
78,0.933333333
78,0.561904762
78,0.866666667
78,0.585714286
78,0.850793651
78,0.968253968
78,0.526984127
78,0.688888889
78,0.982539683
78,0.90952381
78,0.953968254
78,0.950793651
78,0.912698413
78,0.949206349
78,0.807936508
78,0.946031746
78,0.782539683
79,0.977777778
79,0.936507937
79,0.958730159
79,0.779365079
79,0.56984127
79,0.876190476
79,0.958730159
79,0.922222222
79,0.244444444
79,0.292063492
79,0.914285714
79,0.920634921
79,0.322222222
79,0.933333333
79,0.220634921
79,0.495238095
79,0.484126984
79,0.853968254
79,0.826984127
79,0.919047619
79,0.966666667
79,0.906349206
79,0.657142857
79,0.849206349
79,0.973015873
79,0.892857143
79,0.925396825
79,0.884126984
79,0.979365079
79,0.361904762
79,0.976785714
79,0.946031746
79,0.957142857
79,0.693650794
79,0.984126984
79,0.903174603
79,0.984126984
79,0.971428571
79,0.226530612
79,0.89047619
79,0.607936508
79,0.596825397
79,0.96031746
79,0.874603175
79,0.966666667
79,0.985714286
79,0.876190476
79,0.887301587
79,0.26984127
79,0.880952381
79,0.903174603
79,0.695238095
79,0.977777778
79,0.871428571
79,0.934920635
79,0.858730159
79,0.373214286
79,0.868253968
79,0.906349206
79,0.592063492
79,0.888888889
79,0.880952381
79,0.838095238
79,0.923809524
79,0.952380952
79,0.949206349
79,0.942857143
79,0.99047619
79,0.836507937
79,0.928571429
79,0.63968254
79,0.898412698
79,0.857142857
79,0.919047619
79,0.979365079
79,0.796825397
79,0.833333333
79,0.146031746
79,0.946031746
79,0.965079365
79,0.896825397
79,0.868253968
79,0.906349206
79,0.852380952
79,0.195238095
79,0.944444444
79,0.936507937
79,0.436507937
79,0.176190476
79,0.96984127
79,0.949206349
79,0.463492063
79,0.946031746
79,0.938095238
79,0.955555556
79,0.888888889
79,0.974603175
79,0.957142857
79,0.747619048
79,0.973015873
79,0.296825397
79,0.893650794
79,0.441269841
79,0.801587302
79,0.974603175
79,0.944444444
79,0.96031746
79,0.923809524
79,0.992063492
79,0.828571429
79,0.965079365
79,0.96031746
79,0.86031746
79,0.911111111
79,0.946031746
79,0.977777778
79,0.934920635
79,0.906349206
79,0.984126984
79,0.949206349
79,0.928571429
79,0.887301587
79,0.511111111
79,0.96984127
79,0.86984127
79,0.841269841
79,0.825396825
79,0.976190476
79,0.949206349
79,0.896825397
79,0.915873016
79,0.914285714
79,0.976190476
79,0.86031746
79,0.934920635
79,0.852380952
79,0.655555556
79,0.849206349
79,0.993650794
79,0.898412698
79,0.707936508
79,0.973015873
79,0.950793651
79,0.846031746
79,0.693650794
79,0.998412698
79,0.936507937
79,0.895238095
79,0.420634921
79,0.976190476
79,0.388888889
79,0.249206349
79,0.876190476
79,0.936507937
79,0.847619048
79,0.912698413
79,0.811111111
79,0.904761905
79,0.847619048
79,0.947619048
79,0.828571429
79,0.934920635
79,0.953968254
79,0.966666667
79,0.879365079
79,0.838095238
79,1
79,0.958730159
79,0.973015873
79,0.984126984
79,0.761904762
79,0.966666667
79,0.968253968
79,0.961904762
79,0.779365079
79,0.963492063
79,0.320634921
79,0.933333333
79,0.93968254
79,0.798412698
79,0.887301587
79,0.925396825
79,0.965079365
79,0.979365079
79,0.934920635
79,0.173015873
79,0.906349206
79,0.707936508
79,0.944444444
79,0.915873016
79,0.946031746
79,0.642857143
79,0.885714286
79,0.550793651
79,0.820634921
79,0.953968254
79,0.498412698
79,0.712698413
79,0.96031746
79,0.868253968
79,0.950793651
79,0.949206349
79,0.925396825
79,0.988888889
79,0.777777778
79,0.963492063
79,0.763492063
80,0.975
80,0.923214286
80,0.875
80,0.753571429
80,0.526785714
80,0.858928571
80,0.933928571
80,0.889285714
80,0.4125
80,0.285714286
80,0.896428571
80,0.946428571
80,0.301785714
80,0.935714286
80,0.2625
80,0.519642857
80,0.492857143
80,0.821428571
80,0.860714286
80,0.928571429
80,0.948214286
80,0.896428571
80,0.642857143
80,0.842857143
80,0.957142857
80,0
80,0.926785714
80,0.905357143
80,0.964285714
80,0.091071429
80,0.930357143
80,0.925
80,0.942857143
80,0.816071429
80,0.978571429
80,0.926785714
80,0.957142857
80,0.982142857
80,0.192857143
80,0.908928571
80,0.483928571
80,0.730357143
80,0.973214286
80,0.907142857
80,0.989285714
80,0.964285714
80,0.875
80,0.860714286
80,0.258928571
80,0.880357143
80,0.878571429
80,0.597959184
80,0.928571429
80,0.858928571
80,0.932142857
80,0.835714286
80,0.3125
80,0.876785714
80,0.891071429
80,0.8375
80,0.9
80,0.946428571
80,0.8125
80,0.905357143
80,0.964285714
80,0.964285714
80,0.960714286
80,0.976785714
80,0.803571429
80,0.939285714
80,0.432142857
80,0.883928571
80,0.875
80,0.889285714
80,0.967857143
80,0.760714286
80,0.814285714
80,0.1875
80,0.707142857
80,0.9375
80,0.914285714
80,0.851785714
80,0.9125
80,0.823214286
80,0.1875
80,0.953571429
80,0.942857143
80,0.3875
80,0.217857143
80,0.982142857
80,0.95
80,0.455357143
80,0.964285714
80,0.953571429
80,0.9375
80,0.883928571
80,0.978571429
80,0.973214286
80,0.730357143
80,0.9875
80,0.398214286
80,0.871428571
80,0.444642857
80,0.783928571
80,0.983928571
80,0.973214286
80,0.978571429
80,0.964285714
80,0.996428571
80,0.823214286
80,0.95
80,0.9875
80,0.866071429
80,0.928571429
80,0.935714286
80,0.957142857
80,0.941071429
80,0.935714286
80,0.973214286
80,0.953571429
80,0
80,0.8875
80,0.298214286
80,0.985714286
80,0.898214286
80,0.851020408
80,0.735714286
80,0.975
80,0.953571429
80,0.883928571
80,0.930357143
80,0.928571429
80,0.975
80,0.859183673
80,0.921428571
80,0.967857143
80,0.694642857
80,0.85
80,0.971428571
80,0.864285714
80,0.935714286
80,0.917857143
80,0.948214286
80,0.860714286
80,0.732142857
80,0.998214286
80,0.944642857
80,0
80,0.483928571
80,0.994642857
80,0.296428571
80,0.226785714
80,0.916071429
80,0.910714286
80,0.857142857
80,0.910714286
80,0.803571429
80,0.917857143
80,0.867857143
80,0.975
80,0.441071429
80,0.960714286
80,0.958928571
80,0.978571429
80,0.898214286
80,0.844642857
80,0.998214286
80,0.973214286
80,0.971428571
80,0.960714286
80,0.757142857
80,0.976785714
80,0.967857143
80,0.967857143
80,0.719642857
80,0.964285714
80,0.3
80,0.880357143
80,0.921428571
80,0.8
80,0.921428571
80,0.9375
80,0.960714286
80,0.973214286
80,0.889285714
80,0.182142857
80,0.95
80,0.425
80,0.95
80,0.9375
80,0.926785714
80,0.5625
80,0.867857143
80,0.498214286
80,0.773214286
80,0.959183673
80,0.492857143
80,0.703571429
80,0.980357143
80,0.907142857
80,0.966071429
80,0.942857143
80,0.9125
80,0.953571429
80,0.794642857
80,0.953571429
80,0.760714286
81,0.955555556
81,0.947619048
81,0.820634921
81,0.746031746
81,0.5
81,0.888888889
81,0.96984127
81,0.934920635
81,0.257142857
81,0.26031746
81,0.898412698
81,0.931746032
81,0.263492063
81,0.957142857
81,0.163492063
81,0.526984127
81,0.492063492
81,0.765079365
81,0.83015873
81,0.866666667
81,0.968253968
81,0.896825397
81,0.628571429
81,0.888888889
81,0.941269841
81,0
81,0.963492063
81,0.896825397
81,0.988888889
81,0.071428571
81,0.826984127
81,0.942857143
81,0.963492063
81,0.844444444
81,0.976190476
81,0.923809524
81,0.985714286
81,0.965079365
81,0.201587302
81,0.846031746
81,0.465079365
81,0.801587302
81,0.966666667
81,0.885714286
81,0.953968254
81,0.976190476
81,0.904761905
81,0.841269841
81,0.233333333
81,0.896825397
81,0.86984127
81,0.712698413
81,0.971428571
81,0.834920635
81,0.903174603
81,0.861904762
81,0.363492063
81,0.846031746
81,0.946031746
81,0.838095238
81,0.874603175
81,0.893650794
81,0.844444444
81,0.931746032
81,0.928571429
81,0.96031746
81,0.947619048
81,0.992063492
81,0.80952381
81,0.949206349
81,0.434920635
81,0.923809524
81,0.896825397
81,0.822222222
81,0.980952381
81,0.80952381
81,0.776190476
81,0.168253968
81,0.457142857
81,0.953968254
81,0.895238095
81,0.836507937
81,0.903174603
81,0.820634921
81,0.211111111
81,0.955555556
81,0.895238095
81,0.53968254
81,0.249206349
81,0.982539683
81,0.950793651
81,0.452380952
81,0.966666667
81,0.952380952
81,0.893650794
81,0.888888889
81,0.979365079
81,0.93968254
81,0.725396825
81,0.96031746
81,0.479365079
81,0.879591837
81,0.452380952
81,0.779365079
81,0.968253968
81,0.973015873
81,0.961904762
81,0.985714286
81,0.992063492
81,0.833333333
81,0.933333333
81,0.963492063
81,0.834920635
81,0.9
81,0.968253968
81,0.944444444
81,0.920634921
81,0.904761905
81,0.976190476
81,0.953968254
81,0
81,0.892063492
81,0.250793651
81,0.987301587
81,0.86984127
81,0.833333333
81,0.923809524
81,0.980952381
81,0.980952381
81,0.877777778
81,0.944444444
81,0.9
81,0.985714286
81,0.865079365
81,0.936507937
81,0.880952381
81,0.704761905
81,0.887301587
81,0.985714286
81,0.6
81,0.857142857
81,0.936507937
81,0.926984127
81,0.858730159
81,0.726984127
81,0.993650794
81,0.919047619
81,0
81,0.588888889
81,0.980952381
81,0.342857143
81,0.277777778
81,0.907936508
81,0.922222222
81,0.849206349
81,0.928571429
81,0.838095238
81,0.934920635
81,0.904761905
81,0.950793651
81,0.363492063
81,0.950793651
81,0.96031746
81,0.66031746
81,0.892063492
81,0.904761905
81,0.996825397
81,0.982539683
81,0.966666667
81,0.93968254
81,0.693650794
81,0.966666667
81,0.906349206
81,0.965079365
81,0.820634921
81,0.963492063
81,0.249206349
81,0.896825397
81,0.912698413
81,0.80952381
81,0.898412698
81,0.950793651
81,0.971428571
81,0.985714286
81,0.934920635
81,0.141269841
81,0.926984127
81,0.347619048
81,0.955555556
81,0.941269841
81,0.941269841
81,0.457142857
81,0.880952381
81,0.395238095
81,0.63968254
81,0.946031746
81,0.479365079
81,0.671428571
81,0.947619048
81,0.885714286
81,0.957142857
81,0.938095238
81,0.93968254
81,0.966666667
81,0.79047619
81,0.971428571
81,0.763492063
82,0.957142857
82,0.9
82,0.353571429
82,0.723214286
82,0.576785714
82,0.853571429
82,0.955357143
82,0.930357143
82,0.669642857
82,0.3
82,0.919642857
82,0.942857143
82,0.269642857
82,0.942857143
82,0.141071429
82,0.507142857
82,0.485714286
82,0.75
82,0.885714286
82,0.917857143
82,0.946428571
82,0.866071429
82,0.569642857
82,0.873214286
82,0.978571429
82,0
82,0.930357143
82,0.883928571
82,0.969642857
82,0.053571429
82,0.955357143
82,0.957142857
82,0.967857143
82,0.735714286
82,0.989285714
82,0.964285714
82,0.9625
82,0.975
82,0.232142857
82,0.883928571
82,0.542857143
82,0.823214286
82,0.978571429
82,0.8875
82,0.975
82,0.983928571
82,0.903571429
82,0.805357143
82,0.30952381
82,0.8625
82,0.866071429
82,0.708928571
82,0.948214286
82,0.876785714
82,0.948214286
82,0.905357143
82,0.275510204
82,0.880357143
82,0.903571429
82,0.85
82,0.851785714
82,0.9375
82,0.817857143
82,0.923214286
82,0.958928571
82,0.941071429
82,0.957142857
82,0.982142857
82,0.782142857
82,0.921428571
82,0.419642857
82,0.776785714
82,0.866071429
82,0.816071429
82,0.960714286
82,0.7875
82,0.769642857
82,0.208928571
82,0.425
82,0.766071429
82,0.901785714
82,0.883928571
82,0.883928571
82,0.719642857
82,0.230357143
82,0.948214286
82,0.878571429
82,0.466071429
82,0.2
82,0.978571429
82,0.948979592
82,0.453571429
82,0.955357143
82,0.933928571
82,0.917857143
82,0.885714286
82,0.976785714
82,0.973214286
82,0.678571429
82,0.963265306
82,0.526785714
82,0.914285714
82,0.4375
82,0.818367347
82,0.975
82,0.966071429
82,0.975
82,0.975
82,0.996428571
82,0.851785714
82,0.948214286
82,0.982142857
82,0.898214286
82,0.891071429
82,0.941071429
82,0.9375
82,0.95
82,0.95
82,0.969642857
82,0.941071429
82,0
82,0.903571429
82,0.289285714
82,0.939285714
82,0.869642857
82,0.826785714
82,0.742857143
82,0.9875
82,0.948214286
82,0.883928571
82,0.930357143
82,0.935714286
82,0.991071429
82,0.876785714
82,0.944642857
82,0.857142857
82,0.630357143
82,0.871428571
82,0.975
82,0.523214286
82,0.946428571
82,0.9375
82,0.946428571
82,0.873214286
82,0.616071429
82,0.982142857
82,0.953571429
82,0
82,0.548214286
82,0.973469388
82,0.416071429
82,0.239285714
82,0.883928571
82,0.882142857
82,0.826530612
82,0.944897959
82,0.857142857
82,0.908928571
82,0.907142857
82,0.826785714
82,0.419642857
82,0.926785714
82,0.964285714
82,0.4625
82,0.876785714
82,0.875
82,1
82,0.975
82,0.989285714
82,0.971428571
82,0.767857143
82,0.964285714
82,0.942857143
82,0.958928571
82,0.825
82,0.924489796
82,0.258928571
82,0.864285714
82,0.95
82,0.780357143
82,0.883928571
82,0.914285714
82,0.957142857
82,0.957142857
82,0.873214286
82,0.453571429
82,0.978571429
82,0.453061224
82,0.953061224
82,0.932142857
82,0.923214286
82,0.610714286
82,0.85
82,0.383928571
82,0.753571429
82,0.96122449
82,0.492857143
82,0.719642857
82,0.975510204
82,0.916071429
82,0.948979592
82,0.960714286
82,0.946428571
82,0.955357143
82,0.771428571
82,0.926530612
82,0.785714286
83,0.988888889
83,0.923809524
83,0.450793651
83,0.76984127
83,0.647619048
83,0.820634921
83,0.96031746
83,0.906349206
83,0.765079365
83,0.169642857
83,0.892063492
83,0.933333333
83,0.312698413
83,0.957142857
83,0.13968254
83,0.59047619
83,0.471428571
83,0.750793651
83,0.838095238
83,0.922222222
83,0.953968254
83,0.926984127
83,0.638095238
83,0.846031746
83,0.961904762
83,0.557142857
83,0.941269841
83,0.885714286
83,0.974603175
83,0.085714286
83,0.801587302
83,0.977777778
83,0.950793651
83,0.771428571
83,0.963492063
83,0.907936508
83,0.987301587
83,0.952380952
83,0.214285714
83,0.877777778
83,0.471428571
83,0.776190476
83,0.96031746
83,0.896825397
83,0.973015873
83,0.961904762
83,0.852380952
83,0.741269841
83,0.268253968
83,0.911111111
83,0.895238095
83,0.704761905
83,0.912698413
83,0.855555556
83,0.911111111
83,0.885714286
83,0.29047619
83,0.853968254
83,0.934920635
83,0.828571429
83,0.863492063
83,0.879365079
83,0.83968254
83,0.892063492
83,0.966666667
83,0.966666667
83,0.952380952
83,1
83,0.734920635
83,0.926984127
83,0.441269841
83,0.882539683
83,0.86984127
83,0.679365079
83,0.961904762
83,0.773015873
83,0.761904762
83,0.161904762
83,0.373015873
83,0.420634921
83,0.934920635
83,0.858730159
83,0.874603175
83,0.722222222
83,0.20952381
83,0.953968254
83,0.949206349
83,0.573015873
83,0.192063492
83,0.968253968
83,0.933333333
83,0.447619048
83,0.923809524
83,0.931746032
83,0.914285714
83,0.9
83,0.971428571
83,0.938095238
83,0.723809524
83,0.947619048
83,0.358730159
83,0.882539683
83,0.425396825
83,0.726984127
83,0.958730159
83,0.957142857
83,0.976190476
83,0.976190476
83,0.998412698
83,0.865079365
83,0.963492063
83,0.968253968
83,0.853968254
83,0.895238095
83,0.952380952
83,0.977777778
83,0.917460317
83,0.950793651
83,0.982539683
83,0.946031746
83,0.642857143
83,0.907936508
83,0.268253968
83,0.966666667
83,0.866666667
83,0.842857143
83,0.861904762
83,0.993650794
83,0.93015873
83,0.89047619
83,0.925396825
83,0.904761905
83,0.968253968
83,0.861904762
83,0.933333333
83,0.915873016
83,0.661904762
83,0.834920635
83,0.961904762
83,0.504761905
83,0.944444444
83,0.788888889
83,0.944444444
83,0.857142857
83,0.533333333
83,0.987301587
83,0.931746032
83,0.871428571
83,0.650793651
83,0.950793651
83,0.480952381
83,0.223809524
83,0.901587302
83,0.917460317
83,0.825396825
83,0.93015873
83,0.852380952
83,0.901587302
83,0.955555556
83,0.831746032
83,0.415873016
83,0.950793651
83,0.96031746
83,0.561904762
83,0.884126984
83,0.838095238
83,0.996825397
83,0.963492063
83,0.938095238
83,0.955555556
83,0.726984127
83,0.957142857
83,0.879365079
83,0.946031746
83,0.695238095
83,0.958730159
83,0.284126984
83,0.868253968
83,0.93015873
83,0.820634921
83,0.914285714
83,0.949206349
83,0.982142857
83,0.974603175
83,0.86031746
83,0.79047619
83,0.96984127
83,0.40952381
83,0.938095238
83,0.919047619
83,0.922222222
83,0.414285714
83,0.863492063
83,0.422222222
83,0.731746032
83,0.971428571
83,0.517460317
83,0.719047619
83,0.96031746
83,0.892063492
83,0.926984127
83,0.96984127
83,0.96031746
83,0.963492063
83,0.768253968
83,0.949206349
83,0.787301587
84,0.975
84,0.930357143
84,0.453571429
84,0.710714286
84,0.692857143
84,0.839285714
84,0.957142857
84,0.892857143
84,0.785714286
84,0.189795918
84,0.830357143
84,0.925
84,0.242857143
84,0.95
84,0.146428571
84,0.625
84,0.471428571
84,0.755357143
84,0.855357143
84,0.9125
84,0.941071429
84,0.930357143
84,0.641071429
84,0.853571429
84,0.985714286
84,0.375
84,0.957142857
84,0.876785714
84,0.792857143
84,0.069642857
84,0.885714286
84,0.933928571
84,0.9375
84,0.844642857
84,0.969642857
84,0.944642857
84,0.985714286
84,0.978571429
84,0.230357143
84,0.851785714
84,0.439285714
84,0.803571429
84,0.973214286
84,0.867857143
84,0.971428571
84,0.95
84,0.860714286
84,0.567857143
84,0.276785714
84,0.907142857
84,0.878571429
84,0.694642857
84,0.894642857
84,0.825
84,0.932142857
84,0.864285714
84,0.251020408
84,0.846428571
84,0.910714286
84,0.882142857
84,0.621428571
84,0.926785714
84,0.864285714
84,0.921428571
84,0.894642857
84,0.955357143
84,0.939285714
84,0.980357143
84,0.667857143
84,0.914285714
84,0.426785714
84,0.866071429
84,0.867857143
84,0.446428571
84,0.930357143
84,0.778571429
84,0.7875
84,0.0875
84,0.441071429
84,0.378571429
84,0.898214286
84,0.8375
84,0.910714286
84,0.598214286
84,0.158928571
84,0.930357143
84,0.935714286
84,0.626785714
84,0.175
84,0.978571429
84,0.958928571
84,0.446428571
84,0.9625
84,0.958928571
84,0.928571429
84,0.871428571
84,0.951785714
84,0.946428571
84,0.723214286
84,0.969642857
84,0.471428571
84,0.903571429
84,0.364285714
84,0.469642857
84,0.964285714
84,0.958928571
84,0.955357143
84,0.953571429
84,0.992857143
84,0.835714286
84,0.948214286
84,0.971428571
84,0.905357143
84,0.889285714
84,0.942857143
84,0.967857143
84,0.948214286
84,0.941071429
84,0.980357143
84,0.889285714
84,0.510714286
84,0.8875
84,0.328571429
84,0.969642857
84,0.848214286
84,0.821428571
84,0.864285714
84,0.985714286
84,0.957142857
84,0.926785714
84,0.933928571
84,0.855357143
84,0.975
84,0.875
84,0.919642857
84,0.880357143
84,0.739285714
84,0.846428571
84,0.958928571
84,0.516071429
84,0.955357143
84,0.767857143
84,0.958928571
84,0.8875
84,0.3375
84,0.996428571
84,0.898214286
84,0.880952381
84,0.621428571
84,0.976785714
84,0.410714286
84,0.232142857
84,0.910714286
84,0.910714286
84,0.816071429
84,0.930357143
84,0.782142857
84,0.901785714
84,0.796428571
84,0.860714286
84,0.366071429
84,0.948214286
84,0.951785714
84,0.385714286
84,0.903571429
84,0.832142857
84,0.983928571
84,0.964285714
84,0.983928571
84,0.989285714
84,0.730357143
84,0.964285714
84,0.853571429
84,0.955357143
84,0.858928571
84,0.916071429
84,0.308928571
84,0.903571429
84,0.939285714
84,0.792857143
84,0.857142857
84,0.935714286
84,0.957142857
84,0.982142857
84,0.898214286
84,0.8125
84,0.951785714
84,0.373214286
84,0.928571429
84,0.883928571
84,0.925
84,0.598214286
84,0.819642857
84,0.382142857
84,0.742857143
84,0.955102041
84,0.501785714
84,0.669642857
84,0.9625
84,0.917857143
84,0.941071429
84,0.966071429
84,0.942857143
84,0.969642857
84,0.744642857
84,0.957142857
84,0.783928571
85,0.973214286
85,0.930357143
85,0.383928571
85,0.728571429
85,0.642857143
85,0.844642857
85,0.921428571
85,0.928571429
85,0.8625
85,0.157142857
85,0.892857143
85,0.910714286
85,0.296428571
85,0.960714286
85,0.107142857
85,0.635714286
85,0.471428571
85,0.755357143
85,0.9125
85,0.910714286
85,0.944642857
85,0.916071429
85,0.585714286
85,0.835714286
85,0.953571429
85,0
85,0.948214286
85,0.878571429
85,0.375
85,0.067857143
85,0.928571429
85,0.958928571
85,0.9375
85,0.848214286
85,0.976785714
85,0.955357143
85,0.955357143
85,0.964285714
85,0.201785714
85,0.891071429
85,0.407142857
85,0.758928571
85,0.960714286
85,0.830357143
85,0.976785714
85,0.975
85,0.8875
85,0.492857143
85,0.283928571
85,0.9125
85,0.882142857
85,0.782142857
85,0.8375
85,0.801785714
85,0.891071429
85,0.866071429
85,0.326785714
85,0.864285714
85,0.9125
85,0.898214286
85,0.485714286
85,0.883928571
85,0.867857143
85,0.898214286
85,0.614285714
85,0.953571429
85,0.941071429
85,0.971428571
85,0.617857143
85,0.916071429
85,0.394642857
85,0.892857143
85,0.828571429
85,0.348214286
85,0.9625
85,0.785714286
85,0.701785714
85,0.2125
85,0.4125
85,0.342857143
85,0.907142857
85,0.839285714
85,0.871428571
85,0.521428571
85,0.217857143
85,0.7
85,0.905357143
85,0.614285714
85,0.1375
85,0.9625
85,0.964285714
85,0.4625
85,0.960714286
85,0.921428571
85,0.905357143
85,0.666071429
85,0.983928571
85,0.944642857
85,0.689285714
85,0.964285714
85,0.433928571
85,0.892857143
85,0.341071429
85,0.401785714
85,0.969642857
85,0.953571429
85,0.935714286
85,0.966071429
85,0.994642857
85,0.889285714
85,0.935714286
85,0.948214286
85,0.878571429
85,0.878571429
85,0.9625
85,0.9375
85,0.907142857
85,0.923214286
85,0.982142857
85,0.9125
85,0
85,0.875
85,0.333928571
85,0.951785714
85,0.848214286
85,0.828571429
85,0.933928571
85,0.969642857
85,0.935714286
85,0.891071429
85,0.880357143
85,0.892857143
85,0.960714286
85,0.867857143
85,0.941071429
85,0.857142857
85,0.735714286
85,0.839285714
85,0.967857143
85,0.444642857
85,0.944642857
85,0.626785714
85,0.917857143
85,0.885714286
85,0.405357143
85,0.989285714
85,0.9
85,0
85,0.676785714
85,0.967346939
85,0.392857143
85,0.194642857
85,0.894642857
85,0.95
85,0.835714286
85,0.8875
85,0.841071429
85,0.9125
85,0.842857143
85,0.767857143
85,0.307142857
85,0.95
85,0.960714286
85,0.344642857
85,0.858928571
85,0.851785714
85,0.994642857
85,0.967857143
85,0.969642857
85,0.953571429
85,0.771428571
85,0.980357143
85,0.880357143
85,0.966071429
85,0.846428571
85,0.9375
85,0.253571429
85,0.880357143
85,0.9375
85,0.8
85,0.833928571
85,0.921428571
85,0.960714286
85,0.960714286
85,0.889285714
85,0.8625
85,0.948214286
85,0.314285714
85,0.93877551
85,0.9125
85,0.946428571
85,0.628571429
85,0.844642857
85,0.5
85,0.580357143
85,0.965306122
85,0.519642857
85,0.707142857
85,0.982142857
85,0.896428571
85,0.960714286
85,0.948214286
85,0.923214286
85,0.996428571
85,0.732142857
85,0.941071429
85,0.882142857
86,0.985714286
86,0.921428571
86,0.451785714
86,0.723214286
86,0.567857143
86,0.823214286
86,0.967857143
86,0.885714286
86,0.898214286
86,0.160714286
86,0.889285714
86,0.901785714
86,0.276785714
86,0.975
86,0.125
86,0.578571429
86,0.4625
86,0.755357143
86,0.848214286
86,0.925
86,0.951785714
86,0.948214286
86,0.591071429
86,0.85
86,0.975
86,0
86,0.926785714
86,0.839285714
86,0.264285714
86,0.094642857
86,0.858928571
86,0.95
86,0.958928571
86,0.816071429
86,0.989285714
86,0.932142857
86,0.971428571
86,0.955357143
86,0.191836735
86,0.875
86,0.358928571
86,0.614285714
86,0.944642857
86,0.876785714
86,0.983928571
86,0.960714286
86,0.882142857
86,0.482142857
86,0.226785714
86,0.9
86,0.921428571
86,0.680357143
86,0.544642857
86,0.791071429
86,0.880357143
86,0.817857143
86,0.332653061
86,0.85
86,0.933928571
86,0.883928571
86,0.45
86,0.885714286
86,0.876785714
86,0.878571429
86,0.369642857
86,0.941071429
86,0.941071429
86,0.989285714
86,0.6125
86,0.891071429
86,0.319642857
86,0.867857143
86,0.853571429
86,0.3375
86,0.982142857
86,0.755357143
86,0.467857143
86,0.1125
86,0.423214286
86,0.328571429
86,0.941071429
86,0.801785714
86,0.739285714
86,0.603571429
86,0.171428571
86,0.566071429
86,0.928571429
86,0.558928571
86,0.216071429
86,0.9875
86,0.953571429
86,0.446428571
86,0.930357143
86,0.960714286
86,0.919642857
86,0.623214286
86,0.982142857
86,0.935714286
86,0.626785714
86,0.973214286
86,0.498214286
86,0.853571429
86,0.394642857
86,0.451785714
86,0.980357143
86,0.960714286
86,0.9625
86,0.930357143
86,0.978571429
86,0.844642857
86,0.933928571
86,0.978571429
86,0.828571429
86,0.892857143
86,0.958928571
86,0.9625
86,0.957142857
86,0.9125
86,0.967857143
86,0.957142857
86,0
86,0.946428571
86,0.275
86,0.935714286
86,0.864285714
86,0.6625
86,0.935714286
86,0.983928571
86,0.935714286
86,0.905357143
86,0.926785714
86,0.901785714
86,0.923214286
86,0.844642857
86,0.925
86,0.898214286
86,0.680357143
86,0.798214286
86,0.925
86,0.425
86,0.825
86,0.455357143
86,0.9375
86,0.846428571
86,0.333928571
86,0.9875
86,0.921428571
86,0
86,0.673214286
86,0.969642857
86,0.391071429
86,0.230357143
86,0.926785714
86,0.889285714
86,0.823214286
86,0.8
86,0.832142857
86,0.873214286
86,0.85
86,0.425
86,0.435714286
86,0.941071429
86,0.973214286
86,0.355357143
86,0.878571429
86,0.873214286
86,0.992857143
86,0.9625
86,0.958928571
86,0.973214286
86,0.751785714
86,0.955357143
86,0.830357143
86,0.948214286
86,0.8125
86,0.948214286
86,0.232142857
86,0.875
86,0.946428571
86,0.801785714
86,0.821428571
86,0.914285714
86,0.967857143
86,0.988571429
86,0.928571429
86,0.853571429
86,0.946428571
86,0.442857143
86,0.914285714
86,0.944642857
86,0.914285714
86,0.583928571
86,0.864285714
86,0.435714286
86,0.6
86,0.966071429
86,0.467857143
86,0.751785714
86,0.95
86,0.871428571
86,0.964285714
86,0.967857143
86,0.926785714
86,0.964285714
86,0.764285714
86,0.976785714
86,0.908928571
87,0.985714286
87,0.907936508
87,0.403174603
87,0.687301587
87,0.641269841
87,0.815873016
87,0.947619048
87,0.887301587
87,0.830357143
87,0.101587302
87,0.888888889
87,0.904761905
87,0.258928571
87,0.942857143
87,0.096825397
87,0.526984127
87,0.480952381
87,0.741269841
87,0.866666667
87,0.866666667
87,0.89047619
87,0.928571429
87,0.53015873
87,0.86031746
87,0.966666667
87,0
87,0.919047619
87,0.871428571
87,0.319047619
87,0.047619048
87,0.847619048
87,0.961904762
87,0.898412698
87,0.861904762
87,0.971428571
87,0.938095238
87,0.987301587
87,0.966666667
87,0.250793651
87,0.849206349
87,0.328571429
87,0.563492063
87,0.934920635
87,0.901587302
87,0.987301587
87,0.980952381
87,0.857142857
87,0.431746032
87,0.292063492
87,0.901587302
87,0.90952381
87,0.717460317
87,0.463492063
87,0.725396825
87,0.892063492
87,0.846031746
87,0.185714286
87,0.820634921
87,0.887301587
87,0.882539683
87,0.361904762
87,0.920634921
87,0.858730159
87,0.874603175
87,0.382539683
87,0.947619048
87,0.934920635
87,1
87,0.620634921
87,0.915873016
87,0.341269841
87,0.836507937
87,0.871428571
87,0.295238095
87,0.968253968
87,0.719047619
87,0.326984127
87,0.149206349
87,0.422222222
87,0.349206349
87,0.964285714
87,0.6
87,0.607936508
87,0.468253968
87,0.215873016
87,0.296825397
87,0.919047619
87,0.617460317
87,0.198412698
87,0.968253968
87,0.958730159
87,0.458730159
87,0.947619048
87,0.931746032
87,0.874603175
87,0.387301587
87,0.965079365
87,0.961904762
87,0.620634921
87,0.971428571
87,0.415873016
87,0.879365079
87,0.307936508
87,0.503174603
87,0.965079365
87,0.96031746
87,0.93968254
87,0.958730159
87,0.974603175
87,0.86031746
87,0.942857143
87,0.973015873
87,0.898412698
87,0.884126984
87,0.942857143
87,0.971428571
87,0.949206349
87,0.933333333
87,0.985714286
87,0.912698413
87,0
87,0.901587302
87,0.23968254
87,0.93015873
87,0.834920635
87,0.463492063
87,0.861904762
87,0.968253968
87,0.944444444
87,0.901587302
87,0.911111111
87,0.849206349
87,0.873015873
87,0.873015873
87,0.928571429
87,0.807936508
87,0.801587302
87,0.807936508
87,0.961904762
87,0.407936508
87,0.846031746
87,0.484126984
87,0.904761905
87,0.855555556
87,0.301587302
87,0.993650794
87,0.896825397
87,0
87,0.438095238
87,0.987301587
87,0.396825397
87,0.16031746
87,0.904761905
87,0.901587302
87,0.817460317
87,0.850793651
87,0.855555556
87,0.915873016
87,0.736507937
87,0.815873016
87,0.334920635
87,0.947619048
87,0.947619048
87,0.322222222
87,0.873015873
87,0.844444444
87,1
87,0.950793651
87,0.965079365
87,0.973015873
87,0.796825397
87,0.980952381
87,0.831746032
87,0.973015873
87,0.668253968
87,0.906349206
87,0.241269841
87,0.877777778
87,0.958730159
87,0.819047619
87,0.823809524
87,0.922222222
87,0.978571429
87,0
87,0.903174603
87,0.861904762
87,0.955555556
87,0.26031746
87,0.936507937
87,0.928571429
87,0.926984127
87,0.614285714
87,0.707936508
87,0.458730159
87,0.753968254
87,0.953968254
87,0.49047619
87,0.728571429
87,0.961904762
87,0.912698413
87,0.958730159
87,0.980952381
87,0.936507937
87,0.968253968
87,0.76031746
87,0.955555556
87,0.884126984
88,0.973214286
88,0.923214286
88,0.417857143
88,0.644642857
88,0.692857143
88,0.791071429
88,0.919642857
88,0.905357143
88,0
88,0.167346939
88,0.8625
88,0.873469388
88,0.241071429
88,0.925
88,0.141071429
88,0.542857143
88,0.469642857
88,0.796428571
88,0.853571429
88,0.910714286
88,0.866071429
88,0.896428571
88,0.491071429
88,0.869642857
88,0.975
88,0
88,0.994642857
88,0.885714286
88,0.394642857
88,0.067857143
88,0.901785714
88,0.916071429
88,0.889285714
88,0.878571429
88,0.975
88,0.939285714
88,0.989285714
88,0.966071429
88,0.226785714
88,0.871428571
88,0.307142857
88,0.591071429
88,0.907142857
88,0.732142857
88,0.976785714
88,0.9625
88,0.885714286
88,0.448214286
88,0.278571429
88,0.882142857
88,0.875
88,0.726785714
88,0.360714286
88,0.682142857
88,0.905357143
88,0.869387755
88,0.178571429
88,0.85
88,0.860714286
88,0.878571429
88,0.451785714
88,0.975
88,0.8625
88,0.853571429
88,0.2875
88,0.939285714
88,0.944642857
88,0.983673469
88,0.671428571
88,0.721428571
88,0.344642857
88,0.864285714
88,0.844642857
88,0.266071429
88,0.964285714
88,0.701785714
88,0.307142857
88,0.078571429
88,0.330357143
88,0.451785714
88,0.892857143
88,0.366071429
88,0.246428571
88,0.382142857
88,0.167857143
88,0.253571429
88,0.921428571
88,0.496428571
88,0.121428571
88,0.973214286
88,0.958928571
88,0.492857143
88,0.963265306
88,0.9375
88,0.9125
88,0.582142857
88,0.955357143
88,0.978571429
88,0.542857143
88,0.8375
88,0.341071429
88,0.857142857
88,0.378571429
88,0.557142857
88,0.964285714
88,0.941071429
88,0.923214286
88,0.948214286
88,0.858928571
88,0.864285714
88,0.930357143
88,0.975
88,0.883928571
88,0.853571429
88,0.901785714
88,0.955357143
88,0.951785714
88,0.953571429
88,0.982142857
88,0.928571429
88,0
88,0.907142857
88,0.203571429
88,0.964285714
88,0.8625
88,0.351785714
88,0.935714286
88,0.978571429
88,0.935714286
88,0.889285714
88,0.889285714
88,0.878571429
88,0.592857143
88,0.855357143
88,0.932142857
88,0.932142857
88,0.921428571
88,0.467857143
88,0.948214286
88,0.503571429
88,0.9
88,0.282142857
88,0.926785714
88,0.830357143
88,0.323214286
88,0.980357143
88,0.923214286
88,0
88,0.3875
88,0.983928571
88,0.317857143
88,0.1625
88,0.916071429
88,0.878571429
88,0.825
88,0.864285714
88,0.871428571
88,0.907142857
88,0.794642857
88,0.503571429
88,0.332142857
88,0.958928571
88,0.957142857
88,0.292857143
88,0.860714286
88,0.876785714
88,0.994642857
88,0.926785714
88,0.957142857
88,0.983928571
88,0.7875
88,0.966071429
88,0.864285714
88,0.955357143
88,0.591071429
88,0.9375
88,0.183928571
88,0.8625
88,0.933928571
88,0.823214286
88,0.841071429
88,0.926785714
88,0.973214286
88,0
88,0.894642857
88,0.853571429
88,0.960714286
88,0.285714286
88,0.941071429
88,0.9375
88,0.858928571
88,0.414285714
88,0.782142857
88,0.403571429
88,0.553571429
88,0.939285714
88,0.505357143
88,0.6625
88,0.991071429
88,0.876785714
88,0.939285714
88,0.978571429
88,0.935714286
88,0.969642857
88,0.628571429
88,0.916071429
88,0.910714286
89,0.985714286
89,0.926785714
89,0.283928571
89,0.667857143
89,0.771428571
89,0.526785714
89,0.944642857
89,0.830357143
89,0
89,0.112244898
89,0.894642857
89,0.880357143
89,0.160714286
89,0.825
89,0.125
89,0.760714286
89,0.469642857
89,0.789285714
89,0.919642857
89,0.921428571
89,0.769642857
89,0.951785714
89,0.396428571
89,0.8625
89,0.951785714
89,0
89,0.939285714
89,0.894642857
89,0.367857143
89,0.05
89,0.814285714
89,0.969642857
89,0.796428571
89,0.780357143
89,0.983928571
89,0.9375
89,0.857142857
89,0.969642857
89,0.242857143
89,0.782142857
89,0.273214286
89,0.573214286
89,0.95
89,0.294642857
89,0.978571429
89,0.966071429
89,0.742857143
89,0.317857143
89,0.223214286
89,0.903571429
89,0.908928571
89,0.5875
89,0.273214286
89,0.598214286
89,0.898214286
89,0.871428571
89,0.226530612
89,0.85
89,0.894642857
89,0.894642857
89,0.385714286
89,0.896428571
89,0.855357143
89,0.575
89,0.280357143
89,0.839285714
89,0.8375
89,0.985714286
89,0.651785714
89,0.589285714
89,0.323214286
89,0.891071429
89,0.864285714
89,0.358928571
89,0.976785714
89,0.658928571
89,0.325
89,0.107142857
89,0.3875
89,0.264285714
89,0.928571429
89,0.396428571
89,0.3625
89,0.2875
89,0.214285714
89,0.289285714
89,0.903571429
89,0.525
89,0.160714286
89,0.967857143
89,0.969642857
89,0.448214286
89,0.735714286
89,0.933928571
89,0.898214286
89,0.323214286
89,0.973214286
89,0.846428571
89,0.5
89,0.969642857
89,0.258928571
89,0.9
89,0.4
89,0.694642857
89,0.969642857
89,0.942857143
89,0.951785714
89,0.994642857
89,0.95
89,0.866071429
89,0.876785714
89,0.955357143
89,0.853571429
89,0.866071429
89,0.944642857
89,0.966071429
89,0.95
89,0.771428571
89,0.976785714
89,0.957142857
89,0
89,0.953571429
89,0.171428571
89,0.975
89,0.864285714
89,0.389285714
89,0.932142857
89,0.989285714
89,0.955357143
89,0.796428571
89,0.894642857
89,0.871428571
89,0.7625
89,0.8625
89,0.939285714
89,0.921428571
89,0.966071429
89,0.542857143
89,0.9625
89,0.282142857
89,0.705357143
89,0.433928571
89,0.823214286
89,0.841071429
89,0.317857143
89,0.994642857
89,0.9
89,0
89,0.321428571
89,0.995238095
89,0.285714286
89,0.191071429
89,0.905357143
89,0.910714286
89,0.830357143
89,0.928571429
89,0.639285714
89,0.907142857
89,0.825
89,0.769642857
89,0.317857143
89,0.942857143
89,0.964285714
89,0.35
89,0.505357143
89,0.789285714
89,1
89,0.855357143
89,0.971428571
89,0.967857143
89,0.664285714
89,0.841071429
89,0.841071429
89,0.960714286
89,0.353571429
89,0.953571429
89,0.155357143
89,0.9
89,0.819642857
89,0.730357143
89,0.660714286
89,0.917857143
89,0.958928571
89,0
89,0.889285714
89,0.889285714
89,0.967857143
89,0.239285714
89,0.916071429
89,0.967857143
89,0.919642857
89,0.635714286
89,0.794642857
89,0.389285714
89,0.6375
89,0.951785714
89,0.507142857
89,0.671428571
89,0.9875
89,0.864285714
89,0.964285714
89,0.955357143
89,0.919642857
89,0.964285714
89,0.685714286
89,0.946428571
89,0.908928571
90,0.985714286
90,0.917460317
90,0.273015873
90,0.698214286
90,0.7
90,0.501587302
90,0.920634921
90,0.779365079
90,0.871428571
90,0.117460317
90,0.849206349
90,0.874603175
90,0.284126984
90,0.936507937
90,0.142857143
90,0.641269841
90,0.449206349
90,0.617460317
90,0.879365079
90,0.922222222
90,0.882539683
90,0.96031746
90,0.457142857
90,0.853968254
90,0.850793651
90,0.769047619
90,0.957142857
90,0.876190476
90,0.201587302
90,0.049206349
90,0.907936508
90,0.958730159
90,0.795238095
90,0.851785714
90,0.995238095
90,0.944444444
90,0.982539683
90,0.915873016
90,0.236507937
90,0.888888889
90,0.336507937
90,0.601587302
90,0.933333333
90,0.287301587
90,0.982539683
90,0.984126984
90,0.836507937
90,0.344444444
90,0.292063492
90,0.9
90,0.931746032
90,0.774603175
90,0.365079365
90,0.606349206
90,0.871428571
90,0.841269841
90,0.257142857
90,0.865079365
90,0.879365079
90,0.873015873
90,0.203174603
90,0.89047619
90,0.817460317
90,0.50952381
90,0.228571429
90,0.949206349
90,0.93015873
90,0.988888889
90,0.50952381
90,0.757142857
90,0.385714286
90,0.807936508
90,0.765079365
90,0.214285714
90,0.976190476
90,0.463492063
90,0.298412698
90,0.16984127
90,0.303174603
90,0.225396825
90,0.898412698
90,0.420634921
90,0.250793651
90,0.20952381
90,0.315873016
90,0.328571429
90,0.804761905
90,0.363492063
90,0.219047619
90,0.988888889
90,0.982539683
90,0.434920635
90,0.944444444
90,0.933333333
90,0.923809524
90,0.36031746
90,0.974603175
90,0.985714286
90,0.493650794
90,0.976190476
90,0.333333333
90,0.863492063
90,0.322222222
90,0.43968254
90,0.963492063
90,0.947619048
90,0.955555556
90,0.961904762
90,1
90,0.865079365
90,0.866666667
90,0.958730159
90,0.873015873
90,0.442857143
90,0.934920635
90,0.961904762
90,0.942857143
90,0.877777778
90,0.992063492
90,0.965079365
90,0
90,0.942857143
90,0.219047619
90,0.961904762
90,0.882539683
90,0.250793651
90,0.815873016
90,0.885714286
90,0.842857143
90,0.898412698
90,0.852380952
90,0.858730159
90,0.937142857
90,0.820634921
90,0.93968254
90,0.893650794
90,0.949206349
90,0.550793651
90,0.934920635
90,0.392063492
90,0.936507937
90,0.43968254
90,0.850793651
90,0.842857143
90,0.395238095
90,0.982539683
90,0.898412698
90,0
90,0.384126984
90,0.991836735
90,0.273015873
90,0.138095238
90,0.9
90,0.896825397
90,0.69047619
90,0.838095238
90,0.811111111
90,0.811111111
90,0.747619048
90,0.812698413
90,0.231746032
90,0.957142857
90,0.866666667
90,0.29047619
90,0.46031746
90,0.847619048
90,0.993650794
90,0.825396825
90,0.901587302
90,0.855555556
90,0.801587302
90,0.965079365
90,0.9
90,0.949206349
90,0.452380952
90,0.965079365
90,0.125396825
90,0.86984127
90,0.822222222
90,0.749206349
90,0.723809524
90,0.917460317
90,0.975
90,0
90,0.925396825
90,0
90,0.982539683
90,0.282539683
90,0.931746032
90,0.942857143
90,0.906349206
90,0.723214286
90,0.8
90,0.480357143
90,0.742857143
90,0.941269841
90,0.496825397
90,0.665079365
90,0.982539683
90,0.885714286
90,0.957142857
90,0.987301587
90,0.93015873
90,0.974603175
90,0.653968254
90,0.958730159
90,0.826984127
91,0.964285714
91,0.95
91,0.303571429
91,0.635714286
91,0.721428571
91,0.635714286
91,0.958928571
91,0.919642857
91,0.828571429
91,0.128571429
91,0.816071429
91,0.853571429
91,0.273214286
91,0.967857143
91,0.139285714
91,0.557142857
91,0.458928571
91,0.514285714
91,0.842857143
91,0.930357143
91,0.803571429
91,0.942857143
91,0.469642857
91,0.844642857
91,0.9625
91,0.810204082
91,0.907142857
91,0.910714286
91,0.221428571
91,0.078571429
91,0.917857143
91,0.948214286
91,0.755357143
91,0.819642857
91,0.8625
91,0.919642857
91,0.991071429
91,0.989285714
91,0.302040816
91,0.864285714
91,0.326785714
91,0.510714286
91,0.951785714
91,0.192857143
91,0.980357143
91,0.960714286
91,0.832142857
91,0.303571429
91,0.3125
91,0.919642857
91,0.9125
91,0.757142857
91,0.230357143
91,0.642857143
91,0.928571429
91,0.8875
91,0.196428571
91,0.833928571
91,0.917857143
91,0.878571429
91,0.405357143
91,0.910714286
91,0.875
91,0.591071429
91,0.323214286
91,0.948214286
91,0.928571429
91,0.998214286
91,0.544642857
91,0.444642857
91,0.298214286
91,0.926785714
91,0.533928571
91,0.278571429
91,0.976785714
91,0.446428571
91,0.251785714
91,0.108928571
91,0.325
91,0.246428571
91,0.839285714
91,0.514285714
91,0.157142857
91,0.269642857
91,0.185714286
91,0.214285714
91,0.633928571
91,0.541071429
91,0.108928571
91,0.976785714
91,0.979591837
91,0.480357143
91,0.975
91,0.948214286
91,0.916071429
91,0.344642857
91,0.973214286
91,0.967857143
91,0.494642857
91,0.982142857
91,0.232142857
91,0.742857143
91,0.292857143
91,0.396428571
91,0.966071429
91,0.946428571
91,0.966071429
91,0.976785714
91,0
91,0.878571429
91,0.916071429
91,0.976785714
91,0.926785714
91,0.621428571
91,0.958928571
91,0.9625
91,0.932142857
91,0.941071429
91,0.9875
91,0.957142857
91,0
91,0.955357143
91,0.166071429
91,0.969642857
91,0.8625
91,0.2
91,0.930357143
91,0.983928571
91,0.925
91,0.917857143
91,0.5625
91,0.880357143
91,0
91,0.621428571
91,0.941071429
91,0.898214286
91,0.939285714
91,0.360714286
91,0.953571429
91,0.342857143
91,0.948214286
91,0.396428571
91,0.942857143
91,0.873214286
91,0.271428571
91,0.994642857
91,0.917857143
91,0
91,0.258928571
91,0.994642857
91,0.280357143
91,0.133928571
91,0.910714286
91,0.908928571
91,0.791071429
91,0.919642857
91,0.773214286
91,0.8875
91,0.755357143
91,0.914285714
91,0.289285714
91,0.948214286
91,0.960714286
91,0.3875
91,0.396428571
91,0.842857143
91,0.953571429
91,0.916071429
91,0.971428571
91,0.983928571
91,0.791071429
91,0.976785714
91,0.566071429
91,0.957142857
91,0.314285714
91,0.983928571
91,0.1625
91,0.889285714
91,0.828571429
91,0.714285714
91,0.758928571
91,0.9125
91,0.966071429
91,0
91,0.942857143
91,0
91,0.953571429
91,0.264285714
91,0.926785714
91,0.807142857
91,0.928571429
91,0.635714286
91,0.723214286
91,0.551785714
91,0.773214286
91,0.901785714
91,0.496428571
91,0.671428571
91,0.969642857
91,0.905357143
91,0.957142857
91,0.975
91,0.953571429
91,0.973214286
91,0.676785714
91,0.976785714
91,0.898214286
92,0.976190476
92,0.934920635
92,0.285714286
92,0.646031746
92,0.634920635
92,0.414285714
92,0.944444444
92,0.917460317
92,0.771428571
92,0.192063492
92,0.852380952
92,0.833333333
92,0.247619048
92,0.841269841
92,0.136507937
92,0.657142857
92,0.457142857
92,0.582539683
92,0.833333333
92,0.907936508
92,0.803174603
92,0.888888889
92,0.457142857
92,0.879365079
92,0.946031746
92,0.869047619
92,0.931746032
92,0.892063492
92,0.255555556
92,0.06031746
92,0.887301587
92,0.953968254
92,0.776190476
92,0.879365079
92,0.96031746
92,0.949206349
92,0.988888889
92,0.963492063
92,0.280357143
92,0.879365079
92,0.247619048
92,0.303174603
92,0.793650794
92,0.168253968
92,0.982539683
92,0.987301587
92,0.795238095
92,0.336507937
92,0.295238095
92,0.893650794
92,0.873015873
92,0.819047619
92,0.314285714
92,0.663492063
92,0.911111111
92,0.9
92,0.26984127
92,0.846031746
92,0.884126984
92,0.853968254
92,0.233333333
92,0.944444444
92,0.83015873
92,0.533333333
92,0.357142857
92,0.944444444
92,0.841269841
92,0.985714286
92,0.471428571
92,0.533333333
92,0.298412698
92,0.846031746
92,0.834920635
92,0.368253968
92,0.96984127
92,0.520634921
92,0.392063492
92,0.095238095
92,0.331746032
92,0.2
92,0.934920635
92,0.384126984
92,0.292063492
92,0.514285714
92,0.131746032
92,0.336507937
92,0.876190476
92,0.287301587
92,0.220634921
92,0.957142857
92,0
92,0.453968254
92,0.977777778
92,0.93968254
92,0.866666667
92,0.338095238
92,0.944444444
92,0.96984127
92,0.419047619
92,0.976190476
92,0.2
92,0.817460317
92,0.344444444
92,0.417460317
92,0.933333333
92,0.931746032
92,0.941269841
92,0.982539683
92,0
92,0.853968254
92,0.780952381
92,0.982539683
92,0.93968254
92,0.441269841
92,0.946031746
92,0.968253968
92,0.96984127
92,0.949206349
92,0.979365079
92,0.936507937
92,0
92,0.938095238
92,0.2
92,0.979365079
92,0.782539683
92,0.326984127
92,0.906349206
92,0.971428571
92,0.946031746
92,0.906349206
92,0.358730159
92,0.888888889
92,0
92,0.728571429
92,0.955555556
92,0.893650794
92,0.947619048
92,0.453968254
92,0.949206349
92,0.253968254
92,0.971428571
92,0.457142857
92,0.815873016
92,0.863492063
92,0.292063492
92,0.993650794
92,0.922222222
92,0
92,0.266666667
92,0.977777778
92,0.344444444
92,0.142857143
92,0.880952381
92,0.938095238
92,0.828571429
92,0.9
92,0.850793651
92,0.812698413
92,0.782539683
92,0.83968254
92,0.344444444
92,0.950793651
92,0.971428571
92,0.457142857
92,0.453968254
92,0.879365079
92,1
92,0.833333333
92,0.965079365
92,0.957142857
92,0.826984127
92,0.974603175
92,0.76031746
92,0.973015873
92,0.323809524
92,0.946031746
92,0.163492063
92,0.888888889
92,0.923809524
92,0.842857143
92,0.742857143
92,0.93015873
92,0.980357143
92,0
92,0.946031746
92,0
92,0.953968254
92,0.258730159
92,0.93015873
92,0.957142857
92,0.917460317
92,0.504081633
92,0.653061224
92,0.424489796
92,0.746031746
92,0.96031746
92,0.507936508
92,0.46984127
92,0.977777778
92,0.933333333
92,0.958730159
92,0.958730159
92,0.952380952
92,0.988888889
92,0.56031746
92,0.949206349
92,0.907936508
93,0.975
93,0.9375
93,0.242857143
93,0.692857143
93,0.742857143
93,0.478571429
93,0.953571429
93,0.930357143
93,0
93,0.126190476
93,0.883928571
93,0.798214286
93,0.225
93,0.969642857
93,0.15
93,0.533928571
93,0.464285714
93,0.658928571
93,0.791071429
93,0.901785714
93,0.807142857
93,0.928571429
93,0.441071429
93,0.839285714
93,0.925
93,0.862857143
93,0.901785714
93,0.9125
93,0.225
93,0.057142857
93,0.751785714
93,0.955357143
93,0.808928571
93,0.8375
93,0.973214286
93,0.926785714
93,0.982142857
93,0.964285714
93,0.294642857
93,0.8875
93,0.316071429
93,0.332142857
93,0.725
93,0.232142857
93,0.978571429
93,0.967857143
93,0.905357143
93,0.291071429
93,0.328571429
93,0.9125
93,0.910714286
93,0.726785714
93,0.325
93,0.660714286
93,0.885714286
93,0.905357143
93,0.221428571
93,0.869642857
93,0.905357143
93,0.794642857
93,0.326785714
93,0.8625
93,0.873214286
93,0.525
93,0.257142857
93,0.932142857
93,0.932142857
93,0.985714286
93,0.483928571
93,0.696428571
93,0.325
93,0.926785714
93,0.471428571
93,0.271428571
93,0.973214286
93,0.358928571
93,0.210714286
93,0.071428571
93,0.360714286
93,0.205357143
93,0.898214286
93,0.408928571
93,0.239285714
93,0.898214286
93,0.171428571
93,0.203571429
93,0.853571429
93,0.308928571
93,0.157142857
93,0.958928571
93,0
93,0.410714286
93,0.9875
93,0.957142857
93,0.907142857
93,0.296428571
93,0.958928571
93,0.975
93,0.391071429
93,0.969642857
93,0.189285714
93,0.882142857
93,0.260714286
93,0.371428571
93,0.971428571
93,0.933928571
93,0.926785714
93,0.991071429
93,0
93,0.876785714
93,0.567857143
93,0.944642857
93,0.775
93,0.480357143
93,0.944642857
93,0.948214286
93,0.939285714
93,0.951785714
93,0.966071429
93,0.957142857
93,0.885714286
93,0.928571429
93,0.183928571
93,0.975
93,0.85
93,0.219642857
93,0.764285714
93,0.955357143
93,0.964285714
93,0.910714286
93,0.530357143
93,0.691071429
93,0
93,0.864285714
93,0.958928571
93,0.926785714
93,0.955357143
93,0.571428571
93,0.935714286
93,0.371428571
93,0.944642857
93,0.4125
93,0.905357143
93,0.8625
93,0.292857143
93,0.982142857
93,0.5375
93,0
93,0.326785714
93,0.991836735
93,0.206122449
93,0.2
93,0.892857143
93,0.903571429
93,0.878571429
93,0.896428571
93,0.830357143
93,0.923214286
93,0.5875
93,0.946428571
93,0.248214286
93,0.946428571
93,0.980357143
93,0.553571429
93,0.339285714
93,0.871428571
93,0.994642857
93,0.842857143
93,0.951785714
93,0.821428571
93,0.810714286
93,0.966071429
93,0.851785714
93,0.953571429
93,0.355357143
93,0.964285714
93,0.142857143
93,0.869642857
93,0.948214286
93,0.807142857
93,0.894642857
93,0.953571429
93,0.96122449
93,0
93,0.935714286
93,0
93,0.925
93,0.225
93,0.944642857
93,0.942857143
93,0.873214286
93,0.621428571
93,0.571428571
93,0.5125
93,0.798214286
93,0.925
93,0.4875
93,0.157142857
93,0.9875
93,0.901785714
93,0.967857143
93,0.967857143
93,0.933928571
93,0.978571429
93,0.6875
93,0.960714286
93,0.894642857
94,0.953968254
94,0.946031746
94,0.404761905
94,0.661904762
94,0.587301587
94,0.479365079
94,0.93015873
94,0.933333333
94,0
94,0.125396825
94,0.83968254
94,0.887301587
94,0.258730159
94,0.966666667
94,0.2
94,0.612698413
94,0.447619048
94,0.698412698
94,0.847619048
94,0.907936508
94,0.806349206
94,0.898412698
94,0.436507937
94,0.83968254
94,0.771428571
94,0.877142857
94,0.961904762
94,0.892063492
94,0.187301587
94,0.120634921
94,0.876190476
94,0.963492063
94,0.765079365
94,0.857142857
94,0.979365079
94,0.925396825
94,0.973015873
94,0.965079365
94,0.306349206
94,0.858730159
94,0.23968254
94,0.436507937
94,0.634920635
94,0.211111111
94,0.973015873
94,0.968253968
94,0.901587302
94,0.266666667
94,0.249206349
94,0.90952381
94,0.857142857
94,0.723809524
94,0.219047619
94,0.644444444
94,0.86984127
94,0.884126984
94,0.225396825
94,0.841269841
94,0.917460317
94,0.834920635
94,0.301587302
94,0.971428571
94,0.844444444
94,0.592063492
94,0.279365079
94,0.938095238
94,0.926984127
94,0.971428571
94,0.449206349
94,0.506349206
94,0.280952381
94,0.904761905
94,0.59047619
94,0.257142857
94,0.984126984
94,0.411111111
94,0.257142857
94,0.10952381
94,0.395238095
94,0.231746032
94,0.917460317
94,0.436507937
94,0.231746032
94,0.888888889
94,0.225396825
94,0.193650794
94,0.968571429
94,0.306349206
94,0.198412698
94,0.973015873
94,0
94,0.425396825
94,0.980952381
94,0.947619048
94,0.928571429
94,0.263492063
94,0.938095238
94,0.980952381
94,0.501587302
94,0.971428571
94,0.195238095
94,0.877777778
94,0.271428571
94,0.403174603
94,0.958730159
94,0.955555556
94,0.938095238
94,0.987301587
94,0
94,0.882539683
94,0.703174603
94,0.936507937
94,0.703174603
94,0.496825397
94,0.976190476
94,0.949206349
94,0.96984127
94,0.965079365
94,0.963492063
94,0.971428571
94,0
94,0.912698413
94,0.188888889
94,0.974603175
94,0.873015873
94,0.182539683
94,0.706349206
94,0.980952381
94,0.950793651
94,0.90952381
94,0.333333333
94,0.236507937
94,0.48
94,0.866071429
94,0.920634921
94,0.880952381
94,0.938095238
94,0.433333333
94,0.938095238
94,0.584126984
94,0.991071429
94,0.403174603
94,0.926984127
94,0.90952381
94,0.265079365
94,0.977777778
94,0.166666667
94,0
94,0.279365079
94,0.979365079
94,0.203174603
94,0.161904762
94,0.861904762
94,0.903174603
94,0.83015873
94,0.896825397
94,0.850793651
94,0.923809524
94,0.257142857
94,0.934920635
94,0.279365079
94,0.966666667
94,0.96984127
94,0.541269841
94,0.379365079
94,0.820634921
94,0.934920635
94,0.876190476
94,0.949206349
94,0.944444444
94,0.792063492
94,0.980952381
94,0.9
94,0.968253968
94,0.334920635
94,0.968253968
94,0.195238095
94,0.922222222
94,0.906349206
94,0.828571429
94,0.897142857
94,0.947619048
94,0.963492063
94,0
94,0.904761905
94,0
94,0.955555556
94,0.280952381
94,0.928571429
94,0.93968254
94,0.955555556
94,0.646031746
94,0.568253968
94,0.5
94,0.766666667
94,0.949206349
94,0.465079365
94,0.082539683
94,0.979365079
94,0.93968254
94,0.946031746
94,0.873015873
94,0.934920635
94,0.988888889
94,0.679365079
94,0.974603175
94,0.876190476
95,0.980357143
95,0.933928571
95,0.3
95,0.680357143
95,0.6625
95,0.416071429
95,0.921428571
95,0.914285714
95,0
95,0.151785714
95,0.875
95,0.846428571
95,0.248214286
95,0.964285714
95,0.216071429
95,0.573214286
95,0.494642857
95,0.551785714
95,0.875
95,0.914285714
95,0.692857143
95,0.917857143
95,0.455357143
95,0.851785714
95,0.903571429
95,0
95,0.957142857
95,0.891071429
95,0.3
95,0.05
95,0.678571429
95,0.955357143
95,0.798214286
95,0.846428571
95,0.966071429
95,0.955357143
95,0.975
95,0.960714286
95,0.328571429
95,0.876785714
95,0.271428571
95,0.469642857
95,0.742857143
95,0.182142857
95,0.991071429
95,0.966071429
95,0.896428571
95,0.228571429
95,0.328571429
95,0.908928571
95,0.889285714
95,0.739285714
95,0.253571429
95,0.657142857
95,0.864285714
95,0.896428571
95,0.351785714
95,0.869642857
95,0.914285714
95,0.875
95,0.360714286
95,0.944642857
95,0.860714286
95,0.391071429
95,0.248214286
95,0.939285714
95,0.907142857
95,0.975
95,0.596428571
95,0.473214286
95,0.253571429
95,0.816071429
95,0.864285714
95,0.296428571
95,0.983928571
95,0.342857143
95,0.257142857
95,0.128571429
95,0.283928571
95,0.239285714
95,0.791071429
95,0.280357143
95,0.258928571
95,0.916071429
95,0.244642857
95,0.271428571
95,0.925714286
95,0.382142857
95,0.185714286
95,0.957142857
95,0.931428571
95,0.436734694
95,0.973214286
95,0.936734694
95,0.932142857
95,0.380357143
95,0.941071429
95,0.980357143
95,0.426785714
95,0.978571429
95,0.241071429
95,0.891071429
95,0.298214286
95,0.455357143
95,0.955357143
95,0.932142857
95,0.871428571
95,0.982142857
95,0.221428571
95,0.873214286
95,0.65
95,0.960714286
95,0.858928571
95,0.5375
95,0.953571429
95,0.9625
95,0.957142857
95,0.935714286
95,0.975
95,0.969642857
95,0
95,0.910204082
95,0.323214286
95,0.978571429
95,0.875
95,0.2125
95,0.755357143
95,0.948979592
95,0.951020408
95,0.891071429
95,0.442857143
95,0.067857143
95,0.176785714
95,0.855357143
95,0.941071429
95,0.9125
95,0.939285714
95,0.3875
95,0.978571429
95,0.5875
95,0.953571429
95,0.385714286
95,0.883928571
95,0.885714286
95,0.283928571
95,0.942857143
95,0.051785714
95,0
95,0.33877551
95,0.987755102
95,0.217857143
95,0.133928571
95,0.933928571
95,0.891071429
95,0.828571429
95,0.875
95,0.835714286
95,0.885714286
95,0.126785714
95,0.846428571
95,0.2875
95,0.908928571
95,0.944642857
95,0.8875
95,0.475
95,0.841071429
95,1
95,0.908928571
95,0.960714286
95,0.955357143
95,0.782142857
95,0.960714286
95,0.855357143
95,0.939285714
95,0.321428571
95,0.975
95,0.171428571
95,0.885714286
95,0.95
95,0.833928571
95,0.8
95,0.966666667
95,0.969642857
95,0
95,0.928571429
95,0
95,0.939285714
95,0.255357143
95,0.860714286
95,0.959183673
95,0.923214286
95,0.489285714
95,0.694642857
95,0.460714286
95,0.708928571
95,0.925
95,0.5
95,0.178571429
95,0.967857143
95,0.9
95,0.946938776
95,0.905357143
95,0.9375
95,0.953571429
95,0.560714286
95,0.964285714
95,0.901785714
96,0.947619048
96,0.923809524
96,0.36031746
96,0.70952381
96,0.519047619
96,0.417460317
96,0.931746032
96,0.795238095
96,0
96,0.117460317
96,0.880952381
96,0.853968254
96,0.215873016
96,0.952380952
96,0.095238095
96,0.50952381
96,0.407936508
96,0.587301587
96,0.89047619
96,0.89047619
96,0.641269841
96,0.926984127
96,0.485714286
96,0.822222222
96,0.933333333
96,0
96,0.920634921
96,0.893650794
96,0.225396825
96,0.073015873
96,0.89047619
96,0.958730159
96,0.744444444
96,0.834920635
96,0.865079365
96,0.973015873
96,0.973015873
96,0.957142857
96,0.280952381
96,0.850793651
96,0.380952381
96,0.488888889
96,0.83968254
96,0.285714286
96,0.947619048
96,0.965079365
96,0.915873016
96,0.279365079
96,0.301587302
96,0.898412698
96,0.914285714
96,0.738095238
96,0.266666667
96,0.782539683
96,0.879365079
96,0.871428571
96,0.239285714
96,0.846031746
96,0.934920635
96,0
96,0.241269841
96,0.922222222
96,0.896825397
96,0.215873016
96,0.295238095
96,0.944444444
96,0.822222222
96,0.987301587
96,0.468253968
96,0.404761905
96,0.365079365
96,0.9
96,0.796825397
96,0.285714286
96,0.974603175
96,0.166666667
96,0.165079365
96,0.1
96,0.355555556
96,0.241269841
96,0.887301587
96,0.29047619
96,0.266666667
96,0.906349206
96,0.126984127
96,0.174603175
96,0.931746032
96,0.392063492
96,0.165079365
96,0.973015873
96,0.982539683
96,0.393650794
96,0.976190476
96,0.936507937
96,0.892063492
96,0.280952381
96,0.93015873
96,0.942857143
96,0.573015873
96,0.979365079
96,0.374603175
96,0.903174603
96,0.274603175
96,0.450793651
96,0.958730159
96,0.963492063
96,0.895238095
96,0.952380952
96,0.634920635
96,0.891071429
96,0.552380952
96,0.949206349
96,0.914285714
96,0.565079365
96,0.958730159
96,0.931746032
96,0.963492063
96,0.93968254
96,0.96984127
96,0.946031746
96,0
96,0.911111111
96,0.395238095
96,0.979365079
96,0.876190476
96,0.219047619
96,0.944444444
96,0.995238095
96,0.93968254
96,0.911111111
96,0.46031746
96,0.206349206
96,0.265079365
96,0.888888889
96,0.947619048
96,0.904761905
96,0.946031746
96,0.279365079
96,0.949206349
96,0.715873016
96,0.944444444
96,0.344444444
96,0.896825397
96,0.865079365
96,0.355555556
96,0.979365079
96,0.231746032
96,0
96,0.26984127
96,0.985714286
96,0.387755102
96,0.138095238
96,0.863492063
96,0.888888889
96,0.773015873
96,0.949206349
96,0.838095238
96,0.793650794
96,0.153968254
96,0.838095238
96,0.36031746
96,0.836507937
96,0.93015873
96,0.958730159
96,0.504761905
96,0.849206349
96,0.996825397
96,0.928571429
96,0.928571429
96,0.915873016
96,0.801587302
96,0.953968254
96,0.826984127
96,0.931746032
96,0.415873016
96,0.961904762
96,0.150793651
96,0.773015873
96,0.882539683
96,0.803174603
96,0.861904762
96,0.958730159
96,0.964285714
96,0
96,0.923809524
96,0
96,0.936507937
96,0.255555556
96,0.915873016
96,0.963492063
96,0.915873016
96,0.60952381
96,0.822222222
96,0.374603175
96,0.728571429
96,0.942857143
96,0.501587302
96,0.193650794
96,0.926984127
96,0.914285714
96,0.958730159
96,0.925396825
96,0.926984127
96,0.96984127
96,0.5
96,0.958730159
96,0.912698413
97,0.957142857
97,0.951785714
97,0.366071429
97,0.6625
97,0.458928571
97,0.758928571
97,0.905357143
97,0.907142857
97,0.85
97,0.135714286
97,0.878571429
97,0.876785714
97,0.242857143
97,0.951785714
97,0.130357143
97,0.482142857
97,0.451785714
97,0.689285714
97,0.816071429
97,0.905357143
97,0.694642857
97,0.928571429
97,0.442857143
97,0.839285714
97,0.930357143
97,0
97,0.855357143
97,0.907142857
97,0.230357143
97,0.071428571
97,0.826785714
97,0.960714286
97,0.816071429
97,0.8
97,0.957142857
97,0.910714286
97,0.969642857
97,0.944642857
97,0.225
97,0.8625
97,0.314285714
97,0.494642857
97,0.928571429
97,0.133928571
97,0.951785714
97,0.933928571
97,0.871428571
97,0.260714286
97,0.316071429
97,0.916071429
97,0.892857143
97,0.685714286
97,0.317857143
97,0.796428571
97,0.842857143
97,0.883928571
97,0.216071429
97,0.842857143
97,0.875
97,0
97,0.292857143
97,0.951785714
97,0.858928571
97,0.128571429
97,0.353571429
97,0.925
97,0.935714286
97,0.973214286
97,0.516071429
97,0.175
97,0.269642857
97,0.764285714
97,0.773214286
97,0.280357143
97,0.955357143
97,0.082142857
97,0.258928571
97,0.073214286
97,0.380357143
97,0.221428571
97,0.866071429
97,0.292857143
97,0.216071429
97,0.910714286
97,0.166071429
97,0.257142857
97,0.917857143
97,0.466071429
97,0.151785714
97,0.969642857
97,0.975
97,0.442857143
97,0.975
97,0.923214286
97,0.905357143
97,0.266071429
97,0.941071429
97,0.967857143
97,0.448214286
97,0.978571429
97,0.3125
97,0.894642857
97,0.275
97,0.460714286
97,0.966071429
97,0.9375
97,0.923214286
97,0.989285714
97,0.433928571
97,0.867857143
97,0.514285714
97,0.946428571
97,0.876785714
97,0.4
97,0.966071429
97,0.951785714
97,0.953571429
97,0.955357143
97,0.95
97,0.928571429
97,0
97,0.882142857
97,0.455357143
97,0.980357143
97,0.814285714
97,0.196428571
97,0.842857143
97,0.955357143
97,0.946428571
97,0.916071429
97,0.420408163
97,0.232142857
97,0.203571429
97,0.876785714
97,0.944642857
97,0.914285714
97,0.882142857
97,0.194642857
97,0.925
97,0.882142857
97,0.726785714
97,0.442857143
97,0.914285714
97,0.885714286
97,0.3875
97,0.983928571
97,0.275
97,0
97,0.278571429
97,0.994642857
97,0.306122449
97,0.15
97,0.853571429
97,0.898214286
97,0.846428571
97,0.891071429
97,0.823214286
97,0.926785714
97,0.308928571
97,0.928571429
97,0.355357143
97,0.942857143
97,0.975
97,0.9375
97,0.228571429
97,0.828571429
97,0.982142857
97,0.923214286
97,0.948214286
97,0.953571429
97,0.794642857
97,0.969642857
97,0.871428571
97,0.953571429
97,0.394642857
97,0.958928571
97,0.180357143
97,0.903571429
97,0.9125
97,0.825
97,0.914285714
97,0.923214286
97,0.971428571
97,0
97,0.941071429
97,0.778571429
97,0.933928571
97,0.25
97,0.953571429
97,0.941071429
97,0.894642857
97,0.416071429
97,0.764285714
97,0.417857143
97,0.894642857
97,0.9625
97,0.521428571
97,0.344642857
97,0.973214286
97,0.926785714
97,0.967346939
97,0.933928571
97,0.923214286
97,0.955357143
97,0.491071429
97,0.9125
97,0.896428571
98,0.934920635
98,0.934920635
98,0.3
98,0.728571429
98,0.553968254
98,0.874603175
98,0.942857143
98,0.928571429
98,0.785714286
98,0.117857143
98,0.903174603
98,0.873015873
98,0.173015873
98,0.920634921
98,0.147619048
98,0.504761905
98,0.474603175
98,0.549206349
98,0.841269841
98,0.895238095
98,0.717460317
98,0.922222222
98,0.377777778
98,0.728571429
98,0.93968254
98,0
98,0.93015873
98,0.901587302
98,0.249206349
98,0.044444444
98,0.853968254
98,0.936507937
98,0.804761905
98,0.793650794
98,0.950793651
98,0.922222222
98,0.965079365
98,0.928571429
98,0.234920635
98,0.879365079
98,0.333333333
98,0.296825397
98,0.861904762
98,0.20952381
98,0.968253968
98,0.973015873
98,0.873015873
98,0.276190476
98,0.265079365
98,0.879365079
98,0.903174603
98,0.777777778
98,0.285714286
98,0.734920635
98,0.842857143
98,0.880952381
98,0.191836735
98,0.850793651
98,0.873015873
98,0
98,0.307936508
98,0.934920635
98,0.865079365
98,0.234920635
98,0.344444444
98,0.90952381
98,0.933333333
98,0.976190476
98,0.407936508
98,0.101587302
98,0.306349206
98,0.866666667
98,0.650793651
98,0.307936508
98,0.96984127
98,0.114285714
98,0.231746032
98,0.120634921
98,0.306349206
98,0.26031746
98,0.8
98,0.331746032
98,0.206349206
98,0.936507937
98,0.217460317
98,0.233333333
98,0.9
98,0.520634921
98,0.111111111
98,0.934920635
98,0.977777778
98,0.487301587
98,0.982539683
98,0.917460317
98,0.9
98,0.276190476
98,0.942857143
98,0.961904762
98,0.365079365
98,0.976190476
98,0.314285714
98,0.858730159
98,0.23968254
98,0.36031746
98,0.931746032
98,0.946031746
98,0.896825397
98,0.976190476
98,0.666666667
98,0.884126984
98,0.498412698
98,0.922222222
98,0.866666667
98,0.215873016
98,0.922222222
98,0.936507937
98,0.915873016
98,0.938095238
98,0.974603175
98,0.952380952
98,0
98,0.928571429
98,0.631746032
98,0.973015873
98,0.834920635
98,0.157142857
98,0.952380952
98,0.973015873
98,0.950793651
98,0.874603175
98,0.447619048
98,0.528571429
98,0.242857143
98,0.838095238
98,0.953968254
98,0.892063492
98,0.861904762
98,0.107936508
98,0.949206349
98,0.919047619
98,0.919047619
98,0.368253968
98,0.828571429
98,0.819047619
98,0.40952381
98,0.96031746
98,0.444444444
98,0
98,0.293650794
98,0.993650794
98,0.315873016
98,0.152380952
98,0.873015873
98,0.917460317
98,0.850793651
98,0.887301587
98,0.849206349
98,0.906349206
98,0.377777778
98,0.934920635
98,0.322222222
98,0.941269841
98,0.974603175
98,0.912698413
98,0.174603175
98,0.798412698
98,0.985714286
98,0.919047619
98,0.957142857
98,0.961904762
98,0.795238095
98,0.971428571
98,0.83015873
98,0.955555556
98,0.373015873
98,0.973015873
98,0.163492063
98,0.896825397
98,0.90952381
98,0.798412698
98,0.882539683
98,0.652380952
98,0.958730159
98,0
98,0.912698413
98,0.704761905
98,0.933333333
98,0.206349206
98,0.911111111
98,0.907936508
98,0.931746032
98,0.415873016
98,0.825396825
98,0.538095238
98,0.86984127
98,0.920634921
98,0.506349206
98,0.379365079
98,0.965079365
98,0.89047619
98,0.9375
98,0.814285714
98,0.942857143
98,0.976190476
98,0.46984127
98,0.96031746
98,0.879365079
99,0.958928571
99,0.9375
99,0.328571429
99,0.748214286
99,0.575
99,0.875
99,0.941071429
99,0.905357143
99,0
99,0.151785714
99,0.8875
99,0.855357143
99,0.280357143
99,0.923214286
99,0.114285714
99,0.533928571
99,0.464285714
99,0.741071429
99,0.871428571
99,0.8625
99,0.6875
99,0.926785714
99,0.485714286
99,0.646428571
99,0.926785714
99,0
99,0.9375
99,0.885714286
99,0.2375
99,0.042857143
99,0.896428571
99,0.946428571
99,0.733928571
99,0.825
99,0.944642857
99,0.944642857
99,0.985714286
99,0.880357143
99,0.266071429
99,0.875
99,0.305357143
99,0.508928571
99,0.723214286
99,0.178571429
99,0.966071429
99,0.971428571
99,0.901785714
99,0.301785714
99,0.323214286
99,0.869642857
99,0.901785714
99,0.657142857
99,0.348214286
99,0.696428571
99,0.830357143
99,0.880357143
99,0.155357143
99,0.855357143
99,0.864285714
99,0
99,0.319642857
99,0.871428571
99,0.773214286
99,0.308928571
99,0.253571429
99,0.941071429
99,0.921428571
99,0.985714286
99,0.407142857
99,0.146428571
99,0.2375
99,0.921428571
99,0.276785714
99,0.369642857
99,0.980357143
99,0.151785714
99,0.335714286
99,0.098214286
99,0.344642857
99,0.253571429
99,0.9625
99,0.423214286
99,0.225
99,0.928571429
99,0.096428571
99,0.216071429
99,0.857142857
99,0.457142857
99,0.132142857
99,0.955357143
99,0.973214286
99,0.446428571
99,0.957142857
99,0.9375
99,0.846428571
99,0.3375
99,0.914285714
99,0.951785714
99,0.3625
99,0.973214286
99,0.214285714
99,0.842857143
99,0.308928571
99,0.294642857
99,0.946428571
99,0.925
99,0.932142857
99,0.980357143
99,0.857142857
99,0.844642857
99,0.576785714
99,0.896428571
99,0.878571429
99,0.1125
99,0.932142857
99,0.95
99,0.944642857
99,0.946428571
99,0.971428571
99,0.966071429
99,0
99,0.923214286
99,0.903571429
99,0.960714286
99,0.844642857
99,0.157142857
99,0.910714286
99,0.944642857
99,0.921428571
99,0.880357143
99,0.371428571
99,0.617857143
99,0.460714286
99,0.818367347
99,0.921428571
99,0.880357143
99,0.9125
99,0.2125
99,0.948214286
99,0.92244898
99,0.841071429
99,0.569642857
99,0.666071429
99,0.855357143
99,0.467857143
99,0.955357143
99,0.530357143
99,0
99,0.230357143
99,0.989285714
99,0.287755102
99,0.1375
99,0.860714286
99,0.905357143
99,0.857142857
99,0.896428571
99,0.853571429
99,0.926785714
99,0.610714286
99,0.95
99,0.173214286
99,0.957142857
99,0.966071429
99,0.473214286
99,0.117857143
99,0.758928571
99,1
99,0.876785714
99,0.941071429
99,0.944642857
99,0.8375
99,0.955357143
99,0.832142857
99,0.935714286
99,0.378571429
99,0.973214286
99,0.160714286
99,0.891071429
99,0.8625
99,0.803571429
99,0.617857143
99,0.282142857
99,0.946428571
99,0
99,0.8875
99,0.314285714
99,0.907142857
99,0.205357143
99,0.910714286
99,0.930357143
99,0.857142857
99,0.489285714
99,0.858928571
99,0.492857143
99,0.907142857
99,0.855357143
99,0.492857143
99,0.378571429
99,0.967857143
99,0.901785714
99,0.953061224
99,0.421428571
99,0.921428571
99,0.973214286
99,0.5625
99,0.955357143
99,0.883928571
100,0.957142857
100,0.944642857
100,0.317857143
100,0.751785714
100,0.557142857
100,0.892857143
100,0.951785714
100,0.907142857
100,0.871428571
100,0.108928571
100,0.8875
100,0.871428571
100,0.228571429
100,0.823214286
100,0.066071429
100,0.533928571
100,0.480357143
100,0.767857143
100,0.855357143
100,0.908928571
100,0.655357143
100,0.905357143
100,0.373214286
100,0.705357143
100,0.903571429
100,0
100,0.892857143
100,0.875
100,0.241071429
100,0.044642857
100,0.8125
100,0.955357143
100,0.771428571
100,0.828571429
100,0.978571429
100,0.921428571
100,0.967857143
100,0.914285714
100,0.257142857
100,0.867857143
100,0.278571429
100,0.333928571
100,0.578571429
100,0.233928571
100,0.976785714
100,0.953571429
100,0.85
100,0.401785714
100,0.2875
100,0.873214286
100,0.892857143
100,0.621428571
100,0.358928571
100,0.703571429
100,0.882142857
100,0.858928571
100,0.116071429
100,0.842857143
100,0.771428571
100,0.914285714
100,0.260714286
100,0.25
100,0.858928571
100,0.371428571
100,0.230357143
100,0.907142857
100,0.914285714
100,0.983928571
100,0.471428571
100,0.1875
100,0.2375
100,0.85
100,0.103571429
100,0.328571429
100,0.975
100,0.214285714
100,0.221428571
100,0.108928571
100,0.307142857
100,0.239285714
100,0.946428571
100,0.5
100,0.219642857
100,0.903571429
100,0.246428571
100,0.248214286
100,0.394642857
100,0.321428571
100,0.1125
100,0.971428571
100,0.960714286
100,0.442857143
100,0.9625
100,0.921428571
100,0.901785714
100,0.248214286
100,0.955357143
100,0.969642857
100,0.392857143
100,0.971428571
100,0.244642857
100,0.875
100,0.265306122
100,0.351785714
100,0.96122449
100,0.9375
100,0.905357143
100,0.967857143
100,0
100,0.846428571
100,0.517857143
100,0.941071429
100,0.805357143
100,0.107142857
100,0.791071429
100,0.973214286
100,0.941071429
100,0.928571429
100,0.9625
100,0.941071429
100,0
100,0.914285714
100,0.948214286
100,0.973214286
100,0.869642857
100,0.164285714
100,0.9125
100,0.932142857
100,0.967857143
100,0.864285714
100,0.45
100,0.794642857
100,0.3
100,0.828571429
100,0.9375
100,0.916071429
100,0.933928571
100,0.246428571
100,0.925
100,0.867857143
100,0.719642857
100,0.485714286
100,0.753571429
100,0.833928571
100,0.573214286
100,0.9875
100,0.75
100,0
100,0.257142857
100,0.971428571
100,0.221428571
100,0.175
100,0.901785714
100,0.923214286
100,0.851020408
100,0.92244898
100,0.841071429
100,0.9375
100,0.567857143
100,0.846428571
100,0.4
100,0.933928571
100,0.964285714
100,0.246428571
100,0.225
100,0.857142857
100,0.996428571
100,0.896428571
100,0.976785714
100,0.975
100,0.810714286
100,0.969642857
100,0.542857143
100,0.960714286
100,0.371428571
100,0.966071429
100,0.2125
100,0.907142857
100,0.871428571
100,0.821428571
100,0.3
100,0.205357143
100,0.969387755
100,0
100,0.941071429
100,0.3625
100,0.9625
100,0.332142857
100,0.883928571
100,0.917857143
100,0.191071429
100,0.628571429
100,0.833928571
100,0.358928571
100,0.823214286
100,0.876785714
100,0.4875
100,0.421428571
100,0.973214286
100,0.910714286
100,0.944642857
100,0.671428571
100,0.935714286
100,0.973214286
100,0.432142857
100,0.739285714
100,0.901785714
101,0.944444444
101,0.950793651
101,0.212698413
101,0.757142857
101,0.444444444
101,0.887301587
101,0.934920635
101,0.914285714
101,0.880952381
101,0.165079365
101,0.915873016
101,0.853968254
101,0.241269841
101,0.842857143
101,0.119047619
101,0.492063492
101,0.482539683
101,0.646031746
101,0.893650794
101,0.917460317
101,0.584126984
101,0.920634921
101,0.433333333
101,0.371428571
101,0.898412698
101,0
101,0.925
101,0.903174603
101,0.266666667
101,0.034920635
101,0.849206349
101,0.949206349
101,0.826984127
101,0.788888889
101,0.965079365
101,0.974603175
101,0.958730159
101,0.919047619
101,0.263492063
101,0.873015873
101,0.276190476
101,0.449206349
101,0.857142857
101,0.214285714
101,0.968253968
101,0.985714286
101,0.907936508
101,0.417460317
101,0.296825397
101,0.893650794
101,0.896825397
101,0.719047619
101,0.333333333
101,0.638095238
101,0.842857143
101,0.903174603
101,0.233333333
101,0.850793651
101,0.83968254
101,0.934920635
101,0.398412698
101,0.050793651
101,0.873015873
101,0.544444444
101,0.1875
101,0.941071429
101,0.912698413
101,0.977777778
101,0.398412698
101,0.215873016
101,0.266666667
101,0.898412698
101,0.165079365
101,0.298412698
101,0.979365079
101,0.331746032
101,0.279365079
101,0.150793651
101,0.276190476
101,0.246031746
101,0.952380952
101,0.501587302
101,0.201587302
101,0.863492063
101,0.274603175
101,0.246031746
101,0.36984127
101,0.393650794
101,0.193650794
101,0.958730159
101,0.963492063
101,0.43015873
101,0.966666667
101,0.942857143
101,0.904761905
101,0.306349206
101,0.979365079
101,0.968253968
101,0.36984127
101,0.96031746
101,0.255555556
101,0.879365079
101,0.258730159
101,0.341269841
101,0.950793651
101,0.931746032
101,0.861904762
101,0.988888889
101,0
101,0.846031746
101,0.69047619
101,0.831746032
101,0.83968254
101,0.184126984
101,0.719047619
101,0.946031746
101,0.898412698
101,0.66031746
101,0.949206349
101,0.973015873
101,0
101,0.904761905
101,0.831746032
101,0.99047619
101,0.787301587
101,0.19047619
101,0.919047619
101,0.933333333
101,0.938095238
101,0.915873016
101,0.40952381
101,0.796825397
101,0.214285714
101,0.844444444
101,0.946031746
101,0.885714286
101,0.877777778
101,0.268253968
101,0.96031746
101,0.841269841
101,0.9375
101,0.382539683
101,0.83015873
101,0.836507937
101,0.53968254
101,0.992063492
101,0.588888889
101,0
101,0.247619048
101,0.982539683
101,0.262857143
101,0.157142857
101,0.868253968
101,0.93968254
101,0.846428571
101,0.923214286
101,0.815873016
101,0.896825397
101,0.761904762
101,0.963492063
101,0.312698413
101,0.96984127
101,0.957142857
101,0.40952381
101,0.250793651
101,0.542857143
101,0.995238095
101,0.826984127
101,0.968253968
101,0.968253968
101,0.847619048
101,0.973015873
101,0.247619048
101,0.973015873
101,0.379365079
101,0.93015873
101,0.217460317
101,0.919047619
101,0.925396825
101,0.8
101,0.217460317
101,0.323809524
101,0.953968254
101,0
101,0.952380952
101,0.665079365
101,0.96984127
101,0.207936508
101,0.96031746
101,0.9625
101,0.107936508
101,0.455357143
101,0.828571429
101,0.469642857
101,0.784126984
101,0.974603175
101,0.519047619
101,0.361904762
101,0.9625
101,0.898412698
101,0.948214286
101,0.749206349
101,0.93968254
101,0.987301587
101,0.357142857
101,0.128571429
101,0.907142857
102,0.948214286
102,0.932142857
102,0.276785714
102,0.746428571
102,0.544642857
102,0.775
102,0.794642857
102,0.758928571
102,0.817857143
102,0.132142857
102,0.803571429
102,0.875
102,0.157142857
102,0.939285714
102,0.132142857
102,0.553571429
102,0.475
102,0.75
102,0.892857143
102,0.916071429
102,0.516071429
102,0.932142857
102,0.453571429
102,0.283928571
102,0.925
102,0
102,0.919642857
102,0.839285714
102,0.191071429
102,0.173214286
102,0.95
102,0.928571429
102,0.691071429
102,0.85
102,0.957142857
102,0.935714286
102,0.955357143
102,0.858928571
102,0.233928571
102,0.891071429
102,0.266071429
102,0.391071429
102,0.782142857
102,0.207142857
102,0.953571429
102,0.9875
102,0.876785714
102,0.235714286
102,0.296428571
102,0.726785714
102,0.916071429
102,0.641071429
102,0.267857143
102,0.667857143
102,0.675
102,0.883928571
102,0.116071429
102,0.871428571
102,0.853571429
102,0.9
102,0.3125
102,0.110714286
102,0.685714286
102,0.425
102,0.189795918
102,0.916326531
102,0.917857143
102,0.976785714
102,0.428571429
102,0.396428571
102,0.266071429
102,0.867857143
102,0.296428571
102,0.298214286
102,0.989285714
102,0.344642857
102,0.421428571
102,0.130357143
102,0.335714286
102,0.164285714
102,0.8875
102,0.496428571
102,0.292857143
102,0.882142857
102,0.232142857
102,0.1875
102,0.392857143
102,0.35
102,0.171428571
102,0.951785714
102,0.848214286
102,0.469642857
102,0.858928571
102,0.910714286
102,0.916071429
102,0.292857143
102,0.932142857
102,0.971428571
102,0.401785714
102,0.828571429
102,0.2375
102,0.8625
102,0.278571429
102,0.3375
102,0.942857143
102,0.939285714
102,0.919642857
102,0.957142857
102,0
102,0.864285714
102,0.767857143
102,0.771428571
102,0.819642857
102,0.246428571
102,0.953571429
102,0.935714286
102,0.969642857
102,0.503571429
102,0.951785714
102,0.983928571
102,0
102,0.882142857
102,0.455357143
102,0.982142857
102,0.846428571
102,0.189285714
102,0.994642857
102,0.948214286
102,0.930357143
102,0.889285714
102,0.380357143
102,0.707142857
102,0.414285714
102,0.75
102,0.935714286
102,0.842857143
102,0.932142857
102,0.285714286
102,0.967857143
102,0.907142857
102,0.742857143
102,0.375
102,0.748214286
102,0.844642857
102,0.608928571
102,0.975
102,0.380357143
102,0
102,0.244642857
102,0.983928571
102,0
102,0.207142857
102,0.723214286
102,0.823214286
102,0.839285714
102,0.919642857
102,0.728571429
102,0.914285714
102,0.603571429
102,0.935714286
102,0.346428571
102,0.9625
102,0.964285714
102,0.339285714
102,0.241071429
102,0.360714286
102,1
102,0.873214286
102,0.908928571
102,0.966071429
102,0.828571429
102,0.966071429
102,0.196428571
102,0.948214286
102,0.489285714
102,0.983928571
102,0.169642857
102,0.903571429
102,0.785714286
102,0.742857143
102,0.353571429
102,0.316071429
102,0.955357143
102,0
102,0.867857143
102,0.591071429
102,0.946428571
102,0.319642857
102,0.921428571
102,0.951785714
102,0.251785714
102,0.410714286
102,0.858928571
102,0.280357143
102,0.819642857
102,0.933928571
102,0.580357143
102,0.246428571
102,0.9875
102,0.925
102,0.95
102,0.851785714
102,0.9375
102,0.983928571
102,0.430357143
102,0.369642857
102,0.896428571
103,0.948214286
103,0.941071429
103,0.394642857
103,0.744642857
103,0.708928571
103,0.789285714
103,0.942857143
103,0.910714286
103,0.8625
103,0.118367347
103,0.939285714
103,0.885714286
103,0.198214286
103,0.923214286
103,0.148214286
103,0.575
103,0.480357143
103,0.757142857
103,0.855357143
103,0.885714286
103,0.630357143
103,0.894642857
103,0.444642857
103,0.5125
103,0.928571429
103,0
103,0.946428571
103,0.894642857
103,0.267857143
103,0.055357143
103,0.8375
103,0.926785714
103,0.789285714
103,0.823214286
103,0.980357143
103,0.930357143
103,0.976785714
103,0.866071429
103,0.35
103,0.880357143
103,0.275
103,0.460714286
103,0.855357143
103,0.291071429
103,0.958928571
103,0.971428571
103,0.860714286
103,0.264285714
103,0.318367347
103,0.721428571
103,0.878571429
103,0.775
103,0.25
103,0.683928571
103,0.65
103,0.880357143
103,0.303571429
103,0.844642857
103,0.817857143
103,0.8875
103,0.246428571
103,0.101785714
103,0.816071429
103,0.453571429
103,0.221428571
103,0.916071429
103,0.901785714
103,0.969642857
103,0.473214286
103,0.310714286
103,0.216071429
103,0.896428571
103,0.191071429
103,0.226785714
103,0.983928571
103,0.380357143
103,0.273214286
103,0.071428571
103,0.344642857
103,0.25
103,0.8875
103,0.523214286
103,0.308928571
103,0.844642857
103,0.157142857
103,0.166071429
103,0.457142857
103,0.430357143
103,0.155357143
103,0.975
103,0.955357143
103,0.475
103,0.967857143
103,0.892857143
103,0.925
103,0.3375
103,0.930357143
103,0.957142857
103,0.482142857
103,0.957142857
103,0.248214286
103,0.871428571
103,0.230357143
103,0.357142857
103,0.941071429
103,0.923214286
103,0.878571429
103,0.960714286
103,0
103,0.855357143
103,0.644642857
103,0.842857143
103,0.830357143
103,0.544642857
103,0.894642857
103,0.940816327
103,0.953571429
103,0.491071429
103,0.967857143
103,0.960714286
103,0
103,0.903571429
103,0.267857143
103,0.983928571
103,0.726785714
103,0.1625
103,0.908928571
103,0.994642857
103,0.935714286
103,0.880357143
103,0.819642857
103,0.539285714
103,0.251785714
103,0.638095238
103,0.942857143
103,0.946428571
103,0.923214286
103,0.419642857
103,0.942857143
103,0.928571429
103,0.328571429
103,0.3875
103,0.880357143
103,0.853571429
103,0.683928571
103,0.973214286
103,0.221428571
103,0
103,0.285714286
103,0.966666667
103,0.269387755
103,0.132142857
103,0.789285714
103,0.8125
103,0.819642857
103,0.9375
103,0.823214286
103,0.905357143
103,0.444642857
103,0.953571429
103,0.185714286
103,0.933928571
103,0.951785714
103,0.216071429
103,0.366071429
103,0.607142857
103,0.958928571
103,0.782142857
103,0.941071429
103,0.953571429
103,0.855357143
103,0.960714286
103,0.535714286
103,0.835714286
103,0.444642857
103,0.971428571
103,0.230357143
103,0.905357143
103,0.914285714
103,0.825
103,0.303571429
103,0.366071429
103,0.966071429
103,0
103,0.9125
103,0.767857143
103,0.942857143
103,0.171428571
103,0.921428571
103,0.95
103,0.194642857
103,0.496428571
103,0.748214286
103,0.333928571
103,0.782142857
103,0.816071429
103,0.510714286
103,0.169642857
103,0.953571429
103,0.3625
103,0.933928571
103,0.925
103,0.826785714
103,0.967857143
103,0.446428571
103,0.491071429
103,0.921428571
104,0.973214286
104,0.923214286
104,0.341071429
104,0.758928571
104,0.9
104,0.751785714
104,0.823214286
104,0.898214286
104,0.832142857
104,0.144642857
104,0.867857143
104,0.894642857
104,0.125
104,0.916071429
104,0.203571429
104,0.758928571
104,0.4625
104,0.708928571
104,0.871428571
104,0.919642857
104,0.669642857
104,0.892857143
104,0.425
104,0.767857143
104,0.9375
104,0
104,0.932142857
104,0.853571429
104,0.326785714
104,0.069642857
104,0.921428571
104,0.955357143
104,0.7375
104,0.919642857
104,0.958928571
104,0.960714286
104,0.982142857
104,0.898214286
104,0.293877551
104,0.867857143
104,0.273214286
104,0.523214286
104,0.889285714
104,0.316071429
104,0.941071429
104,0.969642857
104,0.851785714
104,0.235714286
104,0.305357143
104,0.839285714
104,0.867857143
104,0.782142857
104,0.2375
104,0.65
104,0.705357143
104,0.889285714
104,0.241071429
104,0.823214286
104,0.901785714
104,0.898214286
104,0.271428571
104,0.119642857
104,0.8875
104,0.514285714
104,0.251785714
104,0.930357143
104,0.935714286
104,0.994642857
104,0.6
104,0.458928571
104,0.225
104,0.9
104,0.251785714
104,0.3375
104,0.964285714
104,0.416071429
104,0.216071429
104,0.064285714
104,0.346428571
104,0.303571429
104,0.894642857
104,0.421428571
104,0.178571429
104,0.882142857
104,0.160714286
104,0.301785714
104,0.366071429
104,0.369642857
104,0.148214286
104,0.955357143
104,0.85
104,0.430357143
104,0.957142857
104,0.908928571
104,0.896428571
104,0.307142857
104,0.910714286
104,0.980357143
104,0.423214286
104,0.839285714
104,0.221428571
104,0.619642857
104,0.276785714
104,0.619642857
104,0.858928571
104,0.942857143
104,0.858928571
104,0.966071429
104,0
104,0.880357143
104,0.526785714
104,0.8
104,0.866071429
104,0.628571429
104,0.925
104,0.969642857
104,0.941071429
104,0.344642857
104,0.969642857
104,0.951785714
104,0
104,0.866071429
104,0.2
104,0.967857143
104,0.832142857
104,0.189285714
104,0.807142857
104,0.983928571
104,0.944642857
104,0.875
104,0.919642857
104,0.533928571
104,0.360714286
104,0.708163265
104,0.803571429
104,0.857142857
104,0.946428571
104,0.396428571
104,0.930357143
104,0.867857143
104,0.253571429
104,0.344642857
104,0.933928571
104,0.810714286
104,0.726785714
104,0.985714286
104,0.341071429
104,0
104,0.278571429
104,0.975
104,0.292857143
104,0.223214286
104,0.876785714
104,0.908928571
104,0.860714286
104,0.875
104,0.846428571
104,0.939285714
104,0.364285714
104,0.544642857
104,0.226785714
104,0.941071429
104,0.969642857
104,0.135714286
104,0.403571429
104,0.869642857
104,0.985714286
104,0.689285714
104,0.946428571
104,0.951785714
104,0.783928571
104,0.960714286
104,0.198214286
104,0.942857143
104,0.351785714
104,0.967857143
104,0.126785714
104,0.866071429
104,0.910714286
104,0.833928571
104,0.601785714
104,0.339285714
104,0.953571429
104,0
104,0.873214286
104,0.766071429
104,0.928571429
104,0.173214286
104,0.792857143
104,0.953571429
104,0.264285714
104,0.694642857
104,0.783928571
104,0.175
104,0.619642857
104,0.930612245
104,0.475
104,0.296428571
104,0.980357143
104,0.210714286
104,0.941071429
104,0.946428571
104,0.914285714
104,0.964285714
104,0.507142857
104,0.489285714
104,0.883928571
105,0.934920635
105,0.931746032
105,0.319047619
105,0.776190476
105,0.888888889
105,0.8
105,0.947619048
105,0.865079365
105,0.869387755
105,0.141269841
105,0.915873016
105,0.882539683
105,0.085714286
105,0.917460317
105,0.101587302
105,0.888888889
105,0.46984127
105,0.7
105,0.811111111
105,0.901587302
105,0.614285714
105,0.893650794
105,0.419047619
105,0.66031746
105,0.955555556
105,0
105,0.853968254
105,0.880952381
105,0.26984127
105,0.053968254
105,0.896825397
105,0.938095238
105,0.733333333
105,0.950793651
105,0.977777778
105,0.904761905
105,0.955555556
105,0.941269841
105,0.3
105,0.871428571
105,0.33968254
105,0.484126984
105,0.901587302
105,0.293650794
105,0.96031746
105,0.96031746
105,0.901587302
105,0.26031746
105,0.349206349
105,0.825396825
105,0.852380952
105,0.706349206
105,0.341269841
105,0.652380952
105,0.852380952
105,0.887301587
105,0.173214286
105,0.853968254
105,0.841269841
105,0.907936508
105,0.277777778
105,0.125396825
105,0.688888889
105,0.331746032
105,0.241269841
105,0.936507937
105,0.93015873
105,0.96984127
105,0.384126984
105,0.471428571
105,0.30952381
105,0.828571429
105,0.363492063
105,0.312698413
105,0.980952381
105,0.246031746
105,0.255555556
105,0.057142857
105,0.3
105,0.252380952
105,0.833333333
105,0.371428571
105,0.287301587
105,0.787301587
105,0.119047619
105,0.384126984
105,0.482539683
105,0.431746032
105,0.13015873
105,0.984126984
105,0.987301587
105,0.468253968
105,0.974603175
105,0.93968254
105,0.9
105,0.306349206
105,0.938095238
105,0.968253968
105,0.39047619
105,0.957142857
105,0.314285714
105,0.682539683
105,0.287301587
105,0.463492063
105,0.979365079
105,0.949206349
105,0.942857143
105,0.984126984
105,0
105,0.861904762
105,0.428571429
105,0.855555556
105,0.83015873
105,0.661904762
105,0.946031746
105,0.942857143
105,0.965079365
105,0.466666667
105,0.936507937
105,0.966666667
105,0
105,0.904761905
105,0.184126984
105,0.968253968
105,0.86031746
105,0.195238095
105,0.880952381
105,0.949206349
105,0.953968254
105,0.89047619
105,0.895238095
105,0.634920635
105,0.887301587
105,0.646031746
105,0.680952381
105,0.920634921
105,0.965079365
105,0.457142857
105,0.968253968
105,0.819047619
105,0.238095238
105,0.379365079
105,0.926984127
105,0.855555556
105,0.758730159
105,0.987301587
105,0.485714286
105,0
105,0.295238095
105,0.969642857
105,0.23968254
105,0.206349206
105,0.873015873
105,0.914285714
105,0.819047619
105,0.711111111
105,0.825396825
105,0.920634921
105,0.555555556
105,0.26031746
105,0.10952381
105,0.971428571
105,0.974603175
105,0.166666667
105,0.39047619
105,0.726984127
105,1
105,0.804761905
105,0.871428571
105,0.963492063
105,0.763492063
105,0.965079365
105,0.568253968
105,0.957142857
105,0.492063492
105,0.988888889
105,0.142857143
105,0.880952381
105,0.928571429
105,0.814285714
105,0.358730159
105,0.326984127
105,0.96031746
105,0
105,0.922222222
105,0.825396825
105,0.96031746
105,0.080952381
105,0.965079365
105,0.912698413
105,0.536507937
105,0.655555556
105,0.496825397
105,0.193650794
105,0.682539683
105,0.9625
105,0.482539683
105,0.234920635
105,0.971428571
105,0.138095238
105,0.919047619
105,0.950793651
105,0.934920635
105,0.966666667
105,0.466666667
105,0.801587302
105,0.907936508
106,0.955357143
106,0.9375
106,0.282142857
106,0.466071429
106,0.926785714
106,0.628571429
106,0.925
106,0.9375
106,0
106,0.124489796
106,0.889285714
106,0.880357143
106,0.107142857
106,0.941071429
106,0.207142857
106,0.914285714
106,0.458928571
106,0.828571429
106,0.889285714
106,0.916071429
106,0.644642857
106,0.9125
106,0.458928571
106,0.716071429
106,0.916071429
106,0
106,0.914285714
106,0.894642857
106,0.298214286
106,0.114285714
106,0.783928571
106,0.948214286
106,0.739285714
106,0.932142857
106,0.969642857
106,0.966071429
106,0.851785714
106,0.9625
106,0.269387755
106,0.9
106,0.317857143
106,0.542857143
106,0.921428571
106,0.532142857
106,0.978571429
106,0.980357143
106,0.878571429
106,0.342857143
106,0.328571429
106,0.839285714
106,0.885714286
106,0.758928571
106,0.291071429
106,0.708928571
106,0.894642857
106,0.8875
106,0.167857143
106,0.889285714
106,0.853571429
106,0.9125
106,0.242857143
106,0.275
106,0.707142857
106,0.383928571
106,0.223214286
106,0.9375
106,0.914285714
106,0.9625
106,0.430357143
106,0.325
106,0.233928571
106,0.805357143
106,0.551785714
106,0.298214286
106,0.991071429
106,0.248214286
106,0.189285714
106,0.067857143
106,0.348214286
106,0.267857143
106,0.935714286
106,0.428571429
106,0.253571429
106,0.783928571
106,0.146428571
106,0.757142857
106,0.514285714
106,0.573214286
106,0.173214286
106,0.951785714
106,0.953571429
106,0.446428571
106,0.976785714
106,0.905357143
106,0.933928571
106,0.292857143
106,0.953571429
106,0.975
106,0.425
106,0.983928571
106,0.319642857
106,0.441071429
106,0.333928571
106,0.366071429
106,0.957142857
106,0.971428571
106,0.923214286
106,0.969642857
106,0
106,0.873214286
106,0.748214286
106,0.966071429
106,0.866071429
106,0.530357143
106,0.926785714
106,0.95
106,0.557142857
106,0.4625
106,0.95
106,0.978571429
106,0
106,0.866071429
106,0.291071429
106,0.978571429
106,0.869642857
106,0.210714286
106,0.898214286
106,0.914285714
106,0.967857143
106,0.875
106,0.914285714
106,0.514285714
106,1
106,0.682142857
106,0.510714286
106,0.876785714
106,0.939285714
106,0.251785714
106,0.935714286
106,0.863265306
106,0.248214286
106,0.371428571
106,0.925
106,0.825
106,0.660714286
106,0.991071429
106,0.492857143
106,0
106,0.316071429
106,0.996428571
106,0.457142857
106,0.289285714
106,0.896428571
106,0.907142857
106,0.844642857
106,0.417857143
106,0.707142857
106,0.928571429
106,0.432142857
106,0.096428571
106,0.1
106,0.955357143
106,0.971428571
106,0.071428571
106,0.401785714
106,0.8
106,1
106,0.853571429
106,0.960714286
106,0.946428571
106,0.783928571
106,0.848214286
106,0.460714286
106,0.95
106,0.325
106,0.989285714
106,0.176785714
106,0.905357143
106,0.925
106,0.819642857
106,0.389285714
106,0.357142857
106,0.9375
106,0
106,0.939285714
106,0.835714286
106,0.923214286
106,0.080357143
106,0.967857143
106,0.926785714
106,0.930357143
106,0.660714286
106,0.333928571
106,0.158928571
106,0.707142857
106,0.95
106,0.485714286
106,0.421428571
106,0.969642857
106,0.203571429
106,0.932653061
106,0.860714286
106,0.967857143
106,0.973214286
106,0.494642857
106,0.958928571
106,0.9125
107,0.964285714
107,0.939285714
107,0.292857143
107,0.316071429
107,0.878571429
107,0.503571429
107,0.957142857
107,0.941071429
107,0
107,0.118367347
107,0.932142857
107,0.858928571
107,0.092857143
107,0.948214286
107,0.189285714
107,0.914285714
107,0.483928571
107,0.794642857
107,0.873214286
107,0.939285714
107,0.780357143
107,0.926785714
107,0.464285714
107,0.821428571
107,0.942857143
107,0
107,0.901785714
107,0.892857143
107,0.373214286
107,0.175
107,0.946428571
107,0.9625
107,0.628571429
107,0.830357143
107,0.825
107,0.857142857
107,0.983928571
107,0.9625
107,0.280952381
107,0.903571429
107,0.2125
107,0.573214286
107,0.928571429
107,0.696428571
107,0.964285714
107,0.975
107,0.891071429
107,0.239285714
107,0.323214286
107,0.846428571
107,0.898214286
107,0.783928571
107,0.273214286
107,0.7875
107,0.875
107,0.885714286
107,0.2
107,0.885714286
107,0.9
107,0
107,0.3375
107,0.267857143
107,0.733928571
107,0.3875
107,0.232142857
107,0.833928571
107,0.891071429
107,0.982142857
107,0.733928571
107,0.367857143
107,0.126785714
107,0.933928571
107,0.746428571
107,0.351785714
107,0.980357143
107,0.307142857
107,0.289285714
107,0.1375
107,0.346428571
107,0.255357143
107,0.942857143
107,0.517857143
107,0.191071429
107,0.710714286
107,0.157142857
107,0.775
107,0.351785714
107,0.433928571
107,0.151785714
107,0.960714286
107,0.975
107,0.444642857
107,0.851785714
107,0.946428571
107,0.933928571
107,0.392857143
107,0.942857143
107,0.980357143
107,0.458928571
107,0.926785714
107,0.298214286
107,0.548214286
107,0.707142857
107,0.805357143
107,0.958928571
107,0
107,0.910714286
107,0.973214286
107,0
107,0.898214286
107,0.964285714
107,0.964285714
107,0.8375
107,0.264285714
107,0.951785714
107,0.969642857
107,0.505357143
107,0.55
107,0.951785714
107,0.967857143
107,0
107,0.907142857
107,0.251785714
107,0.973214286
107,0.857142857
107,0.235714286
107,0.919642857
107,0.151785714
107,0.964285714
107,0.866071429
107,0.8875
107,0.592857143
107,0
107,0.653061224
107,0.491071429
107,0.873214286
107,0.982142857
107,0.375
107,0.960714286
107,0.826785714
107,0.398214286
107,0.435714286
107,0.9
107,0.8625
107,0.707142857
107,0.9875
107,0.453571429
107,0
107,0.3125
107,0.960714286
107,0.707142857
107,0.308928571
107,0.846428571
107,0.948214286
107,0.848214286
107,0.078571429
107,0.85
107,0.926785714
107,0.516326531
107,0.117857143
107,0.205357143
107,0.975
107,0.966071429
107,0.085714286
107,0.298214286
107,0.835714286
107,0.998214286
107,0.966071429
107,0.982142857
107,0.951785714
107,0.7625
107,0.975
107,0.433928571
107,0.9875
107,0.330357143
107,0.975
107,0.183928571
107,0.9
107,0.716071429
107,0.855357143
107,0.451785714
107,0.367857143
107,0.948214286
107,0
107,0.917857143
107,0.881632653
107,0.926785714
107,0.1
107,0.948214286
107,0.830357143
107,0.9625
107,0.65
107,0.326785714
107,0.167857143
107,0.698214286
107,0.973214286
107,0.514285714
107,0.305357143
107,0.978571429
107,0.341071429
107,0.932142857
107,0.508928571
107,0.951785714
107,0.985714286
107,0.480357143
107,0.967857143
107,0.514285714
108,0.951785714
108,0.946428571
108,0.303571429
108,0.483928571
108,0.848214286
108,0.475
108,0.953571429
108,0.923214286
108,0
108,0.121428571
108,0.910714286
108,0.898214286
108,0.135714286
108,0.967857143
108,0.3625
108,0.791071429
108,0.460714286
108,0.796428571
108,0.785714286
108,0.941071429
108,0.839285714
108,0.898214286
108,0.655357143
108,0.8125
108,0.948214286
108,0
108,0.905357143
108,0.885714286
108,0.567857143
108,0.085714286
108,0.876785714
108,0.928571429
108,0.739285714
108,0.898214286
108,0.978571429
108,0.873214286
108,0.971428571
108,0.975
108,0.342857143
108,0.873214286
108,0.178571429
108,0.630357143
108,0.898214286
108,0.633928571
108,0.958928571
108,0.985714286
108,0.844642857
108,0.273214286
108,0.401785714
108,0.823214286
108,0.855357143
108,0.742857143
108,0.292857143
108,0.891071429
108,0.9
108,0.869642857
108,0.2375
108,0.869642857
108,0.921428571
108,0.792857143
108,0.221428571
108,0.248214286
108,0.728571429
108,0.444642857
108,0.678571429
108,0.908928571
108,0.903571429
108,0.985714286
108,0.967857143
108,0.476785714
108,0.117857143
108,0.939285714
108,0.392857143
108,0.248214286
108,0.982142857
108,0.266071429
108,0.246428571
108,0.073214286
108,0.394642857
108,0.223214286
108,0.9375
108,0.519642857
108,0.328571429
108,0.882142857
108,0.1625
108,0.926785714
108,0.682142857
108,0.610714286
108,0.198214286
108,0.957142857
108,0.978571429
108,0.453571429
108,0.914285714
108,0.951785714
108,0.932142857
108,0.291071429
108,1
108,0.966071429
108,0.844642857
108,0.958928571
108,0.291071429
108,0.55
108,0.728571429
108,0.895918367
108,0.960714286
108,0
108,0.917857143
108,0.976785714
108,0
108,0.841071429
108,0.973214286
108,0.976785714
108,0.894642857
108,0.267857143
108,0.973214286
108,0.942857143
108,0.855357143
108,0.653571429
108,0.976785714
108,0.973214286
108,0
108,0.855357143
108,0.192857143
108,0.958928571
108,0.810714286
108,0.201785714
108,0.821428571
108,0.108928571
108,0.971428571
108,0.891071429
108,0.878571429
108,0.742857143
108,0
108,0.55
108,0.551785714
108,0.901785714
108,0.946428571
108,0.344642857
108,0.960714286
108,0.846428571
108,0.883928571
108,0.398214286
108,0.8
108,0.45
108,0.4875
108,0.989285714
108,0.585714286
108,0
108,0.321428571
108,0.992857143
108,0.848214286
108,0.55
108,0.608928571
108,0.9375
108,0.8375
108,0.094642857
108,0.798214286
108,0.783928571
108,0.567857143
108,0.082142857
108,0.089285714
108,0.967857143
108,0.975
108,0.082142857
108,0.453571429
108,0.807142857
108,0.998214286
108,0.9625
108,0.971428571
108,0.966071429
108,0.708928571
108,0.989285714
108,0.385714286
108,0.978571429
108,0.353571429
108,0.97755102
108,0.126785714
108,0.883928571
108,0.314285714
108,0.832142857
108,0.644642857
108,0.346428571
108,0.958928571
108,0
108,0.917857143
108,0
108,0.942857143
108,0.082142857
108,0.957142857
108,0.880357143
108,0.923214286
108,0.660714286
108,0.430357143
108,0.369642857
108,0.794642857
108,0.975
108,0.521428571
108,0.317857143
108,0.958928571
108,0.826785714
108,0.944642857
108,0.142857143
108,0.953571429
108,0.978571429
108,0.566071429
108,0.980357143
108,0.121428571
109,0.955555556
109,0.934920635
109,0.346031746
109,0.357142857
109,0.776190476
109,0.617460317
109,0.896825397
109,0.917460317
109,0.871428571
109,0.141269841
109,0.885714286
109,0.880952381
109,0.250793651
109,0.720634921
109,0.33968254
109,0.803174603
109,0.46031746
109,0.665079365
109,0.834920635
109,0.923809524
109,0.985714286
109,0.888888889
109,0.757142857
109,0.811111111
109,0.949206349
109,0
109,0.842857143
109,0.903174603
109,0.661904762
109,0.128571429
109,0.888888889
109,0.938095238
109,0.971428571
109,0.90952381
109,0.968253968
109,0.904761905
109,0.976190476
109,0.96031746
109,0.29047619
109,0.888888889
109,0.120634921
109,0.631746032
109,0.820634921
109,0.698412698
109,0.711111111
109,0.971428571
109,0.885714286
109,0.247619048
109,0.333333333
109,0.852380952
109,0.842857143
109,0.723809524
109,0.241269841
109,0.863492063
109,0.896825397
109,0.915873016
109,0.3
109,0.898412698
109,0.904761905
109,0.880952381
109,0.333333333
109,0.622222222
109,0.777777778
109,0.438095238
109,0.934920635
109,0.850793651
109,0.920634921
109,0.974603175
109,0.979365079
109,0.377777778
109,0.106349206
109,0.919047619
109,0.265079365
109,0.226984127
109,0.993650794
109,0.447619048
109,0.30952381
109,0.087301587
109,0.358730159
109,0.276190476
109,0.882539683
109,0.533333333
109,0.23015873
109,0.803174603
109,0.111111111
109,0.946031746
109,0.568253968
109,0.947619048
109,0.149206349
109,0.973015873
109,0.96031746
109,0.484126984
109,0.968253968
109,0.911111111
109,0.942857143
109,0.378571429
109,0
109,0.96031746
109,0.898412698
109,0.980952381
109,0.293650794
109,0.511111111
109,0.736507937
109,0.925396825
109,0.942857143
109,0
109,0.923809524
109,0.982539683
109,0
109,0.887301587
109,0.961904762
109,0.941269841
109,0.86984127
109,0.555555556
109,0.963492063
109,0.950793651
109,0.863492063
109,0.977777778
109,0.957142857
109,0.971428571
109,0
109,0.871428571
109,0.114285714
109,0.971428571
109,0.774603175
109,0.212698413
109,0.779365079
109,0.073015873
109,0.958730159
109,0.855357143
109,0.933333333
109,0.633333333
109,0
109,0.547619048
109,0.777777778
109,0.874603175
109,0.942857143
109,0.433333333
109,0.944444444
109,0.846031746
109,0.965079365
109,0.346031746
109,0.915873016
109,0.220634921
109,0.485714286
109,1
109,0.514285714
109,0
109,0.314285714
109,0.979365079
109,0.888888889
109,0.561904762
109,0.398412698
109,0.926984127
109,0.834920635
109,0.055555556
109,0.773015873
109,0.898412698
109,0.63015873
109,0.077777778
109,0.182539683
109,0.946031746
109,0.947619048
109,0.093650794
109,0.333333333
109,0.853968254
109,0.977777778
109,0.96031746
109,0.93968254
109,0.934920635
109,0.7
109,0.966666667
109,0.552380952
109,0.958730159
109,0.39047619
109,0.976190476
109,0.103174603
109,0.896825397
109,0.192063492
109,0.795238095
109,0.488888889
109,0.442857143
109,0.976785714
109,0
109,0.871428571
109,0.914285714
109,0.934920635
109,0.201587302
109,0.904761905
109,0.880952381
109,0.882539683
109,0.622222222
109,0.406349206
109,0.50952381
109,0.763492063
109,0.919047619
109,0.485714286
109,0.355555556
109,0.971428571
109,0.93015873
109,0.957142857
109,0.16031746
109,0.917460317
109,0.987301587
109,0.606349206
109,0.952380952
109,0.087301587
110,0.942857143
110,0.930357143
110,0.378571429
110,0.410714286
110,0.732142857
110,0.683928571
110,0.923214286
110,0.901785714
110,0.907142857
110,0.095918367
110,0.916071429
110,0.892857143
110,0.233928571
110,0.305357143
110,0.301785714
110,0.748214286
110,0.4625
110,0.748214286
110,0.814285714
110,0.907142857
110,0.985714286
110,0.864285714
110,0.7375
110,0.803571429
110,0.966071429
110,0
110,0.8875
110,0.871428571
110,0.930357143
110,0.214285714
110,0.910714286
110,0.880357143
110,0.964285714
110,0.832142857
110,0.935714286
110,0.910714286
110,0.976785714
110,0.958928571
110,0.29047619
110,0.880357143
110,0.121428571
110,0.641071429
110,0.95
110,0.7875
110,0.5
110,0.966071429
110,0.796428571
110,0.214285714
110,0.335714286
110,0.798214286
110,0.853571429
110,0.605357143
110,0.251785714
110,0.851785714
110,0.9
110,0.8875
110,0.273214286
110,0.858928571
110,0.566071429
110,0.903571429
110,0.301785714
110,0.969642857
110,0.753571429
110,0.476785714
110,0.969642857
110,0.901785714
110,0.819642857
110,0.992857143
110,0.973214286
110,0.394642857
110,0.080357143
110,0.848214286
110,0.817857143
110,0.157142857
110,0.978571429
110,0.555357143
110,0.228571429
110,0.110714286
110,0.407142857
110,0.346428571
110,0.844642857
110,0.607142857
110,0.307142857
110,0.596428571
110,0.166071429
110,0.955357143
110,0.4125
110,0.741071429
110,0.139285714
110,0.944642857
110,0.946428571
110,0.457142857
110,0.9625
110,0.905357143
110,0.932142857
110,0.296428571
110,0
110,0.960714286
110,0.882142857
110,0.969642857
110,0.280357143
110,0.707142857
110,0.730357143
110,0.921428571
110,0.9375
110,0
110,0.928571429
110,0.964285714
110,0
110,0.828571429
110,0.95
110,0.978571429
110,0.742857143
110,0.3625
110,0.408928571
110,0.932142857
110,0.853571429
110,0.930357143
110,0.982142857
110,0.948214286
110,0
110,0.898214286
110,0.091071429
110,0.969642857
110,0.776785714
110,0.228571429
110,0.903571429
110,0.108928571
110,0.925
110,0.851785714
110,0.9
110,0.826785714
110,1
110,0.739285714
110,0.789285714
110,0.857142857
110,0.885714286
110,0.457142857
110,0.933928571
110,0.858928571
110,0.957142857
110,0.248214286
110,0.898214286
110,0.175
110,0.544642857
110,0.980357143
110,0.710714286
110,0
110,0.342857143
110,0.958928571
110,0.860714286
110,0.730357143
110,0.3875
110,0.903571429
110,0.792857143
110,0.103571429
110,0.803571429
110,0.894642857
110,0.653571429
110,0.257142857
110,0.294642857
110,0.917857143
110,0.944642857
110,0.294642857
110,0.385714286
110,0.844642857
110,0.996428571
110,0.964285714
110,0.973214286
110,0.971428571
110,0.710714286
110,0.967857143
110,0.467857143
110,0.964285714
110,0.471428571
110,0.958928571
110,0.092857143
110,0.896428571
110,0.225
110,0.783928571
110,0.625
110,0.457142857
110,0.957142857
110,0
110,0.9125
110,0.9375
110,0.926785714
110,0.317857143
110,0.880357143
110,0.916326531
110,0.928571429
110,0.632142857
110,0.35
110,0.389285714
110,0.778571429
110,0.9375
110,0.496428571
110,0.328571429
110,0.939285714
110,0.9
110,0.939285714
110,0.157142857
110,0.910714286
110,0.967857143
110,0.605357143
110,0.964285714
110,0.069642857
111,0.93015873
111,0.925396825
111,0.5
111,0.434920635
111,0.43968254
111,0.407936508
111,0.903174603
111,0.887301587
111,0.866666667
111,0.117460317
111,0.906349206
111,0.749206349
111,0.236507937
111,0.222222222
111,0.3
111,0.403174603
111,0.447619048
111,0.758730159
111,0.825396825
111,0.796825397
111,0.879365079
111,0.892063492
111,0.763492063
111,0.817460317
111,0.863492063
111,0
111,0.8
111,0.857142857
111,0.980952381
111,0.265079365
111,0.806349206
111,0.514285714
111,0.973015873
111,0.822222222
111,0.944444444
111,0.896825397
111,0.965079365
111,0.958730159
111,0.289285714
111,0.868253968
111,0.128571429
111,0.60952381
111,0.919047619
111,0.823809524
111,0.425396825
111,0.965079365
111,0.879365079
111,0.250793651
111,0.315873016
111,0.83968254
111,0.861904762
111,0.649206349
111,0.173015873
111,0.817460317
111,0.895238095
111,0.888888889
111,0.241269841
111,0.846031746
111,0.223809524
111,0.846031746
111,0.236507937
111,0
111,0.463492063
111,0.706349206
111,0.950793651
111,0.866666667
111,0.946031746
111,0.968253968
111,0.974603175
111,0.634920635
111,0.114285714
111,0.896825397
111,0.925396825
111,0.146031746
111,0.958730159
111,0.512698413
111,0.214285714
111,0.066666667
111,0.395238095
111,0.658730159
111,0.941269841
111,0.498412698
111,0.36031746
111,0.26984127
111,0.2
111,0.952380952
111,0.63968254
111,0.858730159
111,0.180952381
111,0.923809524
111,0.973015873
111,0.436507937
111,0.941269841
111,0.906349206
111,0.893650794
111,0.484126984
111,0
111,0.853968254
111,0.865079365
111,0.953968254
111,0.26031746
111,0.798412698
111,0.796825397
111,0.926984127
111,0.938095238
111,0
111,0.958730159
111,0.93015873
111,0
111,0.831746032
111,0.915873016
111,0.968253968
111,0.758730159
111,0.774603175
111,0.2
111,0.907936508
111,0.871428571
111,0.946031746
111,0.973015873
111,0.926984127
111,0
111,0.855555556
111,0.092063492
111,0.955555556
111,0.817460317
111,0.265079365
111,0.798412698
111,0.342857143
111,0.838095238
111,0.765079365
111,0.876190476
111,0.649206349
111,0.988888889
111,0.806349206
111,0.904761905
111,0.863492063
111,0.922222222
111,0.473015873
111,0.923809524
111,0.86031746
111,0.995238095
111,0.174603175
111,0.923809524
111,0.176190476
111,0.233333333
111,0.979365079
111,0.425396825
111,0
111,0.303174603
111,0.983928571
111,0.879365079
111,0.655555556
111,0.361904762
111,0.90952381
111,0.836507937
111,0.244444444
111,0.776190476
111,0.936507937
111,0.544642857
111,0.336507937
111,0.285714286
111,0.958730159
111,0.982539683
111,0.285714286
111,0.423809524
111,0.831746032
111,0.992063492
111,0.928571429
111,0.955555556
111,0.952380952
111,0.719047619
111,0.973015873
111,0.749206349
111,0.950793651
111,0.557142857
111,0.950793651
111,0.080952381
111,0.873015873
111,0.201587302
111,0.787301587
111,0.722222222
111,0.411111111
111,0.849206349
111,0
111,0.926984127
111,0.903174603
111,0.89047619
111,0.279365079
111,0.963492063
111,0.895238095
111,0.915873016
111,0.641071429
111,0.3
111,0.368253968
111,0.773015873
111,0.977777778
111,0.484126984
111,0.401587302
111,0.96984127
111,0.861904762
111,0.936507937
111,0.198412698
111,0.941269841
111,0.987301587
111,0.544444444
111,0.93015873
111,0.296825397
112,0.946428571
112,0.905357143
112,0.448214286
112,0.835714286
112,0.180357143
112,0.360714286
112,0.928571429
112,0.901785714
112,0.851785714
112,0.130357143
112,0.908928571
112,0.730357143
112,0.2375
112,0.269642857
112,0.258928571
112,0.173214286
112,0.473214286
112,0.832142857
112,0.766071429
112,0.907142857
112,0.9625
112,0.860714286
112,0.6375
112,0.839285714
112,0.975
112,0
112,0.864285714
112,0.923214286
112,0.976785714
112,0.453571429
112,0.919642857
112,0.969642857
112,0.985714286
112,0.853571429
112,0.951785714
112,0.894642857
112,0.9625
112,0.960714286
112,0.32244898
112,0.807142857
112,0.139285714
112,0.630357143
112,0.966071429
112,0.826785714
112,0.275
112,0.967857143
112,0.867346939
112,0.130357143
112,0.330357143
112,0.879591837
112,0.810714286
112,0.619642857
112,0.144642857
112,0.782142857
112,0.891071429
112,0.853571429
112,0.351785714
112,0.871428571
112,0.248214286
112,0.9125
112,0.278571429
112,0
112,0.0875
112,0.553571429
112,0.948214286
112,0.780357143
112,0.942857143
112,0.969642857
112,0.95
112,0.780357143
112,0.185714286
112,0.803571429
112,0.883928571
112,0.1375
112,0.973214286
112,0.632142857
112,0.216071429
112,0.103571429
112,0.3625
112,0.948214286
112,0.976785714
112,0.291071429
112,0.191071429
112,0.110714286
112,0.146428571
112,0.942857143
112,0.5375
112,0.910714286
112,0.121428571
112,0.957142857
112,1
112,0.323214286
112,0.948214286
112,0.921428571
112,0.903571429
112,0.403571429
112,0
112,0.969642857
112,0.760714286
112,0.969642857
112,0.201785714
112,0.869642857
112,0.616071429
112,0.873214286
112,0.946428571
112,0
112,0.953571429
112,0.964285714
112,0
112,0.866071429
112,0.930357143
112,0.832142857
112,0.75
112,0.914285714
112,0.251785714
112,0.901785714
112,0.785714286
112,0.914285714
112,0.969642857
112,0.948214286
112,0
112,0.853571429
112,0.075
112,0.930357143
112,0.8
112,0.305357143
112,0.830357143
112,0.551785714
112,0.948214286
112,0.885714286
112,0.941071429
112,0.766071429
112,0.973214286
112,0.835714286
112,0.92244898
112,0.882142857
112,0.941071429
112,0.75
112,0.858928571
112,0.607142857
112,0
112,0.192857143
112,0.925
112,0.141071429
112,0.032142857
112,0.982142857
112,0.657142857
112,0
112,0.307142857
112,0.983928571
112,0.771428571
112,0.617857143
112,0.442857143
112,0.923214286
112,0.7375
112,0.317857143
112,0.828571429
112,0.926785714
112,0.717857143
112,0.364285714
112,0.251785714
112,0.971428571
112,0.9625
112,0.294642857
112,0.908928571
112,0.876785714
112,0.992857143
112,0.832142857
112,0.946428571
112,0.964285714
112,0.728571429
112,0.9375
112,0.525
112,0.916071429
112,0.382142857
112,0.973214286
112,0.073214286
112,0.814285714
112,0.269642857
112,0.773214286
112,0.414285714
112,0.519642857
112,0.957142857
112,0.947619048
112,0.880357143
112,0.896428571
112,0.889285714
112,0.310714286
112,0.955357143
112,0.867857143
112,0.908928571
112,0.198214286
112,0.9625
112,0.251785714
112,0.841071429
112,0.969642857
112,0.4875
112,0.523214286
112,0.967857143
112,0
112,0.807142857
112,0.151785714
112,0.894642857
112,0.976785714
112,0.521428571
112,0.939285714
112,0.84
113,0.947619048
113,0.926984127
113,0.636507937
113,0.903174603
113,0.171428571
113,0.446031746
113,0.957142857
113,0.914285714
113,0.852380952
113,0.214285714
113,0.915873016
113,0.785714286
113,0.093650794
113,0.219047619
113,0.304761905
113,0.198412698
113,0.450793651
113,0.877777778
113,0.771428571
113,0.923809524
113,0.896825397
113,0.896825397
113,0.638095238
113,0.855555556
113,0.96984127
113,0
113,0.826984127
113,0.877777778
113,0.992063492
113,0.488888889
113,0.888888889
113,0.947619048
113,0.851785714
113,0.787301587
113,0.966666667
113,0.842857143
113,0.977777778
113,0.96031746
113,0.304761905
113,0.898412698
113,0.447619048
113,0.625396825
113,0.96984127
113,0.877777778
113,0.382539683
113,0.96984127
113,0.884126984
113,0.184126984
113,0.36984127
113,0.874603175
113,0.873015873
113,0.680952381
113,0.142857143
113,0.755555556
113,0.806349206
113,0.844444444
113,0.342857143
113,0.892063492
113,0.192063492
113,0.874603175
113,0.184126984
113,0
113,0.10952381
113,0.577777778
113,0.936507937
113,0.873015873
113,0.946031746
113,0.982539683
113,0.928571429
113,0.974603175
113,0.36984127
113,0.877777778
113,0.836507937
113,0.128571429
113,0.980952381
113,0.623809524
113,0.150793651
113,0.074603175
113,0.50952381
113,0.963492063
113,0.985714286
113,0.298412698
113,0.392063492
113,0.10952381
113,0.074603175
113,0.96031746
113,0.585714286
113,0.585714286
113,0.126984127
113,0.952380952
113,0
113,0.165079365
113,0.933333333
113,0.963492063
113,0.941269841
113,0.406349206
113,0
113,0.980952381
113,0.76984127
113,0.947619048
113,0.23968254
113,0.868253968
113,0.542857143
113,0.853968254
113,0.934920635
113,0
113,0.938095238
113,0.96984127
113,1
113,0.773015873
113,0.919047619
113,0.985714286
113,0.782539683
113,0.922222222
113,0.203174603
113,0.950793651
113,0.510204082
113,0
113,0.96031746
113,0.968253968
113,0
113,0.855555556
113,0.1
113,0.953968254
113,0.715873016
113,0.601587302
113,0.795238095
113,1
113,0.982539683
113,0.866666667
113,0.923809524
113,0.879365079
113,0.961904762
113,0.841269841
113,0.93015873
113,0.882539683
113,0.923809524
113,0.882539683
113,0.9
113,0.714285714
113,0
113,0.174603175
113,0.920634921
113,0.35
113,0.031746032
113,0.99047619
113,0.926984127
113,0
113,0.312698413
113,0.981632653
113,0.83968254
113,0.595238095
113,0.40952381
113,0.893650794
113,0.879365079
113,0.817460317
113,0.842857143
113,0.950793651
113,0.723809524
113,0.377777778
113,0.374603175
113,0.976190476
113,0.971428571
113,0.382539683
113,0.939285714
113,0.857142857
113,0.995238095
113,0.93015873
113,0.971428571
113,0.977777778
113,0.742857143
113,0.979365079
113,0.488888889
113,0.961904762
113,0.404761905
113,0.977777778
113,0.06984127
113,0.866666667
113,0.258730159
113,0.817460317
113,0.626984127
113,0.807936508
113,0.944444444
113,0.974603175
113,0.903174603
113,0.90952381
113,0.938095238
113,0.250793651
113,0.992063492
113,0.857142857
113,0.947619048
113,0.155555556
113,0.952380952
113,0.142857143
113,0.76031746
113,0.980952381
113,0.463492063
113,0.612698413
113,0.965079365
113,0.785714286
113,0.942857143
113,0.2
113,0.887301587
113,0.958730159
113,0.592063492
113,0.985714286
113,0
114,0.9375
114,0.910714286
114,0.958928571
114,0.842857143
114,0.210714286
114,0.428571429
114,0.930357143
114,0.885714286
114,0.880357143
114,0.153571429
114,0.896428571
114,0.733928571
114,0.110714286
114,0.683928571
114,0.25
114,0.207142857
114,0.369642857
114,0.853571429
114,0.744642857
114,0.901785714
114,0.901785714
114,0.846428571
114,0.641071429
114,0.817857143
114,0.951785714
114,0
114,0.851020408
114,0.8375
114,0.973214286
114,0.608928571
114,0.723214286
114,0.953571429
114,0.8375
114,0.789285714
114,0.960714286
114,0.864285714
114,0.980357143
114,0.95
114,0.294642857
114,0.914285714
114,0.366071429
114,0.6125
114,0.941071429
114,0.539285714
114,0.405357143
114,0.858928571
114,0.853571429
114,0.146428571
114,0.363265306
114,0.883928571
114,0.821428571
114,0.657142857
114,0.157142857
114,0.489285714
114,0.896428571
114,0.755357143
114,0.298214286
114,0.889285714
114,0.351785714
114,0.873214286
114,0.206122449
114,0
114,0.096428571
114,0.934693878
114,0.957142857
114,0.894642857
114,0.928571429
114,0.9875
114,0.880357143
114,0.9375
114,0.305357143
114,0.955357143
114,0.889285714
114,0.289285714
114,0.982142857
114,0.789285714
114,0.144642857
114,0.205357143
114,0.666071429
114,0.960714286
114,0.966071429
114,0.326785714
114,0.141071429
114,0.117857143
114,0.205357143
114,0.95
114,0.510714286
114,0.544642857
114,0.144642857
114,0.951785714
114,0
114,0.083928571
114,0.944642857
114,0.944642857
114,0.928571429
114,0.685714286
114,0
114,0.978571429
114,0.710714286
114,0.941071429
114,0.223214286
114,0.857142857
114,0.569642857
114,0.721428571
114,0.942857143
114,0
114,0.95
114,0.914285714
114,0.969642857
114,0.871428571
114,0.875
114,0.946428571
114,0.785714286
114,0.916071429
114,0.389285714
114,0.948214286
114,0.794642857
114,0.828571429
114,0.957142857
114,0.964285714
114,0
114,0.855357143
114,0.119642857
114,0.941071429
114,0.839285714
114,0.764285714
114,0.819642857
114,0
114,0.976785714
114,0.871428571
114,0.871428571
114,0.907142857
114,0.978571429
114,0.846428571
114,0.948214286
114,0.857142857
114,0.9125
114,0.866071429
114,0.932142857
114,0.7375
114,0.931428571
114,0.246428571
114,0.928571429
114,0.696428571
114,0.0375
114,0.982142857
114,0.957142857
114,0
114,0.357142857
114,0.982142857
114,0.660714286
114,0.619642857
114,0.457142857
114,0.925
114,0.898214286
114,0.842857143
114,0.814285714
114,0.971428571
114,0.807142857
114,0.457142857
114,0.096428571
114,0.969642857
114,0.983928571
114,0.148214286
114,0
114,0.835714286
114,0.942857143
114,0.858928571
114,0.973214286
114,0.955357143
114,0.744642857
114,0.957142857
114,0.375
114,0.964285714
114,0.4125
114,0.9875
114,0.153571429
114,0.880357143
114,0.369642857
114,0.791071429
114,0.791071429
114,0.908928571
114,0.946938776
114,0.975
114,0.896428571
114,0.914285714
114,0.923214286
114,0.075
114,0.9625
114,0.853571429
114,0.973214286
114,0.153571429
114,0.917857143
114,0.153571429
114,0.782142857
114,0.960714286
114,0.455357143
114,0.658928571
114,0.991071429
114,0.851785714
114,0.9125
114,0.201785714
114,0.908928571
114,0.969642857
114,0.519642857
114,0.996428571
114,0
115,0.941269841
115,0.944444444
115,0.979365079
115,0.911111111
115,0.184126984
115,0.773015873
115,0.9
115,0.906349206
115,0.798214286
115,0.158730159
115,0.901587302
115,0.871428571
115,0.101587302
115,0.882539683
115,0.215873016
115,0.195238095
115,0.426984127
115,0.926984127
115,0.765079365
115,0.952380952
115,0.877777778
115,0.876190476
115,0.6
115,0.817460317
115,0.953968254
115,0
115,0.836507937
115,0.885714286
115,0.953968254
115,0.63015873
115,0.874603175
115,0.942857143
115,0.878571429
115,0.782539683
115,0.941269841
115,0.83968254
115,0.965079365
115,0.96031746
115,0.226984127
115,0.917460317
115,0.383928571
115,0.598214286
115,0.938095238
115,0.23968254
115,0.514285714
115,0.971428571
115,0.879365079
115,0.255555556
115,0.322222222
115,0.885714286
115,0.858730159
115,0.720634921
115,0.282539683
115,0.352380952
115,0.876190476
115,0.86984127
115,0.23968254
115,0.896825397
115,0.720634921
115,0.874603175
115,0.152380952
115,0.897959184
115,0.198412698
115,0.911111111
115,0.93968254
115,0.923809524
115,0.906349206
115,0.976190476
115,0.871428571
115,0.953968254
115,0.301587302
115,0.949206349
115,0.871428571
115,0.226984127
115,0.987301587
115,0.785714286
115,0.146031746
115,0.134920635
115,0.958730159
115,0.733333333
115,0.993650794
115,0.361904762
115,0.153968254
115,0.158730159
115,0.166666667
115,0.926984127
115,0.858730159
115,0.457142857
115,0.195238095
115,0.944444444
115,0
115,0.128571429
115,0.963492063
115,0.928571429
115,0.955555556
115,0.866666667
115,0
115,0.982539683
115,0.692063492
115,0.950793651
115,0.336507937
115,0.867857143
115,0.579365079
115,0.8
115,0.93968254
115,0
115,0.919047619
115,0.957142857
115,0.952380952
115,0.86984127
115,0.8
115,0.950793651
115,0.795238095
115,0.928571429
115,0.80952381
115,0.947619048
115,0.788888889
115,0.86031746
115,0.93968254
115,0.971428571
115,0
115,0.750793651
115,0.152380952
115,0.96984127
115,0.788888889
115,0.771428571
115,0.703174603
115,0
115,0.993650794
115,0.879365079
115,0.887301587
115,0.850793651
115,0.950793651
115,0.655102041
115,0.947619048
115,0.914285714
115,0.917460317
115,0.871428571
115,0.966666667
115,0.317460317
115,0.923809524
115,0.36984127
115,0.89047619
115,0.746428571
115,0.038095238
115,0.992063492
115,0.896428571
115,0
115,0.288888889
115,0.978571429
115,0.512698413
115,0.542857143
115,0.56984127
115,0.914285714
115,0.898412698
115,0.223809524
115,0.825396825
115,0.96984127
115,0.780357143
115,0.093650794
115,0.1
115,0.980952381
115,0.987301587
115,0.079365079
115,0
115,0.858730159
115,0.984126984
115,0.376190476
115,0.947619048
115,0.950793651
115,0.744444444
115,0.949206349
115,0.834920635
115,0.926984127
115,0.638095238
115,0.988888889
115,0.177777778
115,0.874603175
115,0.376190476
115,0.8
115,0.822222222
115,0.717460317
115,0.939285714
115,0.942857143
115,0.89047619
115,0.877777778
115,0.925396825
115,0.092063492
115,0.979365079
115,0.847619048
115,0.949206349
115,0.196825397
115,0.971428571
115,0.161904762
115,0.807936508
115,0.991071429
115,0.428571429
115,0.688888889
115,0.993650794
115,0.873015873
115,0.952380952
115,0.222222222
115,0.887301587
115,0.979365079
115,0.592063492
115,0.985714286
115,0
116,0.919642857
116,0.948214286
116,0.948214286
116,0.9125
116,0.217857143
116,0.421428571
116,0.944642857
116,0.926785714
116,0.848214286
116,0.153061224
116,0.932142857
116,0.866071429
116,0.139285714
116,0.576785714
116,0.3625
116,0.2625
116,0.4875
116,0.9375
116,0.757142857
116,0.960714286
116,0.878571429
116,0.773214286
116,0.5875
116,0.833928571
116,0.946428571
116,0
116,0.880357143
116,0.923214286
116,0.964285714
116,0.610714286
116,0.830357143
116,0.933928571
116,0.871428571
116,0.7375
116,0.944642857
116,0.851785714
116,0.957142857
116,0.955357143
116,0.234693878
116,0.942857143
116,0.4
116,0.608928571
116,0.926785714
116,0.132142857
116,0.696428571
116,0.9625
116,0.882142857
116,0.271428571
116,0.27755102
116,0.869642857
116,0.730357143
116,0.676785714
116,0.246428571
116,0.344642857
116,0.916071429
116,0.867857143
116,0.314285714
116,0.885714286
116,0.698214286
116,0.875
116,0.314285714
116,0.873214286
116,0.308928571
116,0.942857143
116,0.946428571
116,0.907142857
116,0.923214286
116,0.969642857
116,0.860714286
116,0.960714286
116,0.314285714
116,0.933928571
116,0.8875
116,0.267857143
116,0.992857143
116,0.785714286
116,0.178571429
116,0.178571429
116,0.919642857
116,0.939285714
116,1
116,0.578571429
116,0.173214286
116,0.182142857
116,0.198214286
116,0.928571429
116,0.921428571
116,0.610714286
116,0.1625
116,0.960714286
116,0
116,0.185714286
116,0.978571429
116,0.833928571
116,0.967857143
116,0.842857143
116,0
116,0.992857143
116,0.676785714
116,0.964285714
116,0.294642857
116,0
116,0.5625
116,0.789285714
116,0.896428571
116,0
116,0.9375
116,0.992857143
116,0.989285714
116,0.878571429
116,0.435714286
116,0.953571429
116,0.833928571
116,0.794642857
116,0.651785714
116,0.921428571
116,0.805357143
116,0.871428571
116,0.953571429
116,0.991071429
116,0
116,0.866071429
116,0.180357143
116,0.975
116,0.771428571
116,0.801785714
116,0.664285714
116,0.1
116,0.989285714
116,0.853571429
116,0.630357143
116,0.871428571
116,0.9625
116,0.823214286
116,0.910714286
116,0.866071429
116,0.948214286
116,0.883928571
116,0.941071429
116,0.258928571
116,0.691071429
116,0.339285714
116,0.882142857
116,0.535714286
116,0.028571429
116,0.980357143
116,0.919642857
116,0
116,0.321428571
116,0.991836735
116,0.478571429
116,0.633928571
116,0.594642857
116,0.873214286
116,0.889285714
116,0.082142857
116,0.828571429
116,0.991071429
116,0.811904762
116,0.1125
116,0.091071429
116,0.992857143
116,0.991071429
116,0.110714286
116,0
116,0.8625
116,0.989285714
116,0.198214286
116,0.944642857
116,0.951785714
116,0.701785714
116,0.944642857
116,0.839285714
116,0.9625
116,0.682142857
116,0.992857143
116,0.173214286
116,0.930357143
116,0.466071429
116,0.8
116,0.9125
116,0.910714286
116,0.930612245
116,0.939285714
116,0.903571429
116,0.923214286
116,0.905357143
116,0.121428571
116,1
116,0.869642857
116,0.846428571
116,0.146428571
116,0.942857143
116,0.192857143
116,0.767857143
116,0.992857143
116,0.491071429
116,0.639285714
116,0.992857143
116,0.873214286
116,0.948214286
116,0.310204082
116,0.923214286
116,0.967857143
116,0.617857143
116,0.975
116,0.139285714
117,0.93015873
117,0.950793651
117,0.979365079
117,0.761904762
117,0.320634921
117,0.403174603
117,0.93968254
117,0.949206349
117,0.888888889
117,0.26031746
117,0.885714286
117,0.868253968
117,0.114285714
117,0.706349206
117,0.488888889
117,0.355555556
117,0.471428571
117,0.880952381
117,0.801587302
117,0.950793651
117,0.828571429
117,0.882539683
117,0.619047619
117,0.820634921
117,0.957142857
117,0
117,0.76031746
117,0.906349206
117,0.971428571
117,0.528571429
117,0.873015873
117,0.949206349
117,0.788888889
117,0.788888889
117,0.949206349
117,0.866666667
117,0.949206349
117,0.971428571
117,0.176190476
117,0.904761905
117,0.314285714
117,0.485714286
117,0.96984127
117,0.177777778
117,0.825396825
117,0.968253968
117,0.906349206
117,0.261904762
117,0.260714286
117,0.742857143
117,0.857142857
117,0.587301587
117,0.258730159
117,0.485714286
117,0.887301587
117,0.863492063
117,0.298412698
117,0.912698413
117,0.658730159
117,0.887301587
117,0.352380952
117,0.896825397
117,0.288888889
117,0.922222222
117,0.949206349
117,0.912698413
117,0.925396825
117,0.952380952
117,0.868253968
117,0.950793651
117,0.273015873
117,0.946031746
117,0.920634921
117,0.338095238
117,0.99047619
117,0.811111111
117,0.334920635
117,0.198412698
117,0.953968254
117,0.936507937
117,0.961904762
117,0.752380952
117,0.26031746
117,0.255555556
117,0.185714286
117,0.950793651
117,0.941269841
117,0.488888889
117,0.223809524
117,0.928571429
117,0
117,0.16031746
117,0.974603175
117,0.952380952
117,0.957142857
117,0.863492063
117,0
117,0.984126984
117,0.706349206
117,0.96984127
117,0.252380952
117,0
117,0.588888889
117,0.819047619
117,0.946031746
117,0
117,0.93015873
117,0.965079365
117,0.96984127
117,0.850793651
117,0.312698413
117,0.968253968
117,0.804761905
117,0.933333333
117,0.580952381
117,0.931746032
117,0.66031746
117,0.911111111
117,0.90952381
117,0.974603175
117,0
117,0.857142857
117,0.182539683
117,0.980952381
117,0.703174603
117,0.823809524
117,0.792063492
117,0.104761905
117,0.984126984
117,0.83015873
117,0.285714286
117,0.888888889
117,0.958730159
117,0.844444444
117,0.822222222
117,0.857142857
117,0.934920635
117,0.861904762
117,0.917460317
117,0.376190476
117,0.834920635
117,0.380952381
117,0.888888889
117,0.417460317
117,0.150793651
117,0.980952381
117,0.925396825
117,0
117,0.287301587
117,0.957142857
117,0.492063492
117,0.7
117,0.698412698
117,0.917460317
117,0.892063492
117,0.084126984
117,0.826984127
117,0.965079365
117,0.863492063
117,0.125396825
117,0.161904762
117,0.985714286
117,0.99047619
117,0.157142857
117,0.857142857
117,0.887301587
117,0.993650794
117,0.434920635
117,0.938095238
117,0.944444444
117,0.749206349
117,0.928571429
117,0.834920635
117,0.93015873
117,0.753968254
117,0.993650794
117,0.192063492
117,0.893650794
117,0.507936508
117,0.815873016
117,0.914285714
117,0.923809524
117,0.953968254
117,0.96984127
117,0.868253968
117,0.925396825
117,0.893650794
117,0.13015873
117,0.976190476
117,0.825396825
117,0.966666667
117,0.265079365
117,0.888888889
117,0.19047619
117,0.777777778
117,0.992857143
117,0.552380952
117,0.676190476
117,0.974603175
117,0.887301587
117,0.919047619
117,0.249206349
117,0.934920635
117,0.966666667
117,0.647619048
117,0.985714286
117,0.1
118,0.903571429
118,0.951785714
118,0.953571429
118,0.710714286
118,0.560714286
118,0.448214286
118,0.914285714
118,0.932142857
118,0.932142857
118,0.153571429
118,0.930357143
118,0.894642857
118,0.157142857
118,0.521428571
118,0.455357143
118,0.508928571
118,0.496428571
118,0.8125
118,0.830357143
118,0.907142857
118,0.908928571
118,0.842857143
118,0.658928571
118,0.819642857
118,0.951785714
118,0
118,0.855357143
118,0.889285714
118,0.969642857
118,0.617857143
118,0.858928571
118,0.955357143
118,0.767857143
118,0.75
118,0.933928571
118,0.875
118,0.95
118,0.919642857
118,0.216326531
118,0.8875
118,0.378571429
118,0.501785714
118,0.935714286
118,0.25
118,0.957142857
118,0.95
118,0.9
118,0.341071429
118,0.251785714
118,0.882142857
118,0.832142857
118,0.632142857
118,0.333928571
118,0.485714286
118,0.851785714
118,0.891071429
118,0.173214286
118,0.844642857
118,0.535714286
118,0.873214286
118,0.246428571
118,0.9
118,0.289285714
118,0.939285714
118,0.942857143
118,0.898214286
118,0.948214286
118,0.964285714
118,0.896428571
118,0.953571429
118,0.317857143
118,0.933928571
118,0.896428571
118,0.348214286
118,0.978571429
118,0.796428571
118,0.241071429
118,0.166071429
118,0.944642857
118,0.9625
118,0.896428571
118,0.698214286
118,0.292857143
118,0.630357143
118,0.164285714
118,0.942857143
118,0.894642857
118,0.455357143
118,0.230357143
118,0.894642857
118,0
118,0.2375
118,0.944642857
118,0.9125
118,0.914285714
118,0.826785714
118,0.19047619
118,0.958928571
118,0.757142857
118,0.960714286
118,0.321428571
118,0
118,0.667857143
118,0.85
118,0.910714286
118,0
118,0.935714286
118,0.973214286
118,0.960714286
118,0.871428571
118,0.566071429
118,0.955357143
118,0.717857143
118,0.923214286
118,0.507142857
118,0.930357143
118,0.601785714
118,0.846428571
118,0.921428571
118,0.9625
118,0
118,0.8625
118,0.216071429
118,0.971428571
118,0.791071429
118,0.835714286
118,0.816071429
118,0.151785714
118,0.973214286
118,0.853571429
118,0.398214286
118,0.905357143
118,0.951785714
118,0.851020408
118,0.916071429
118,0.901785714
118,0.930357143
118,0.889285714
118,0.967857143
118,0.464285714
118,0.816071429
118,0.421428571
118,0.864285714
118,0.425
118,0.255357143
118,0.975
118,0.921428571
118,0
118,0.325
118,0.982142857
118,0.455357143
118,0.807142857
118,0.696428571
118,0.801785714
118,0.85952381
118,0.130952381
118,0.848214286
118,0.946428571
118,0.901785714
118,0.144642857
118,0.101785714
118,0.95
118,0.966071429
118,0.0875
118,0.823214286
118,0.842857143
118,1
118,0.521428571
118,0.948214286
118,0.955357143
118,0.739285714
118,0.958928571
118,0.792857143
118,0.960714286
118,0.657142857
118,0.983928571
118,0.257142857
118,0.914285714
118,0.2875
118,0.8
118,0.892857143
118,0.907142857
118,0.957142857
118,0.958928571
118,0.951785714
118,0.951785714
118,0.903571429
118,0.133928571
118,0.951785714
118,0.873214286
118,0.933928571
118,0.466071429
118,0.703571429
118,0.353571429
118,0.733928571
118,0.941071429
118,0.533928571
118,0.653571429
118,0.971428571
118,0.858928571
118,0.944642857
118,0.171428571
118,0.907142857
118,0.941071429
118,0.666071429
118,0.967857143
118,0.15
119,0.923809524
119,0.93015873
119,0.982539683
119,0.676190476
119,0.517460317
119,0.592063492
119,0.933333333
119,0.912698413
119,0.928571429
119,0.246031746
119,0.873015873
119,0.880952381
119,0.273015873
119,0.722222222
119,0.584126984
119,0.568253968
119,0.461904762
119,0.788888889
119,0.747619048
119,0.906349206
119,0.603174603
119,0.885714286
119,0.623809524
119,0.841269841
119,0.938095238
119,0
119,0.828571429
119,0.919047619
119,0.979365079
119,0.595238095
119,0.915873016
119,0.915873016
119,0.498412698
119,0.784126984
119,0.931746032
119,0.842857143
119,0.971428571
119,0.953968254
119,0.316071429
119,0.853968254
119,0.457142857
119,0.585714286
119,0.920634921
119,0.226984127
119,0.961904762
119,0.93968254
119,0.887301587
119,0.395238095
119,0.314285714
119,0.882142857
119,0.884126984
119,0.626984127
119,0.319047619
119,0.615873016
119,0.906349206
119,0.874603175
119,0.1875
119,0.863492063
119,0.741269841
119,0.865079365
119,0.377777778
119,0.893650794
119,0.342857143
119,0.917460317
119,0.953968254
119,0.920634921
119,0.953968254
119,0.973015873
119,0.9
119,0.946031746
119,0.296825397
119,0.896825397
119,0.844444444
119,0.312698413
119,0.966666667
119,0.774603175
119,0.301587302
119,0.244444444
119,0.961904762
119,0.973015873
119,0.847619048
119,0.684126984
119,0.219047619
119,0.90952381
119,0.195238095
119,0.963492063
119,0.944444444
119,0.498412698
119,0.268253968
119,0.944444444
119,0
119,0.244444444
119,0.96031746
119,0.923809524
119,0.925396825
119,0.844444444
119,0.198412698
119,0.952380952
119,0.717460317
119,0.952380952
119,0.33015873
119,0
119,0.698412698
119,0.853968254
119,0.925396825
119,0
119,0.941269841
119,0.952380952
119,0.971428571
119,0.847619048
119,0.53015873
119,0.980952381
119,0.582539683
119,0.896825397
119,0.780952381
119,0.934920635
119,0.541269841
119,0.852380952
119,0.915873016
119,0.936507937
119,0
119,0.885714286
119,0.249206349
119,0.977777778
119,0.793650794
119,0.779365079
119,0.784126984
119,0.104761905
119,0.96031746
119,0.861904762
119,0.450793651
119,0.906349206
119,0.949206349
119,0.865079365
119,0.93968254
119,0.958730159
119,0.898412698
119,0.842857143
119,0.952380952
119,0.375
119,0.773015873
119,0.407936508
119,0.914285714
119,0.611111111
119,0.246031746
119,0.985714286
119,0.938095238
119,0
119,0.325396825
119,0.976190476
119,0.466666667
119,0.834920635
119,0.738095238
119,0.89047619
119,0.822222222
119,0.068253968
119,0.798412698
119,0.9
119,0.849206349
119,0.125396825
119,0.166666667
119,0.936507937
119,0.958730159
119,0.155555556
119,0.876190476
119,0.828571429
119,0.966666667
119,0.614285714
119,0.934920635
119,0.933333333
119,0.725396825
119,0.941269841
119,0.888888889
119,0.934920635
119,0.585714286
119,0.968253968
119,0.257142857
119,0.879365079
119,0.346031746
119,0.820634921
119,0.914285714
119,0.93015873
119,0.944444444
119,0.982539683
119,0.887301587
119,0.941269841
119,0.907936508
119,0.212698413
119,0.920634921
119,0.876190476
119,0.934920635
119,0.580952381
119,0.598412698
119,0.419047619
119,0.765079365
119,0.923214286
119,0.5
119,0.641269841
119,0.957142857
119,0.831746032
119,0.911111111
119,0.26984127
119,0.879365079
119,0.965079365
119,0.568253968
119,0.961904762
119,0.087301587
120,0.928571429
120,0.932142857
120,0.971428571
120,0.589285714
120,0.594642857
120,0.766071429
120,0.908928571
120,0.919642857
120,0.839285714
120,0.216071429
120,0.860714286
120,0.907142857
120,0.255357143
120,0.571428571
120,0.635714286
120,0.592857143
120,0.453571429
120,0.789285714
120,0.766071429
120,0.810714286
120,0.378571429
120,0.864285714
120,0.473214286
120,0.846428571
120,0.95
120,0
120,0.846428571
120,0.910714286
120,0.967857143
120,0.646428571
120,0.925
120,0.948214286
120,0.433928571
120,0.816071429
120,0.917857143
120,0.875
120,0.941071429
120,0.955357143
120,0.40952381
120,0.814285714
120,0.423214286
120,0.589285714
120,0.942857143
120,0.239285714
120,0.953571429
120,0.951785714
120,0.844642857
120,0.291071429
120,0.360714286
120,0.851785714
120,0.835714286
120,0.651785714
120,0.298214286
120,0.516071429
120,0.853571429
120,0.864285714
120,0.175510204
120,0.85
120,0.766071429
120,0.848214286
120,0.405357143
120,0.842857143
120,0.342857143
120,0.910714286
120,0.948214286
120,0.878571429
120,0.892857143
120,0.953571429
120,0.867857143
120,0.9375
120,0.310714286
120,0.823214286
120,0.7625
120,0.578571429
120,0.969642857
120,0.767857143
120,0.389285714
120,0.235714286
120,0.957142857
120,0.958928571
120,0.883928571
120,0.573214286
120,0.435714286
120,0.930357143
120,0.208928571
120,0.964285714
120,0.933928571
120,0.560714286
120,0.289285714
120,0.914285714
120,0.983333333
120,0.307142857
120,0.964285714
120,0.919642857
120,0.901785714
120,0.858928571
120,0.144642857
120,0.960714286
120,0.667857143
120,0.932142857
120,0.3375
120,0
120,0.719642857
120,0.857142857
120,0.8875
120,0
120,0.9375
120,0.969642857
120,0.994642857
120,0.857142857
120,0.760714286
120,0.958928571
120,0.75
120,0.883928571
120,0.826785714
120,0.948214286
120,0.4875
120,0.908928571
120,0.926785714
120,0.944642857
120,0
120,0.855357143
120,0.489285714
120,0.964285714
120,0.778571429
120,0.782142857
120,0.721428571
120,0.153571429
120,0.957142857
120,0.860714286
120,0.414285714
120,0.858928571
120,0.957142857
120,0.851785714
120,0.917857143
120,0.8125
120,0.9
120,0.858928571
120,0.9625
120,0.383928571
120,0.941071429
120,0.373214286
120,0.896428571
120,0.603571429
120,0.25
120,0.978571429
120,0.905357143
120,0
120,0.364285714
120,0.964285714
120,0.428571429
120,0.789285714
120,0.907142857
120,0.873214286
120,0.816071429
120,0.148214286
120,0.819642857
120,0.901785714
120,0.807142857
120,0.241071429
120,0.325
120,0.928571429
120,0.95
120,0.255357143
120,0.866071429
120,0.857142857
120,0.996428571
120,0.528571429
120,0.960714286
120,0.958928571
120,0.760714286
120,0.9625
120,0.844642857
120,0.9625
120,0.417857143
120,0.960714286
120,0.316071429
120,0.883928571
120,0.891071429
120,0.785714286
120,0.923214286
120,0.926785714
120,0.9125
120,0.971428571
120,0.883928571
120,0.908928571
120,0.896428571
120,0.3125
120,0.882142857
120,0.832142857
120,0.896428571
120,0.630357143
120,0.4375
120,0.444642857
120,0.805357143
120,0.940816327
120,0.491071429
120,0.653571429
120,0.930357143
120,0.842857143
120,0.941071429
120,0.698214286
120,0.883928571
120,0.960714286
120,0.621428571
120,0.928571429
120,0.157142857
121,0.916071429
121,0.933928571
121,0.982142857
121,0.473214286
121,0.373214286
121,0.785714286
121,0.933928571
121,0.910714286
121,0.846428571
121,0.251785714
121,0.855357143
121,0.892857143
121,0.348214286
121,0.532142857
121,0.682142857
121,0.408928571
121,0.45
121,0.685714286
121,0.776785714
121,0.839285714
121,0.305357143
121,0.891071429
121,0.269642857
121,0.860714286
121,0.948214286
121,0
121,0.839285714
121,0.908928571
121,0.982142857
121,0.660714286
121,0.844642857
121,0.919642857
121,0.471428571
121,0.728571429
121,0.955357143
121,0.867857143
121,0.930357143
121,0.946428571
121,0.3375
121,0.805357143
121,0.691071429
121,0.539285714
121,0.958928571
121,0.346428571
121,0.942857143
121,0.960714286
121,0.876785714
121,0.4
121,0.373214286
121,0.873214286
121,0.846428571
121,0.630357143
121,0.407142857
121,0.642857143
121,0.892857143
121,0.857142857
121,0.228571429
121,0.808928571
121,0.808928571
121,0.8625
121,0.305357143
121,0.567857143
121,0.467857143
121,0.903571429
121,0.964285714
121,0.814285714
121,0.946428571
121,0.948214286
121,0.610714286
121,0.916071429
121,0.6125
121,0.925
121,0.725
121,0.4625
121,0.957142857
121,0.767857143
121,0.246428571
121,0.214285714
121,0.969642857
121,0.960714286
121,0.866071429
121,0.5625
121,0.407142857
121,0.892857143
121,0.205357143
121,0.9375
121,0.932142857
121,0.460714286
121,0.275
121,0.944642857
121,0.9625
121,0.282142857
121,0.95
121,0.907142857
121,0.917857143
121,0.838095238
121,0.255357143
121,0.951785714
121,0.355357143
121,0.9625
121,0.319642857
121,0
121,0.644642857
121,0.719642857
121,0.919642857
121,0
121,0.9375
121,0.985714286
121,0.958928571
121,0.830357143
121,0.785714286
121,0.955357143
121,0.7625
121,0.878571429
121,0.825
121,0.905357143
121,0.592857143
121,0.848214286
121,0.917857143
121,0.951785714
121,0
121,0.876785714
121,0.883928571
121,0.960714286
121,0.778571429
121,0.810714286
121,0.805357143
121,0.280357143
121,0.942857143
121,0.871428571
121,0.641071429
121,0.814285714
121,0.957142857
121,0.818367347
121,0.9
121,0.832142857
121,0.778571429
121,0.833928571
121,0.95
121,0.310204082
121,0.730357143
121,0.496428571
121,0.869642857
121,0.696428571
121,0.241071429
121,0.973214286
121,0.921428571
121,0
121,0.383928571
121,0.973469388
121,0.697959184
121,0.819642857
121,0.853571429
121,0.903571429
121,0.830357143
121,0.266071429
121,0.816071429
121,0.908928571
121,0.748214286
121,0.4125
121,0.3375
121,0.930357143
121,0.941071429
121,0.396428571
121,0.846428571
121,0.903571429
121,0.992857143
121,0.855357143
121,0.958928571
121,0.955357143
121,0.742857143
121,0.964285714
121,0.891071429
121,0.955357143
121,0.344642857
121,0.971428571
121,0.271428571
121,0.8875
121,0.8875
121,0.7875
121,0.889285714
121,0.919642857
121,0.9125
121,0.973214286
121,0.891071429
121,0.901785714
121,0.882142857
121,0.325
121,0.910714286
121,0.871428571
121,0.919642857
121,0.585714286
121,0.491071429
121,0.503571429
121,0.767857143
121,0.942857143
121,0.4875
121,0.630357143
121,0.985714286
121,0.7
121,0.955357143
121,0.919642857
121,0.898214286
121,0.973214286
121,0.698214286
121,0.951785714
121,0.241071429
122,0.880952381
122,0.919047619
122,0.96984127
122,0.657142857
122,0.557142857
122,0.766666667
122,0.868253968
122,0.885714286
122,0.80952381
122,0.225396825
122,0.86984127
122,0.884126984
122,0.249206349
122,0.771428571
122,0.774603175
122,0.507936508
122,0.452380952
122,0.650793651
122,0.76031746
122,0.866666667
122,0.411111111
122,0.817460317
122,0.33015873
122,0.823809524
122,0.931746032
122,0
122,0.857142857
122,0.852380952
122,0.977777778
122,0.676190476
122,0.86031746
122,0.855555556
122,0.515873016
122,0.723809524
122,0.934920635
122,0.871428571
122,0.957142857
122,0.934920635
122,0.333333333
122,0.814285714
122,0.671428571
122,0.56031746
122,0.933333333
122,0.311111111
122,0.950793651
122,0.957142857
122,0.885714286
122,0.431746032
122,0.355555556
122,0.850793651
122,0.811111111
122,0.7
122,0.455555556
122,0.787301587
122,0.86984127
122,0.876190476
122,0.244444444
122,0.833333333
122,0.596825397
122,0.853968254
122,0.412698413
122,0.284126984
122,0.622222222
122,0.888888889
122,0.941269841
122,0.877777778
122,0.93015873
122,0.957142857
122,0.331746032
122,0.904761905
122,0.807936508
122,0.920634921
122,0.798412698
122,0.555555556
122,0.965079365
122,0.76031746
122,0.252380952
122,0.238095238
122,0.944444444
122,0.977777778
122,0.850793651
122,0.53968254
122,0.214285714
122,0.925396825
122,0.201587302
122,0.957142857
122,0.906349206
122,0.482539683
122,0.236507937
122,0.920634921
122,0.958730159
122,0.334920635
122,0.977777778
122,0.757142857
122,0.904761905
122,0.851785714
122,0.580952381
122,0.963492063
122,0.328571429
122,0.947619048
122,0.26984127
122,0
122,0.334920635
122,0.368253968
122,0.907936508
122,0
122,0.896825397
122,0.923809524
122,0.947619048
122,0.846031746
122,0.947619048
122,0.931746032
122,0.774603175
122,0.861904762
122,0.476190476
122,0.906349206
122,0.812698413
122,0.801587302
122,0.93968254
122,0.941269841
122,0
122,0.814285714
122,0.957142857
122,0.96031746
122,0.788888889
122,0.8
122,0.771428571
122,0.304761905
122,0.944444444
122,0.857142857
122,0.853968254
122,0.850793651
122,0.952380952
122,0.832142857
122,0.936507937
122,0.86984127
122,0.734920635
122,0.820634921
122,0.947619048
122,0.217857143
122,0.676190476
122,0.431746032
122,0.893650794
122,0.650793651
122,0.242857143
122,0.966666667
122,0.895238095
122,0
122,0.341269841
122,0.957142857
122,0.565079365
122,0.804761905
122,0.86031746
122,0.895238095
122,0.823809524
122,0.23015873
122,0.782539683
122,0.896825397
122,0.787301587
122,0.288888889
122,0.449206349
122,0.934920635
122,0.958730159
122,0.404761905
122,0.842857143
122,0.842857143
122,1
122,0.965079365
122,0.958730159
122,0.949206349
122,0.785714286
122,0.966666667
122,0.885714286
122,0.950793651
122,0.357142857
122,0.952380952
122,0.504761905
122,0.903174603
122,0.936507937
122,0.812698413
122,0.874603175
122,0.893650794
122,0.922222222
122,0.958730159
122,0.912698413
122,0.917460317
122,0.877777778
122,0.477777778
122,0.863492063
122,0.844444444
122,0.907936508
122,0.503174603
122,0.482539683
122,0.363492063
122,0.774603175
122,0.874603175
122,0.488888889
122,0.623809524
122,0.966666667
122,0.623809524
122,0.926984127
122,0.950793651
122,0.903174603
122,0.958730159
122,0.642857143
122,0.982539683
122,0.285714286
123,0.910714286
123,0.910714286
123,0.964285714
123,0.782142857
123,0.517857143
123,0.839285714
123,0.858928571
123,0.926785714
123,0.864285714
123,0.216071429
123,0.8625
123,0.9
123,0.301785714
123,0.894642857
123,0.767857143
123,0.507142857
123,0.455357143
123,0.6125
123,0.725
123,0.901785714
123,0.7
123,0.85
123,0.2875
123,0.828571429
123,0.939285714
123,0
123,0.857142857
123,0.871428571
123,0.969642857
123,0.630357143
123,0.889285714
123,0.917857143
123,0.667857143
123,0.791071429
123,0.971428571
123,0.855357143
123,0.932142857
123,0.944642857
123,0.312244898
123,0.883928571
123,0.448214286
123,0.594642857
123,0.951785714
123,0.273214286
123,0.948214286
123,0.95
123,0.855357143
123,0.383928571
123,0.391071429
123,0.857142857
123,0.8375
123,0.6125
123,0.451785714
123,0.885714286
123,0.855357143
123,0.848214286
123,0.266071429
123,0.85
123,0.860714286
123,0.833928571
123,0.471428571
123,0.26122449
123,0.908928571
123,0.885714286
123,0.933928571
123,0.908928571
123,0.926785714
123,0.953571429
123,0.489285714
123,0.914285714
123,0.683928571
123,0.835714286
123,0.833928571
123,0.605357143
123,0.978571429
123,0.760714286
123,0.310714286
123,0.2375
123,0.951785714
123,0.960714286
123,0.655357143
123,0.576785714
123,0.35
123,0.883928571
123,0.210714286
123,0.948214286
123,0.896428571
123,0.425
123,0.348214286
123,0.955357143
123,0.971428571
123,0.285714286
123,0.946428571
123,0.858928571
123,0.928571429
123,0.832653061
123,0.9
123,0.957142857
123,0.303571429
123,0.926785714
123,0.335714286
123,0
123,0.2875
123,0.560714286
123,0.941071429
123,0
123,0.948214286
123,0.95
123,0.9625
123,0.853571429
123,0.942857143
123,0.951785714
123,0.75
123,0.866071429
123,0.896428571
123,0.9375
123,0.719642857
123,0.633928571
123,0.917857143
123,0.966071429
123,0
123,0.875
123,0.958928571
123,0.9625
123,0.805357143
123,0.771428571
123,0.683928571
123,0.428571429
123,0.933928571
123,0.869642857
123,0.828571429
123,0.871428571
123,0.946428571
123,0.832142857
123,0.901785714
123,0.830357143
123,0.873214286
123,0.832142857
123,0.923214286
123,0.346428571
123,0.614285714
123,0.548214286
123,0.894642857
123,0.801785714
123,0.214285714
123,0.969642857
123,0.903571429
123,0
123,0.375
123,0.979591837
123,0.303571429
123,0.7625
123,0.901785714
123,0.876785714
123,0.825
123,0.323214286
123,0.798214286
123,0.885714286
123,0.814285714
123,0.516071429
123,0.241071429
123,0.875
123,0.935714286
123,0.375
123,0.851785714
123,0.833928571
123,0.980357143
123,0.960714286
123,0.932142857
123,0.957142857
123,0.769642857
123,0.941071429
123,0.905357143
123,0.935714286
123,0.698214286
123,0.975
123,0.951785714
123,0.878571429
123,0.9
123,0.767857143
123,0.873214286
123,0.869642857
123,0.905357143
123,0.966071429
123,0.921428571
123,0.914285714
123,0.880357143
123,0.198214286
123,0.746428571
123,0.816071429
123,0.903571429
123,0.641071429
123,0.821428571
123,0.458928571
123,0.802040816
123,0.475510204
123,0.492857143
123,0.628571429
123,0.946428571
123,0.571428571
123,0.925
123,0.946428571
123,0.880357143
123,0.958928571
123,0.757142857
123,0.958928571
123,0.291071429
124,0.874603175
124,0.917460317
124,0.966666667
124,0.734920635
124,0.452380952
124,0.768253968
124,0.89047619
124,0.911111111
124,0.917460317
124,0.284126984
124,0.86984127
124,0.896825397
124,0.282539683
124,0.944444444
124,0.896825397
124,0.53015873
124,0.465079365
124,0.731746032
124,0.747619048
124,0.896825397
124,0.814285714
124,0.836507937
124,0.458730159
124,0.833333333
124,0.950793651
124,0
124,0.863492063
124,0.885714286
124,0.971428571
124,0.622222222
124,0.882539683
124,0.90952381
124,0.671428571
124,0.803174603
124,0.944444444
124,0.866666667
124,0.922222222
124,0.915873016
124,0.408928571
124,0.871428571
124,0.746031746
124,0.620634921
124,0.914285714
124,0.426984127
124,0.947619048
124,0.955555556
124,0.919047619
124,0.480952381
124,0.392063492
124,0.866666667
124,0.822222222
124,0.582539683
124,0.473015873
124,0.838095238
124,0.819047619
124,0.877777778
124,0.271428571
124,0.83968254
124,0.9
124,0.880952381
124,0.447619048
124,0.228571429
124,0.885714286
124,0.884126984
124,0.922222222
124,0.925396825
124,0.941269841
124,0.934920635
124,0.396825397
124,0.919047619
124,0.441269841
124,0.90952381
124,0.763492063
124,0.452380952
124,0.965079365
124,0.761904762
124,0.458730159
124,0.285714286
124,0.934920635
124,0.949206349
124,0.812698413
124,0.480952381
124,0.328571429
124,0.925396825
124,0.257142857
124,0.934920635
124,0.941269841
124,0.544444444
124,0.507142857
124,0.908928571
124,0.953968254
124,0.279365079
124,0.966666667
124,0.873015873
124,0.903174603
124,0.865079365
124,0.914285714
124,0.955555556
124,0.422222222
124,0.941269841
124,0.30952381
124,0
124,0.288888889
124,0.315873016
124,0.9
124,0
124,0.936507937
124,0.865079365
124,0.984126984
124,0.847619048
124,0.944444444
124,0.938095238
124,0.749206349
124,0.89047619
124,0.949206349
124,0.888888889
124,0.882539683
124,0.615873016
124,0.920634921
124,0.936507937
124,0
124,0.795238095
124,0.963492063
124,0.965079365
124,0.807936508
124,0.796825397
124,0.858730159
124,0.292063492
124,0.93015873
124,0.852380952
124,0.873015873
124,0.846031746
124,0.947619048
124,0.855555556
124,0.919047619
124,0.834920635
124,0.873015873
124,0.817460317
124,0.953968254
124,0.434920635
124,0.711111111
124,0.558730159
124,0.83015873
124,0.863492063
124,0.246031746
124,0.963492063
124,0.907936508
124,0
124,0.336507937
124,0.966666667
124,0.376190476
124,0.865079365
124,0.879365079
124,0.882539683
124,0.795238095
124,0.192063492
124,0.776190476
124,0.853968254
124,0.817460317
124,0.247619048
124,0.380952381
124,0.876190476
124,0.857142857
124,0.307936508
124,0.868253968
124,0.831746032
124,0.992063492
124,0.963492063
124,0.947619048
124,0.952380952
124,0.750793651
124,0.974603175
124,0.925396825
124,0.947619048
124,0.576190476
124,0.96031746
124,0.96984127
124,0.868253968
124,0.914285714
124,0.787301587
124,0.880952381
124,0.877777778
124,0.901785714
124,0.947619048
124,0.888888889
124,0.93968254
124,0.882539683
124,0.352380952
124,0.728571429
124,0.884126984
124,0.873015873
124,0.514285714
124,0.855555556
124,0.446031746
124,0.785714286
124,0.503174603
124,0.487301587
124,0.661904762
124,0.958730159
124,0.70952381
124,0.911111111
124,0.952380952
124,0.920634921
124,0.949206349
124,0.736507937
124,0.976190476
124,0.331746032
125,0.885714286
125,0.953571429
125,0.980357143
125,0.741071429
125,0.5125
125,0.7875
125,0.8875
125,0.901785714
125,0.914285714
125,0.281632653
125,0.751785714
125,0.905357143
125,0.3
125,0.958928571
125,0.767857143
125,0.575
125,0.467857143
125,0.776785714
125,0.857142857
125,0.880357143
125,0.880357143
125,0.785714286
125,0.5
125,0.780357143
125,0.930357143
125,0
125,0.805357143
125,0.880357143
125,0.953571429
125,0.682142857
125,0.791071429
125,0.907142857
125,0.826785714
125,0.807142857
125,0.944642857
125,0.942857143
125,0.957142857
125,0.891071429
125,0.2625
125,0.867857143
125,0.578571429
125,0.594642857
125,0.921428571
125,0.773214286
125,0.946428571
125,0.928571429
125,0.860714286
125,0.476785714
125,0.454761905
125,0.735714286
125,0.755357143
125,0.692857143
125,0.371428571
125,0.853571429
125,0.807142857
125,0.855357143
125,0.357142857
125,0.858928571
125,0.9
125,0.896428571
125,0.473214286
125,0.205357143
125,0.925
125,0.891071429
125,0.944642857
125,0.803571429
125,0.932142857
125,0.955357143
125,0.526785714
125,0.914285714
125,0.333928571
125,0.889285714
125,0.7
125,0.4625
125,0.960714286
125,0.773214286
125,0.558928571
125,0.292857143
125,0.966071429
125,0.955357143
125,0.907142857
125,0.55
125,0.398214286
125,0.935714286
125,0.264285714
125,0.925
125,0.8875
125,0.507142857
125,0.919642857
125,0.948214286
125,0.978571429
125,0.3
125,0.9625
125,0.905357143
125,0.882142857
125,0.87755102
125,0.957142857
125,0.935714286
125,0.448214286
125,0.914285714
125,0.371428571
125,0
125,0.382142857
125,0.542857143
125,0.930357143
125,0
125,0.916071429
125,0.973214286
125,0.942857143
125,0.844642857
125,0.933928571
125,0.9
125,0.807142857
125,0.869642857
125,0.971428571
125,0.907142857
125,0.955357143
125,0.576785714
125,0.928571429
125,0.95
125,0
125,0.785714286
125,0.982142857
125,0.969642857
125,0.830357143
125,0.783928571
125,0.796428571
125,0.319642857
125,0.9
125,0.825
125,0.891071429
125,0.823214286
125,0.95
125,0.826785714
125,0.807142857
125,0.858928571
125,0.860714286
125,0.835714286
125,0.95
125,0.464285714
125,0.844897959
125,0.591071429
125,0.842857143
125,0.882142857
125,0.255357143
125,0.953571429
125,0.869642857
125,0
125,0.467857143
125,0.980952381
125,0.382142857
125,0.846428571
125,0.871428571
125,0.878571429
125,0.8125
125,0.2625
125,0.783928571
125,0.9
125,0.821428571
125,0.339285714
125,0.346428571
125,0.891071429
125,0.896428571
125,0.366071429
125,0.8625
125,0.805357143
125,0.994642857
125,0.966071429
125,0.925
125,0.923214286
125,0.707142857
125,0.935714286
125,0.898214286
125,0.917857143
125,0.723214286
125,0.975
125,0.873214286
125,0.880357143
125,0.901785714
125,0.766071429
125,0.851785714
125,0.8875
125,0.946428571
125,0.958928571
125,0.917857143
125,0.933928571
125,0.930357143
125,0.307142857
125,0.883928571
125,0.914285714
125,0.9
125,0.6125
125,0.8375
125,0.389285714
125,0.778571429
125,0.910714286
125,0.442857143
125,0.635714286
125,0.951785714
125,0.880357143
125,0.897959184
125,0.944642857
125,0.846428571
125,0.948214286
125,0.733928571
125,0.948214286
125,0.260714286
126,0.914285714
126,0.931746032
126,0.961904762
126,0.738095238
126,0.495238095
126,0.782539683
126,0.752380952
126,0.949206349
126,0.877777778
126,0.201785714
126,0.888888889
126,0.898412698
126,0.322222222
126,0.90952381
126,0.876190476
126,0.506349206
126,0.433333333
126,0.779365079
126,0.774603175
126,0.911111111
126,0.861904762
126,0.834920635
126,0.546031746
126,0.821428571
126,0.922222222
126,0
126,0.850793651
126,0.907936508
126,0.965079365
126,0.663492063
126,0.842857143
126,0.941269841
126,0.780952381
126,0.788888889
126,0.947619048
126,0.885714286
126,0.953968254
126,0.926984127
126,0.267857143
126,0.852380952
126,0.834920635
126,0.592063492
126,0.90952381
126,0.849206349
126,0.947619048
126,0.938095238
126,0.865079365
126,0.468253968
126,0.383928571
126,0.868253968
126,0.836507937
126,0.6
126,0.611111111
126,0.831746032
126,0.852380952
126,0.866666667
126,0.333928571
126,0.841269841
126,0.907936508
126,0.849206349
126,0.480952381
126,0.233333333
126,0.831746032
126,0.895238095
126,0.957142857
126,0.838095238
126,0.931746032
126,0.971428571
126,0.580952381
126,0.915873016
126,0.495238095
126,0.855555556
126,0.733333333
126,0.541269841
126,0.957142857
126,0.761904762
126,0.347619048
126,0.344444444
126,0.936507937
126,0.96984127
126,0.926984127
126,0.465079365
126,0.49047619
126,0.919047619
126,0.304761905
126,0.957142857
126,0.928571429
126,0.514285714
126,0.933333333
126,0.936507937
126,0.96984127
126,0.317460317
126,0.952380952
126,0.879365079
126,0.934920635
126,0.8375
126,0.938095238
126,0.952380952
126,0.49047619
126,0.952380952
126,0.465079365
126,0
126,0.403174603
126,0.544444444
126,0.942857143
126,0
126,0.933333333
126,0.979365079
126,0.980952381
126,0.828571429
126,0.938095238
126,0.950793651
126,0.722222222
126,0.888888889
126,0.874603175
126,0.919047619
126,0.882539683
126,0.688888889
126,0.942857143
126,0.926984127
126,0
126,0.83015873
126,0.93968254
126,0.979365079
126,0.385714286
126,0.828571429
126,0.757142857
126,0.255555556
126,0.938095238
126,0.873015873
126,0.841269841
126,0.861904762
126,0.968253968
126,0.752380952
126,0.931746032
126,0.884126984
126,0.834920635
126,0.828571429
126,0.90952381
126,0.49047619
126,0.822222222
126,0.501587302
126,0.863492063
126,0.80952381
126,0.288888889
126,0.961904762
126,0.895238095
126,0
126,0.334920635
126,0.985714286
126,0.433333333
126,0.844444444
126,0.755555556
126,0.803174603
126,0.792063492
126,0.2
126,0.822222222
126,0.885714286
126,0.885714286
126,0.331746032
126,0.420634921
126,0.915873016
126,0.931746032
126,0.480952381
126,0.888888889
126,0.471428571
126,0.884126984
126,0.949206349
126,0.946031746
126,0.926984127
126,0.741269841
126,0.934920635
126,0.923809524
126,0.938095238
126,0.621428571
126,0.944444444
126,0.982539683
126,0.907936508
126,0.879365079
126,0.784126984
126,0.873015873
126,0.86031746
126,0.93968254
126,0.980952381
126,0.844444444
126,0.944444444
126,0.876190476
126,0.303174603
126,0.931746032
126,0.874603175
126,0.903174603
126,0.449206349
126,0.776190476
126,0.498412698
126,0.817460317
126,0.96984127
126,0.420634921
126,0.625396825
126,0.953968254
126,0.874603175
126,0.896825397
126,0.912698413
126,0.776190476
126,0.946031746
126,0.69047619
126,0.944444444
126,0.244444444
127,0.921428571
127,0.95
127,0.978571429
127,0.748214286
127,0.539285714
127,0.803571429
127,0.739285714
127,0.921428571
127,0.892857143
127,0.276785714
127,0.891071429
127,0.907142857
127,0.255357143
127,0.933928571
127,0.919642857
127,0.458928571
127,0.432142857
127,0.744642857
127,0.696428571
127,0.9125
127,0.875
127,0.841071429
127,0.533928571
127,0
127,0.9375
127,0
127,0.816071429
127,0.894642857
127,0.982142857
127,0.646428571
127,0.821428571
127,0.933928571
127,0.8125
127,0.792857143
127,0.941071429
127,0.8875
127,0.951785714
127,0.951785714
127,0.27755102
127,0.855357143
127,0.933928571
127,0.510714286
127,0.932142857
127,0.808928571
127,0.967857143
127,0.957142857
127,0.926785714
127,0.603571429
127,0.33877551
127,0.8625
127,0.821428571
127,0
127,0.435714286
127,0.8625
127,0.869642857
127,0.903571429
127,0.375
127,0.846428571
127,0.9375
127,0.875
127,0.366071429
127,0.223214286
127,0.880357143
127,0.882142857
127,0.9625
127,0.848214286
127,0.9375
127,0.964285714
127,0.501785714
127,0.908928571
127,0.896428571
127,0.932142857
127,0.785714286
127,0.5625
127,0.975
127,0.764285714
127,0.289285714
127,0.360714286
127,0.980357143
127,0.964285714
127,0.939285714
127,0.410714286
127,0.569642857
127,0.923214286
127,0.314285714
127,0.9625
127,0.925
127,0.603571429
127,0.935714286
127,0.9125
127,0.85
127,0.326785714
127,0.982142857
127,0.876785714
127,0.914285714
127,0.873469388
127,0.953571429
127,0.95
127,0.546428571
127,0.928571429
127,0.410714286
127,0
127,0.701785714
127,0.632142857
127,0.932142857
127,0
127,0.953571429
127,0.980357143
127,0.982142857
127,0.839285714
127,0.955357143
127,0.955357143
127,0.742857143
127,0.875
127,0.953571429
127,0.907142857
127,0.907142857
127,0.725
127,0.941071429
127,0.958928571
127,0
127,0.857142857
127,0.953571429
127,0.955357143
127,0
127,0
127,0.7875
127,0.392857143
127,0.930357143
127,0.839285714
127,0.826785714
127,0.8875
127,0.969642857
127,0.848979592
127,0.914285714
127,0.782142857
127,0.8375
127,0.828571429
127,0.928571429
127,0.528571429
127,0.733928571
127,0.630357143
127,0.866071429
127,0.846428571
127,0.2625
127,0.969642857
127,0.792857143
127,0
127,0.398214286
127,0.985714286
127,0.392857143
127,0.742857143
127,0.871428571
127,0.891071429
127,0.807142857
127,0.317857143
127,0.794642857
127,0.9125
127,0.760714286
127,0.330357143
127,0.407142857
127,0.9375
127,0.935714286
127,0.317857143
127,0.860714286
127,0
127,0.991071429
127,0.957142857
127,0.951785714
127,0.944642857
127,0.798214286
127,0.967857143
127,0.894642857
127,0.830357143
127,0
127,0.976785714
127,0.989285714
127,0.905357143
127,0.914285714
127,0.773214286
127,0.889285714
127,0.919642857
127,0.944897959
127,0.964285714
127,0.85
127,0.923214286
127,0.930357143
127,0.376785714
127,0.832142857
127,0.883928571
127,0.941071429
127,0.5125
127,0.801785714
127,0.408928571
127,0.780357143
127,0.9625
127,0.467857143
127,0.630357143
127,0.9625
127,0.841071429
127,0.914285714
127,0.944642857
127,0.901785714
127,0.9625
127,0.732142857
127,0.983928571
127,0.4125
128,0.915873016
128,0.928571429
128,0.985714286
128,0.73015873
128,0.557142857
128,0.680952381
128,0.847619048
128,0.893650794
128,0.888888889
128,0.307142857
128,0.901587302
128,0.9
128,0.228571429
128,0.953968254
128,0.855555556
128,0.506349206
128,0.442857143
128,0.742857143
128,0.771428571
128,0.888888889
128,0.912698413
128,0.868253968
128,0.617460317
128,0
128,0.933333333
128,0
128,0.807936508
128,0.884126984
128,0.982539683
128,0.628571429
128,0.73015873
128,0.919047619
128,0.766666667
128,0.698412698
128,0.949206349
128,0.853968254
128,0.852380952
128,0.944444444
128,0.33968254
128,0.850793651
128,0.936507937
128,0.593650794
128,0.907936508
128,0.650793651
128,0.944444444
128,0.971428571
128,0.911111111
128,0.398412698
128,0.378571429
128,0.847619048
128,0.868253968
128,0
128,0.788888889
128,0.838095238
128,0.866666667
128,0.879365079
128,0.376190476
128,0.80952381
128,0.950793651
128,0.858730159
128,0.534920635
128,0.23015873
128,0.888888889
128,0.888888889
128,0.953968254
128,0.733333333
128,0.938095238
128,0.968253968
128,0.706349206
128,0.926984127
128,0.893650794
128,0.86031746
128,0.841269841
128,0.401587302
128,0.944444444
128,0.776190476
128,0.484126984
128,0.438095238
128,0.96984127
128,0.973015873
128,0.784126984
128,0.401587302
128,0.33968254
128,0.880952381
128,0.63968254
128,0.961904762
128,0.934920635
128,0.542857143
128,0.934920635
128,0.934920635
128,0.953968254
128,0.338095238
128,0.966666667
128,0.866666667
128,0.907936508
128,0.857142857
128,0.934920635
128,0.923809524
128,0.666666667
128,0.925396825
128,0.533333333
128,0
128,0.884126984
128,0.933333333
128,0.931746032
128,0
128,0.957142857
128,0.966666667
128,0.987301587
128,0.846031746
128,0.946031746
128,0.957142857
128,0.8
128,0.879365079
128,0.968253968
128,0.958730159
128,0.957142857
128,0.814285714
128,0.961904762
128,0.93015873
128,0
128,0.850793651
128,0.826984127
128,0.979365079
128,0
128,0
128,0.773015873
128,0.341269841
128,0.915873016
128,0.868253968
128,0.858730159
128,0.86031746
128,0.958730159
128,0.828571429
128,0.912698413
128,0.938095238
128,0.871428571
128,0.763492063
128,0.907936508
128,0.473015873
128,0.979365079
128,0.571428571
128,0.9
128,0.884126984
128,0.271428571
128,0.979365079
128,0.89047619
128,0
128,0.50952381
128,0.979365079
128,0.444444444
128,0.653968254
128,0.892063492
128,0.914285714
128,0.806349206
128,0.255555556
128,0.76031746
128,0.885714286
128,0.76031746
128,0.484126984
128,0.374603175
128,0.906349206
128,0.946031746
128,0.393650794
128,0.882539683
128,0
128,0.96984127
128,0.961904762
128,0.949206349
128,0.96031746
128,0.73968254
128,0.957142857
128,0.911111111
128,0.93968254
128,0
128,0.96031746
128,0.963492063
128,0.877777778
128,0.933333333
128,0.804761905
128,0.887301587
128,0.923809524
128,0.944444444
128,0.977777778
128,0.920634921
128,0.920634921
128,0.906349206
128,0.30952381
128,0.90952381
128,0.882539683
128,0.950793651
128,0.568253968
128,0.8
128,0.415873016
128,0.765079365
128,0.932653061
128,0.46031746
128,0.619047619
128,0.947619048
128,0.9
128,0.925396825
128,0.957142857
128,0.90952381
128,0.96031746
128,0.695238095
128,0.963492063
128,0.415873016
129,0.915873016
129,0.942857143
129,0.974603175
129,0.76031746
129,0.474603175
129,0.785714286
129,0.858730159
129,0.804761905
129,0.912698413
129,0.264285714
129,0.828571429
129,0.907936508
129,0.325396825
129,0.947619048
129,0.744444444
129,0.458730159
129,0.382539683
129,0.833333333
129,0.726984127
129,0.882539683
129,0.953968254
129,0.844444444
129,0.698412698
129,0
129,0.920634921
129,0
129,0.811111111
129,0.887301587
129,0.974603175
129,0.653968254
129,0.866666667
129,0.915873016
129,0.803174603
129,0.73015873
129,0.842857143
129,0.831746032
129,0.96031746
129,0.93968254
129,0.355555556
129,0.865079365
129,0.892063492
129,0.625396825
129,0.976190476
129,0.541071429
129,0.953968254
129,0.96031746
129,0.863492063
129,0.650793651
129,0.498412698
129,0.865079365
129,0.820634921
129,0
129,0.585714286
129,0.847619048
129,0.873015873
129,0.879365079
129,0.493650794
129,0.83015873
129,0.933333333
129,0.836507937
129,0.507936508
129,0.452380952
129,0.866666667
129,0.895238095
129,0.952380952
129,0.765079365
129,0.957142857
129,0.963492063
129,0.963492063
129,0.926984127
129,0.885714286
129,0.741269841
129,0.841269841
129,0.332142857
129,0.953968254
129,0.773015873
129,0.620634921
129,0.79047619
129,0.965079365
129,0.950793651
129,0.93015873
129,0.49047619
129,0.471428571
129,0.915873016
129,0.793650794
129,0.865079365
129,0.901587302
129,0.673015873
129,0.93968254
129,0.938095238
129,0.963492063
129,0.331746032
129,0.946031746
129,0.871428571
129,0.906349206
129,0.834920635
129,0.980952381
129,0.922222222
129,0.83015873
129,0.93968254
129,0.544444444
129,0
129,0.836507937
129,0.914285714
129,0.922222222
129,0
129,0.958730159
129,0.979365079
129,0.984126984
129,0.846031746
129,0.923809524
129,0.957142857
129,0.788888889
129,0.906349206
129,0.955555556
129,0.93968254
129,0.898412698
129,0.774603175
129,0.946031746
129,0.928571429
129,0
129,0.842857143
129,0.944444444
129,0.950793651
129,0
129,0
129,0.698412698
129,0.496825397
129,0.938095238
129,0.852380952
129,0.844444444
129,0.866666667
129,0.976190476
129,0.825396825
129,0.888888889
129,0.847619048
129,0.836507937
129,0.844444444
129,0.885714286
129,0.528571429
129,0.857142857
129,0.46984127
129,0.882539683
129,0.880952381
129,0.261904762
129,0.984126984
129,0.904761905
129,0
129,0.46984127
129,0.958730159
129,0.520634921
129,0.696825397
129,0.877777778
129,0.888888889
129,0.763492063
129,0.261904762
129,0.765079365
129,0.819047619
129,0.833333333
129,0.366666667
129,0.236507937
129,0.814285714
129,0.898412698
129,0.219047619
129,0.877777778
129,0
129,0.858730159
129,0.952380952
129,0.949206349
129,0.950793651
129,0.814285714
129,0.944444444
129,0.910714286
129,0.953968254
129,0
129,0.952380952
129,0.974603175
129,0.911111111
129,0.828571429
129,0.723809524
129,0.85
129,0.885714286
129,0.938095238
129,0.944444444
129,0.906349206
129,0.919047619
129,0.914285714
129,0.323809524
129,0.915873016
129,0.853968254
129,0.915873016
129,0.534920635
129,0.838095238
129,0.520634921
129,0.755555556
129,0.950793651
129,0.43015873
129,0.620634921
129,0.936507937
129,0.928571429
129,0.923809524
129,0.922222222
129,0.9
129,0.961904762
129,0.734920635
129,0.938095238
129,0.682539683
130,0.903571429
130,0.930357143
130,0.978571429
130,0.701785714
130,0.473214286
130,0.769642857
130,0.880357143
130,0.873214286
130,0.925
130,0.360714286
130,0.923214286
130,0.907142857
130,0.296428571
130,0.925
130,0.864285714
130,0.576785714
130,0.330357143
130,0.789285714
130,0.744642857
130,0.876785714
130,0.9625
130,0.864285714
130,0.708928571
130,0
130,0.946428571
130,0
130,0.819642857
130,0.878571429
130,0.982142857
130,0.651785714
130,0.794642857
130,0.930357143
130,0.923214286
130,0.789285714
130,0.933928571
130,0.891071429
130,0.942857143
130,0.9375
130,0.359183673
130,0.871428571
130,0.889285714
130,0.580357143
130,0.942857143
130,0.585714286
130,0.955357143
130,0.964285714
130,0.8625
130,0.3875
130,0.508163265
130,0.851785714
130,0.826785714
130,0
130,0.446428571
130,0.796428571
130,0.844642857
130,0.880357143
130,0.536734694
130,0.832142857
130,0.9125
130,0.866071429
130,0.430357143
130,0.898214286
130,0.939285714
130,0.680357143
130,0.9375
130,0.858928571
130,0.935714286
130,0.953571429
130,0.953571429
130,0.9375
130,0.857142857
130,0.8375
130,0.866071429
130,0.483928571
130,0.944642857
130,0.760714286
130,0.642857143
130,0.951785714
130,0.839285714
130,0.985714286
130,0.821428571
130,0.473214286
130,0.555357143
130,0.926785714
130,0.864285714
130,0.960714286
130,0.925
130,0.605357143
130,0.951785714
130,0.932142857
130,0.982142857
130,0.366071429
130,0.967857143
130,0.903571429
130,0.907142857
130,0.828571429
130,0.978571429
130,0.951785714
130,0.851785714
130,0.930357143
130,0.535714286
130,0
130,0.810714286
130,0.925
130,0.923214286
130,0
130,0.9375
130,0.971428571
130,0.991071429
130,0.844642857
130,0.944642857
130,0.964285714
130,0.792857143
130,0.889285714
130,0.926785714
130,0.910714286
130,0.925
130,0.789285714
130,0.941071429
130,0.935714286
130,0
130,0.883928571
130,0.971428571
130,0.966071429
130,0
130,0
130,0.664285714
130,0.723214286
130,0.926785714
130,0.823214286
130,0.830357143
130,0.8625
130,0.966071429
130,0.864285714
130,0.9
130,0.883928571
130,0.873214286
130,0.841071429
130,0.9
130,0.832142857
130,0.828571429
130,0.544642857
130,0.755357143
130,0.860714286
130,0.264285714
130,0.966071429
130,0.871428571
130,0
130,0.548214286
130,0.991836735
130,0.483928571
130,0.828571429
130,0.866071429
130,0.907142857
130,0.794642857
130,0.275
130,0.810714286
130,0.782142857
130,0.821428571
130,0.292857143
130,0.478571429
130,0.914285714
130,0.921428571
130,0.498214286
130,0.878571429
130,0
130,0.9875
130,0.942857143
130,0.939285714
130,0.933928571
130,0.848214286
130,0.953571429
130,0.908928571
130,0.933928571
130,0
130,0.964285714
130,0.969642857
130,0.883928571
130,0.928571429
130,0.771428571
130,0.9125
130,0.919642857
130,0.923214286
130,0.960714286
130,0.958928571
130,0.933928571
130,0.9
130,0.483928571
130,0.908928571
130,0.767857143
130,0.916071429
130,0.353571429
130,0.8
130,0.353571429
130,0.725
130,0.9125
130,0.4625
130,0.610714286
130,0.917857143
130,0.848214286
130,0.923214286
130,0.946428571
130,0.898214286
130,0.958928571
130,0.725
130,0.946428571
130,0.894642857
131,0.908928571
131,0.932142857
131,0.992857143
131,0.753571429
131,0.566071429
131,0.853571429
131,0.842857143
131,0.925
131,0.9
131,0.439285714
131,0.892857143
131,0.8875
131,0.221428571
131,0.948214286
131,0.85
131,0.571428571
131,0.3875
131,0.726785714
131,0.817857143
131,0.858928571
131,0.957142857
131,0.839285714
131,0.7375
131,0
131,0.933928571
131,0
131,0.816071429
131,0.917857143
131,0.966071429
131,0.653571429
131,0.905357143
131,0.917857143
131,0.926785714
131,0.783928571
131,0.9
131,0.880357143
131,0.946428571
131,0.916071429
131,0.4375
131,0.833928571
131,0.9
131,0.628571429
131,0.780357143
131,0.760714286
131,0.951785714
131,0.944642857
131,0.721428571
131,0.517857143
131,0.785714286
131,0.8625
131,0.830357143
131,0
131,0.583928571
131,0.833928571
131,0.848214286
131,0.846428571
131,0.551020408
131,0.817857143
131,0.910714286
131,0.855357143
131,0.392857143
131,0.8625
131,0.885714286
131,0.896428571
131,0.951785714
131,0.796428571
131,0.9375
131,0.955357143
131,0.9625
131,0.933928571
131,0.883928571
131,0.880357143
131,0.851785714
131,0.553571429
131,0.932142857
131,0.773214286
131,0.4625
131,0.9125
131,0.978571429
131,0.9625
131,0.880357143
131,0.553571429
131,0.494642857
131,0.919642857
131,0.778571429
131,0.951785714
131,0.923214286
131,0.878571429
131,0.926785714
131,0.926785714
131,0.978571429
131,0.35
131,0.944642857
131,0.8875
131,0.8875
131,0.888095238
131,0.992857143
131,0.933928571
131,0.855357143
131,0.905357143
131,0.523214286
131,0
131,0.841071429
131,0.923214286
131,0.860714286
131,0
131,0.923214286
131,0.95
131,0.958928571
131,0.875
131,0.9375
131,0.957142857
131,0.810714286
131,0.891071429
131,0.951785714
131,0.928571429
131,0.935714286
131,0.696428571
131,0.969642857
131,0.914285714
131,0
131,0.858928571
131,0.969642857
131,0.971428571
131,0
131,0
131,0.728571429
131,0.925
131,0.9375
131,0.871428571
131,0.816071429
131,0.885714286
131,0.95
131,0.858928571
131,0.925
131,0.807142857
131,0.871428571
131,0.835714286
131,0.969642857
131,0.871428571
131,0.939285714
131,0.678571429
131,0.876785714
131,0.807142857
131,0.264285714
131,0.971428571
131,0.928571429
131,0
131,0.425
131,0.969642857
131,0.8625
131,0.8125
131,0.8875
131,0.867857143
131,0.748214286
131,0.758928571
131,0.826785714
131,0.864285714
131,0.798214286
131,0.480357143
131,0.423214286
131,0.921428571
131,0.944642857
131,0.426785714
131,0.875
131,0
131,0.960714286
131,0.958928571
131,0.95
131,0.95
131,0.810714286
131,0.964285714
131,0.928571429
131,0.939285714
131,0
131,0.948214286
131,0.969642857
131,0.891071429
131,0.942857143
131,0.796428571
131,0.910714286
131,0.917857143
131,0.951020408
131,0.971428571
131,0.860714286
131,0.935714286
131,0.867857143
131,0.257142857
131,0.910714286
131,0.8625
131,0.914285714
131,0.617857143
131,0.835714286
131,0.4375
131,0.767857143
131,0.951785714
131,0.467857143
131,0.6375
131,0.932142857
131,0.885714286
131,0.948214286
131,0.948214286
131,0.880357143
131,0.966071429
131,0.598214286
131,0.933928571
131,0.896428571
132,0.935714286
132,0.896428571
132,0.964285714
132,0.725
132,0.471428571
132,0.775
132,0.896428571
132,0.892857143
132,0.903571429
132,0.373469388
132,0.851785714
132,0.901785714
132,0.278571429
132,0.948214286
132,0.823214286
132,0.514285714
132,0.435714286
132,0.826785714
132,0.785714286
132,0.891071429
132,0.957142857
132,0.830357143
132,0.696428571
132,0
132,0.914285714
132,0
132,0.780357143
132,0.866071429
132,0.982142857
132,0.641071429
132,0.805357143
132,0.926785714
132,0.917857143
132,0.803571429
132,0.942857143
132,0.898214286
132,0.939285714
132,0.975
132,0.830357143
132,0.8375
132,0.894642857
132,0.783928571
132,0.9375
132,0.648214286
132,0.969642857
132,0.951785714
132,0.867857143
132,0.580357143
132,0.769387755
132,0.903571429
132,0.810714286
132,0
132,0.676785714
132,0.792857143
132,0.857142857
132,0.871428571
132,0.576785714
132,0.833928571
132,0.889285714
132,0.821428571
132,0.471428571
132,0.8375
132,0.8375
132,0.889285714
132,0.959183673
132,0.881632653
132,0.823214286
132,0.948214286
132,0.948214286
132,0.926785714
132,0.880357143
132,0.889285714
132,0.871428571
132,0.535714286
132,0.969642857
132,0.769642857
132,0.4875
132,0.926785714
132,0.932142857
132,0.946428571
132,0.905357143
132,0.623214286
132,0.391071429
132,0.910714286
132,0.803571429
132,0.944642857
132,0.930357143
132,0.946428571
132,0.926785714
132,0.939285714
132,0.964285714
132,0.398214286
132,0.958928571
132,0.907142857
132,0.878571429
132,0.830952381
132,0.996428571
132,0.966071429
132,0.830357143
132,0.946428571
132,0.6125
132,0
132,0.830357143
132,0.875
132,0.916071429
132,0
132,0.946428571
132,0.9375
132,0.989285714
132,0.828571429
132,0.944642857
132,0.910714286
132,0.819642857
132,0.8875
132,0.933928571
132,0.926785714
132,0.921428571
132,0.8875
132,0.933928571
132,0.942857143
132,0
132,0.805357143
132,0.953571429
132,0.955357143
132,0
132,0
132,0.580357143
132,0.9
132,0.941071429
132,0.882142857
132,0.8625
132,0.875
132,0.9625
132,0.902040816
132,0.955357143
132,0.923214286
132,0.891071429
132,0.842857143
132,0.957142857
132,0.902040816
132,0.944642857
132,0.598214286
132,0.9125
132,0.8625
132,0.289285714
132,0.991071429
132,0.896428571
132,0
132,0.619642857
132,0.939285714
132,0.916071429
132,0.830357143
132,0.889285714
132,0.9125
132,0.814285714
132,0.896428571
132,0.728571429
132,0.932142857
132,0.889285714
132,0.641071429
132,0.316071429
132,0.944642857
132,0.969642857
132,0.248214286
132,0.864285714
132,0
132,0.998214286
132,0.9625
132,0.946428571
132,0.942857143
132,0.826785714
132,0.933928571
132,0.917857143
132,0.9375
132,0
132,0.95
132,0.989285714
132,0.853571429
132,0.901785714
132,0.803571429
132,0.896428571
132,0.917857143
132,0.926530612
132,0.964285714
132,0.876785714
132,0.917857143
132,0.9
132,0.3
132,0.939285714
132,0.885714286
132,0.894642857
132,0.632653061
132,0.842857143
132,0.395918367
132,0.773214286
132,0.964285714
132,0.482142857
132,0.632142857
132,0.966071429
132,0.857142857
132,0.9375
132,0.926785714
132,0.9
132,0.95
132,0.725
132,0.95
132,0.905357143
133,0.906349206
133,0.947619048
133,0.985714286
133,0.715873016
133,0.471428571
133,0.761904762
133,0.885714286
133,0.89047619
133,0.86984127
133,0.410714286
133,0.873015873
133,0.882539683
133,0.282539683
133,0.936507937
133,0.804761905
133,0.523214286
133,0.438095238
133,0.779365079
133,0.785714286
133,0.89047619
133,0.949206349
133,0.79047619
133,0.707936508
133,0
133,0.93015873
133,0
133,0.853968254
133,0.874603175
133,0.987301587
133,0.655555556
133,0.815873016
133,0.904761905
133,0.928571429
133,0.801587302
133,0.907936508
133,0.877777778
133,0.950793651
133,0.93015873
133,0.875
133,0.861904762
133,0.911111111
133,0.877777778
133,0.873015873
133,0.684126984
133,0.952380952
133,0.931746032
133,0.887301587
133,0.644444444
133,0.795238095
133,0.857142857
133,0.776190476
133,0
133,0.641269841
133,0.888888889
133,0.861904762
133,0.89047619
133,0.571428571
133,0.842857143
133,0.923809524
133,0.857142857
133,0.566666667
133,0.706349206
133,0.926984127
133,0.907936508
133,0.952380952
133,0.901587302
133,0.911111111
133,0.965079365
133,0.955555556
133,0.933928571
133,0.903174603
133,0.787301587
133,0.901785714
133,0.577777778
133,0.96984127
133,0.774603175
133,0.584126984
133,0.911111111
133,0.93015873
133,0.96031746
133,0.885714286
133,0.446031746
133,0.466666667
133,0.906349206
133,0.8
133,0.938095238
133,0.814285714
133,0.871428571
133,0.938095238
133,0.892063492
133,0.953968254
133,0.450793651
133,0.973015873
133,0.877777778
133,0.895238095
133,0.834693878
133,0.982539683
133,0.961904762
133,0.834920635
133,0.933333333
133,0.925396825
133,0
133,0.865079365
133,0.914285714
133,0.861904762
133,0
133,0.950793651
133,0.976190476
133,0.987301587
133,0.868253968
133,0.947619048
133,0.922222222
133,0.847619048
133,0.895238095
133,0.928571429
133,0.923809524
133,0.947619048
133,0.812698413
133,0.941269841
133,0.923809524
133,0
133,0.823809524
133,0.920634921
133,0.984126984
133,0
133,0
133,0.634920635
133,0.914285714
133,0.947619048
133,0.874603175
133,0.880952381
133,0.858730159
133,0.955555556
133,0.844444444
133,0.885714286
133,0.858730159
133,0.896825397
133,0.842857143
133,0.873015873
133,0.888888889
133,0.895238095
133,0.555555556
133,0.882539683
133,0.847619048
133,0.274603175
133,0.96984127
133,0.89047619
133,0
133,0.923809524
133,0.9625
133,0.877777778
133,0.836507937
133,0.86031746
133,0.892063492
133,0.831746032
133,0.777777778
133,0.814285714
133,0.887301587
133,0.692857143
133,0.507936508
133,0.376190476
133,0.93015873
133,0.936507937
133,0.398412698
133,0.792063492
133,0
133,0.980952381
133,0.971428571
133,0.907936508
133,0.934920635
133,0.857142857
133,0.949206349
133,0.907936508
133,0.93968254
133,0
133,0.971428571
133,0.946031746
133,0.914285714
133,0.93015873
133,0.793650794
133,0.892063492
133,0.919047619
133,0.915873016
133,0.947619048
133,0.877777778
133,0.904761905
133,0.880952381
133,0.296825397
133,0.907936508
133,0.850793651
133,0.938095238
133,0.522222222
133,0.819047619
133,0.468253968
133,0.750793651
133,0.944444444
133,0.441269841
133,0.652380952
133,0.950793651
133,0.849206349
133,0.906349206
133,0.958730159
133,0.885714286
133,0.950793651
133,0.849206349
133,0.977777778
133,0.887301587
134,0.901785714
134,0.953571429
134,0.983928571
134,0.683928571
134,0.623214286
134,0.746428571
134,0.8375
134,0.958928571
134,0.869642857
134,0.423214286
134,0.860714286
134,0.873214286
134,0.319642857
134,0.942857143
134,0.817857143
134,0.641071429
134,0.439285714
134,0.778571429
134,0.769642857
134,0.857142857
134,0.978571429
134,0.846428571
134,0.723214286
134,0
134,0.948214286
134,0
134,0.816071429
134,0.923214286
134,0.967857143
134,0.648979592
134,0.916326531
134,0.95
134,0.946428571
134,0.839285714
134,0.948214286
134,0.826785714
134,0.942857143
134,0.92244898
134,0.923214286
134,0.835714286
134,0.896428571
134,0.894642857
134,0.9
134,0.892857143
134,0.973214286
134,0.917857143
134,0.876785714
134,0.546428571
134,0.7625
134,0.828571429
134,0.823214286
134,0
134,0.698214286
134,0.905357143
134,0.828571429
134,0.878571429
134,0.5875
134,0.825
134,0.914285714
134,0.830357143
134,0.696428571
134,0.378571429
134,0.905357143
134,0.9125
134,0.957142857
134,0.832142857
134,0.930357143
134,0.953571429
134,0.957142857
134,0.930357143
134,0.883928571
134,0.882142857
134,0.891071429
134,0.430357143
134,0.958928571
134,0.753571429
134,0.7
134,0.914285714
134,0.967857143
134,0.955357143
134,0.898214286
134,0.467857143
134,0.742857143
134,0.930357143
134,0.773214286
134,0.948214286
134,0.905357143
134,0.930357143
134,0.908928571
134,0.944642857
134,0.957142857
134,0.453571429
134,0.944642857
134,0.892857143
134,0.851020408
134,0.82244898
134,0.989285714
134,0.901785714
134,0.866071429
134,0.969642857
134,0.876785714
134,0
134,0.839285714
134,0.919642857
134,0.907142857
134,0
134,0.903571429
134,0.966071429
134,0.967857143
134,0.828571429
134,0.948214286
134,0.948214286
134,0.825
134,0.885714286
134,0.957142857
134,0.92244898
134,0.939285714
134,0.912244898
134,0.948979592
134,0.939285714
134,0
134,0.782142857
134,0.944642857
134,0.9875
134,0
134,0
134,0.580357143
134,0.976785714
134,0.941071429
134,0.8375
134,0.908928571
134,0.869642857
134,0.935714286
134,0.857142857
134,0.916071429
134,0.869642857
134,0.908928571
134,0.844642857
134,0.932142857
134,0.892857143
134,0.978571429
134,0.564285714
134,0.891071429
134,0.867857143
134,0.283928571
134,0.958928571
134,0.892857143
134,0
134,0.928571429
134,0.996428571
134,0.903571429
134,0.758928571
134,0.921428571
134,0.876785714
134,0.792857143
134,0.914285714
134,0.760714286
134,0.880357143
134,0.873214286
134,0.794642857
134,0.321428571
134,0.9125
134,0.817857143
134,0.283928571
134,0.883928571
134,0
134,1
134,0.976785714
134,0.908928571
134,0.917857143
134,0.860714286
134,0.921428571
134,0.907142857
134,0.907142857
134,0
134,0.951785714
134,0.967857143
134,0.919642857
134,0.926785714
134,0.744642857
134,0.891071429
134,0.885714286
134,0.878571429
134,0.933928571
134,0.917857143
134,0.903571429
134,0.891071429
134,0.308928571
134,0.898214286
134,0.8625
134,0.925
134,0.635714286
134,0.766071429
134,0.458928571
134,0.798214286
134,0.935714286
134,0.480357143
134,0.614285714
134,0.917857143
134,0.889285714
134,0.916071429
134,0.953571429
134,0.832142857
134,0.95
134,0.8375
134,0.951785714
134,0.914285714
135,0.938095238
135,0.842857143
135,0.882539683
135,0.746031746
135,0.482539683
135,0.766666667
135,0.865079365
135,0.876190476
135,0.915873016
135,0.498214286
135,0.865079365
135,0.904761905
135,0.268253968
135,0.941269841
135,0.804761905
135,0.496825397
135,0.417460317
135,0.841269841
135,0.763492063
135,0.785714286
135,0.861904762
135,0.86031746
135,0.620634921
135,0
135,0.914285714
135,0
135,0.765079365
135,0.873015873
135,0.99047619
135,0.649206349
135,0.838095238
135,0.917460317
135,0.942857143
135,0.793650794
135,0.958730159
135,0.844444444
135,0.934920635
135,0.952380952
135,0.923809524
135,0.73968254
135,0.928571429
135,0.919047619
135,0.861904762
135,0.925396825
135,0.950793651
135,0.928571429
135,0.879365079
135,0.717460317
135,0.76122449
135,0.888888889
135,0.833333333
135,0
135,0.707936508
135,0.871428571
135,0.874603175
135,0.852380952
135,0.568253968
135,0.807936508
135,0.915873016
135,0.879365079
135,0.619047619
135,0.136507937
135,0.928571429
135,0.922222222
135,0.953968254
135,0.861904762
135,0.950793651
135,0.858730159
135,0.953968254
135,0.934920635
135,0.9
135,0.863492063
135,0.922222222
135,0.366666667
135,0.931746032
135,0.768253968
135,0.784126984
135,0.89047619
135,0.971428571
135,0.96031746
135,0.90952381
135,0.696825397
135,0.938095238
135,0.912698413
135,0.736507937
135,0.971428571
135,0.911111111
135,0.947619048
135,0.93015873
135,0.942857143
135,0.941269841
135,0.431746032
135,0.968253968
135,0.892063492
135,0.896825397
135,0.878571429
135,0.980952381
135,0.846031746
135,0.841269841
135,0.93968254
135,0.914285714
135,0
135,0.871428571
135,0.931746032
135,0.906349206
135,0
135,0.952380952
135,0.926984127
135,0.985714286
135,0.820634921
135,0.949206349
135,0.973015873
135,0.785714286
135,0.9
135,0.946031746
135,0.928571429
135,0.920634921
135,0.80952381
135,0.941269841
135,0.896825397
135,0
135,0.885714286
135,0.958730159
135,0.974603175
135,0
135,0
135,0.66031746
135,0.998412698
135,0.819047619
135,0.892063492
135,0.915873016
135,0.874603175
135,0.974603175
135,0.889285714
135,0.942857143
135,0.923809524
135,0.86984127
135,0.858730159
135,0.931746032
135,0.901587302
135,0.942857143
135,0.598412698
135,0.920634921
135,0.86031746
135,0.263492063
135,0.988888889
135,0.887301587
135,0
135,0.944444444
135,0.993650794
135,0.865079365
135,0.836507937
135,0.887301587
135,0.903174603
135,0.720634921
135,0.812698413
135,0.803174603
135,0.907936508
135,0.785714286
135,0.806349206
135,0.414285714
135,0.915873016
135,0.93968254
135,0.384126984
135,0.895238095
135,0
135,1
135,0.944444444
135,0.936507937
135,0.936507937
135,0.855555556
135,0.931746032
135,0.917460317
135,0.931746032
135,0
135,0.938095238
135,0.96984127
135,0.882539683
135,0.93968254
135,0.785714286
135,0.863492063
135,0.887301587
135,0.842857143
135,0.944444444
135,0.882539683
135,0.952380952
135,0.931746032
135,0.441269841
135,0.917460317
135,0.844444444
135,0.915873016
135,0.607936508
135,0.815873016
135,0.406349206
135,0.777777778
135,0.95
135,0.474603175
135,0.638095238
135,0.952380952
135,0.850793651
135,0.887301587
135,0.950793651
135,0.86984127
135,0.83015873
135,0.707936508
135,0.934920635
135,0.903174603
136,0.946428571
136,0.941071429
136,0.989285714
136,0.664285714
136,0.508928571
136,0.735714286
136,0.869642857
136,0.932142857
136,0.919642857
136,0.433928571
136,0.860714286
136,0.910714286
136,0.266071429
136,0.948214286
136,0.742857143
136,0.516071429
136,0.442857143
136,0.817857143
136,0.807142857
136,0.858928571
136,0.971428571
136,0.860714286
136,0.707142857
136,0
136,0.923214286
136,0
136,0.830357143
136,0.801785714
136,0.985714286
136,0.6375
136,0.758928571
136,0.898214286
136,0.964285714
136,0.751785714
136,0.9375
136,0.894642857
136,0.967857143
136,0.928571429
136,0.908928571
136,0.830357143
136,0.892857143
136,0.892857143
136,0.883928571
136,0.885714286
136,0.942857143
136,0.951785714
136,0.867857143
136,0.855357143
136,0.751785714
136,0.855357143
136,0.828571429
136,0
136,0.6375
136,0.864285714
136,0.855357143
136,0.871428571
136,0.541071429
136,0.810714286
136,0.9
136,0.9125
136,0.871428571
136,0.2375
136,0.889285714
136,0.930357143
136,0.946428571
136,0.908928571
136,0.9375
136,0.964285714
136,0.942857143
136,0.951785714
136,0.878571429
136,0.910714286
136,0.848214286
136,0.325
136,0.946428571
136,0.7875
136,0.775
136,0.95
136,0.975
136,0.982142857
136,0.866071429
136,0.660714286
136,0.907142857
136,0.916071429
136,0.814285714
136,0.9625
136,0.925
136,0.889285714
136,0.941071429
136,0.95
136,0.980357143
136,0.467857143
136,0.971428571
136,0.896428571
136,0.898214286
136,0.865306122
136,0.9875
136,0.944642857
136,0.841071429
136,0.901785714
136,0.748214286
136,0
136,0.851020408
136,0.908928571
136,0.926785714
136,0
136,0.9375
136,0.980357143
136,0.994642857
136,0.855357143
136,0.958928571
136,0.917857143
136,0.773214286
136,0.907142857
136,0.95
136,0.953571429
136,0.946428571
136,0.535714286
136,0.921428571
136,0.917857143
136,0
136,0.8
136,0.953571429
136,0.9875
136,0
136,0
136,0.646428571
136,0.996428571
136,0.905357143
136,0.869642857
136,0.855357143
136,0.889285714
136,0.969642857
136,0.826785714
136,0.930357143
136,0.9125
136,0.894642857
136,0.875
136,0.833928571
136,0.907142857
136,0.808928571
136,0.551785714
136,0.875
136,0.851785714
136,0.291071429
136,0.982142857
136,0.8875
136,0
136,0.9
136,0.969642857
136,0.821428571
136,0.8125
136,0.867857143
136,0.9
136,0.808928571
136,0.919642857
136,0.7625
136,0.876785714
136,0.853571429
136,0.951785714
136,0.339285714
136,0.907142857
136,0.925
136,0.366071429
136,0.896428571
136,0
136,0.957142857
136,0.973214286
136,0.916071429
136,0.923214286
136,0.860714286
136,0.9375
136,0.9125
136,0.917857143
136,0
136,0.955357143
136,0.948214286
136,0.908928571
136,0.928571429
136,0.7875
136,0.880357143
136,0.851785714
136,0.933928571
136,0.966071429
136,0.926785714
136,0.926785714
136,0.908928571
136,0.316071429
136,0.878571429
136,0.867857143
136,0.935714286
136,0.444642857
136,0.755357143
136,0.417857143
136,0.782142857
136,0.9125
136,0.451785714
136,0.644642857
136,0.9375
136,0.876785714
136,0.925
136,0.930357143
136,0.885714286
136,0.941071429
136,0.833928571
136,0.939285714
136,0.907142857
137,0.915873016
137,0.942857143
137,0.974603175
137,0.641269841
137,0.515873016
137,0.795238095
137,0.844444444
137,0.911111111
137,0.903174603
137,0.363492063
137,0.906349206
137,0.89047619
137,0.228571429
137,0.933333333
137,0.814285714
137,0.555555556
137,0.344444444
137,0.801587302
137,0.785714286
137,0.877777778
137,0.93968254
137,0.873015873
137,0.666666667
137,0
137,0.938095238
137,0
137,0.812698413
137,0.874603175
137,0.976190476
137,0.7
137,0.880952381
137,0.93015873
137,0.904761905
137,0.812698413
137,0.949206349
137,0.876190476
137,0.961904762
137,0.928571429
137,0.910714286
137,0.822222222
137,0.807936508
137,0.86031746
137,0.904761905
137,0.876190476
137,0.858730159
137,0.828571429
137,0.901587302
137,0.703174603
137,0.773015873
137,0.757142857
137,0.86031746
137,0
137,0.631746032
137,0.792063492
137,0.734920635
137,0.847619048
137,0.573015873
137,0.815873016
137,0.771428571
137,0.855555556
137,0.815873016
137,0.26031746
137,0.866666667
137,0.904761905
137,0.952380952
137,0.888888889
137,0.925396825
137,0.958730159
137,0.938095238
137,0.917460317
137,0.876190476
137,0.815873016
137,0.787301587
137,0.6
137,0.944444444
137,0.695238095
137,0.723809524
137,0.926984127
137,0.982539683
137,0.941269841
137,0.915873016
137,0.647619048
137,0.722222222
137,0.922222222
137,0.79047619
137,0.955555556
137,0.938095238
137,0.887301587
137,0.936507937
137,0.926984127
137,0.958730159
137,0.484126984
137,0.955555556
137,0.877777778
137,0.887301587
137,0.857142857
137,0.993650794
137,0.923809524
137,0.776190476
137,0.93968254
137,0.852380952
137,0
137,0.734920635
137,0.815873016
137,0.911111111
137,0
137,0.928571429
137,0.977777778
137,0.979365079
137,0.850793651
137,0.834920635
137,0.828571429
137,0.834920635
137,0.865079365
137,0.938095238
137,0.912698413
137,0.925396825
137,0.79047619
137,0.966666667
137,0.903174603
137,0
137,0.887301587
137,0.96984127
137,0.96984127
137,0
137,0
137,0.844444444
137,0.971428571
137,0.925396825
137,0.831746032
137,0.866666667
137,0.877777778
137,0.957142857
137,0.826984127
137,0.811111111
137,0.849206349
137,0.904761905
137,0.828571429
137,0.86984127
137,0.90952381
137,0.844444444
137,0.611111111
137,0.861904762
137,0.874603175
137,0.266666667
137,0.979365079
137,0.903174603
137,0
137,0.841269841
137,0.968253968
137,0.844444444
137,0.771428571
137,0.895238095
137,0.884126984
137,0.815873016
137,0.86984127
137,0.83015873
137,0.887301587
137,0.857142857
137,0.931746032
137,0.414285714
137,0.934920635
137,0.938095238
137,0.517460317
137,0.858730159
137,0
137,0.941269841
137,0.849206349
137,0.83015873
137,0.950793651
137,0.86031746
137,0.931746032
137,0.852380952
137,0.819047619
137,0
137,0.846031746
137,0.982539683
137,0.906349206
137,0.93015873
137,0.755555556
137,0.879365079
137,0.804761905
137,0.938095238
137,0.977777778
137,0.857142857
137,0.904761905
137,0.906349206
137,0.314285714
137,0.915873016
137,0.885714286
137,0.871428571
137,0.592063492
137,0.793650794
137,0.468253968
137,0.728571429
137,0.957142857
137,0.452380952
137,0.631746032
137,0.926984127
137,0.874603175
137,0.822222222
137,0.96031746
137,0.782539683
137,0.947619048
137,0.712698413
137,0.915873016
137,0.884126984
138,0.908928571
138,0.901785714
138,0.955357143
138,0.75
138,0.605357143
138,0.789285714
138,0.855357143
138,0.8625
138,0.919642857
138,0.314285714
138,0.869642857
138,0.908928571
138,0.382142857
138,0.946428571
138,0.867857143
138,0.533928571
138,0.407142857
138,0.857142857
138,0.8125
138,0.914285714
138,0.969642857
138,0.819642857
138,0.7
138,0
138,0.941071429
138,0
138,0.792857143
138,0.842857143
138,0.978571429
138,0.628571429
138,0.919642857
138,0.928571429
138,0.935714286
138,0.810714286
138,0.941071429
138,0.908928571
138,0.946428571
138,0.930357143
138,0.914285714
138,0.8625
138,0.910714286
138,0.903571429
138,0.882142857
138,0.873214286
138,0.971428571
138,0.933928571
138,0.833928571
138,0.769642857
138,0.803571429
138,0.85
138,0.803571429
138,0
138,0.548214286
138,0.846428571
138,0.871428571
138,0.883928571
138,0.573214286
138,0.810714286
138,0.921428571
138,0.876785714
138,0.821428571
138,0.260714286
138,0.880357143
138,0.883928571
138,0.948214286
138,0.894642857
138,0.957142857
138,0.948214286
138,0.978571429
138,0.910714286
138,0.908928571
138,0.776785714
138,0.832142857
138,0.580357143
138,0.973214286
138,0.758928571
138,0.701785714
138,0.95
138,0.948214286
138,0.95
138,0.933928571
138,0.607142857
138,0.85
138,0.916071429
138,0.82244898
138,0.941071429
138,0.923214286
138,0.942857143
138,0.941071429
138,0.9375
138,0.960714286
138,0.469642857
138,0.926785714
138,0.883928571
138,0.928571429
138,0.834285714
138,0.957142857
138,0.982142857
138,0.832142857
138,0.960714286
138,0.894642857
138,0
138,0.848214286
138,0.930357143
138,0.925
138,0
138,0.921428571
138,0.955357143
138,0.951785714
138,0.823214286
138,0.95
138,0.9375
138,0.796428571
138,0.751785714
138,0.955357143
138,0.932142857
138,0.966071429
138,0.948214286
138,0.914285714
138,0.946428571
138,0
138,0.882142857
138,0.921428571
138,0.944642857
138,0
138,0
138,0.844642857
138,0.975
138,0.941071429
138,0.839285714
138,0.883928571
138,0.871428571
138,0.958928571
138,0.873214286
138,0.916071429
138,0.846428571
138,0.916071429
138,0.825
138,0.894642857
138,0.83877551
138,0.716071429
138,0.608928571
138,0.891071429
138,0.851785714
138,0.289285714
138,0.975
138,0.907142857
138,0
138,0.894642857
138,0.964285714
138,0.876785714
138,0.823214286
138,0.896428571
138,0.860714286
138,0.826785714
138,0.880357143
138,0.75
138,0.928571429
138,0.857142857
138,0.7625
138,0.271428571
138,0.966071429
138,0.960714286
138,0.346428571
138,0.839285714
138,0
138,0.982142857
138,0.960714286
138,0.925
138,0.955357143
138,0.783928571
138,0.939285714
138,0.928571429
138,0.917857143
138,0
138,0.9625
138,0.960714286
138,0.851785714
138,0.925
138,0.766071429
138,0.892857143
138,0.926785714
138,0.924489796
138,0.978571429
138,0.908928571
138,0.921428571
138,0.930357143
138,0.398214286
138,0.942857143
138,0.863265306
138,0.803571429
138,0.491071429
138,0.832142857
138,0.480357143
138,0.764285714
138,0.966071429
138,0.4625
138,0.625
138,0.969642857
138,0.871428571
138,0.921428571
138,0.944642857
138,0.848214286
138,0.951785714
138,0.742857143
138,0.964285714
138,0.889285714
139,0.879365079
139,0.936507937
139,0.974603175
139,0.734920635
139,0.519047619
139,0.788888889
139,0.884126984
139,0.888888889
139,0.907936508
139,0.479365079
139,0.796825397
139,0.896825397
139,0.307936508
139,0.920634921
139,0.755555556
139,0.553968254
139,0.342857143
139,0.822222222
139,0.742857143
139,0.895238095
139,0.976190476
139,0.857142857
139,0.695238095
139,0
139,0.919047619
139,0
139,0.817460317
139,0.866666667
139,0.988888889
139,0.566666667
139,0.820634921
139,0.923809524
139,0.952380952
139,0.811111111
139,0.936507937
139,0.865079365
139,0.906349206
139,0.906349206
139,0.893650794
139,0.866666667
139,0.907936508
139,0.906349206
139,0.912698413
139,0.901587302
139,0.971428571
139,0.938095238
139,0.863492063
139,0.693650794
139,0.778571429
139,0.796825397
139,0.846031746
139,0
139,0.885714286
139,0.892063492
139,0.820634921
139,0.877777778
139,0.551785714
139,0.842857143
139,0.866666667
139,0.877777778
139,0.847619048
139,0.652380952
139,0.895238095
139,0.89047619
139,0.933333333
139,0.868253968
139,0.938095238
139,0.938095238
139,0.961904762
139,0.919047619
139,0.861904762
139,0.923809524
139,0.822222222
139,0.611111111
139,0.971428571
139,0.779365079
139,0.73015873
139,0.931746032
139,0.93015873
139,0.96984127
139,0.93015873
139,0.544444444
139,0.841269841
139,0.9
139,0.814285714
139,0.96984127
139,0.933928571
139,0.944642857
139,0.933333333
139,0.923809524
139,0.966666667
139,0.461904762
139,0.968253968
139,0.920634921
139,0.926984127
139,0.821428571
139,0.880952381
139,0.961904762
139,0.806349206
139,0.936507937
139,0.912698413
139,0
139,0.833333333
139,0.926984127
139,0.904761905
139,0
139,0.96031746
139,0.86031746
139,0.879365079
139,0.871428571
139,0.955555556
139,0.904761905
139,0.774603175
139,0.8
139,0.914285714
139,0.89047619
139,0.923809524
139,0.923809524
139,0.920634921
139,0.952380952
139,0
139,0.83015873
139,0.941269841
139,0.942857143
139,0
139,0
139,0.761904762
139,0.947619048
139,0.936507937
139,0.873015873
139,0.888888889
139,0.850793651
139,0.973015873
139,0.858928571
139,0.834920635
139,0.828571429
139,0.893650794
139,0.841269841
139,0.823809524
139,0.894642857
139,0.914285714
139,0.879365079
139,0.817460317
139,0.831746032
139,0.266666667
139,0.944444444
139,0.880952381
139,0
139,0.903174603
139,0.942857143
139,0.811111111
139,0.846031746
139,0.90952381
139,0.850793651
139,0.820634921
139,0.723809524
139,0.782539683
139,0.914285714
139,0.85
139,0.526984127
139,0.46031746
139,0.963492063
139,0.96031746
139,0.414285714
139,0.884126984
139,0
139,0.911111111
139,0.957142857
139,0.950793651
139,0.93968254
139,0.782539683
139,0.96031746
139,0.842857143
139,0.955555556
139,0
139,0.968253968
139,0.963492063
139,0.866666667
139,0.933333333
139,0.796825397
139,0.887301587
139,0.879365079
139,0.953968254
139,0.971428571
139,0.911111111
139,0.923809524
139,0.922222222
139,0.396825397
139,0.93015873
139,0.877777778
139,0.825396825
139,0.59047619
139,0.83015873
139,0.379365079
139,0.76984127
139,0.953968254
139,0.60952381
139,0.650793651
139,0.971428571
139,0.879365079
139,0.933333333
139,0.976190476
139,0.857142857
139,0.957142857
139,0.768253968
139,0.958730159
139,0.887301587
140,0.925396825
140,0.944444444
140,0.987301587
140,0.741269841
140,0.633333333
140,0.815873016
140,0.884126984
140,0.912698413
140,0.914285714
140,0.563492063
140,0.896825397
140,0.90952381
140,0.282539683
140,0.942857143
140,0.865079365
140,0.568253968
140,0.315873016
140,0.83968254
140,0.815873016
140,0.904761905
140,0.938095238
140,0.820634921
140,0.665079365
140,0
140,0.901587302
140,0
140,0.782539683
140,0.892063492
140,0.987301587
140,0.642857143
140,0.903174603
140,0.93968254
140,0.911111111
140,0.807936508
140,0.922222222
140,0.9
140,0.93968254
140,0.93015873
140,0.738095238
140,0.887301587
140,0.93015873
140,0.89047619
140,0.86031746
140,0.911111111
140,0.966666667
140,0.952380952
140,0.86031746
140,0.847619048
140,0.817460317
140,0.849206349
140,0.819047619
140,0
140,0.947619048
140,0.83968254
140,0.858730159
140,0.83015873
140,0.577777778
140,0.838095238
140,0.887301587
140,0.858730159
140,0.842857143
140,0.904761905
140,0.893650794
140,0.887301587
140,0.93968254
140,0.863492063
140,0.931746032
140,0.950793651
140,0.953968254
140,0.949206349
140,0.898412698
140,0.874603175
140,0.888888889
140,0.717460317
140,0.974603175
140,0.771428571
140,0.738095238
140,0.949206349
140,0.977777778
140,0.965079365
140,0.893650794
140,0.577777778
140,0.892063492
140,0.906349206
140,0.834920635
140,0.977777778
140,0.919047619
140,0.928571429
140,0.941269841
140,0.942857143
140,0.957142857
140,0.425396825
140,0.917460317
140,0.892063492
140,0.907936508
140,0.842857143
140,0.979365079
140,0.941269841
140,0.788888889
140,0.957142857
140,0.892063492
140,0
140,0.835714286
140,0.911111111
140,0.917460317
140,0
140,0.941269841
140,0.957142857
140,0.988888889
140,0.865079365
140,0.865079365
140,0.926984127
140,0.833333333
140,0.887301587
140,0.942857143
140,0.917460317
140,0.906349206
140,0.93015873
140,0.938095238
140,0.946031746
140,0
140,0.836507937
140,0.957142857
140,0.980952381
140,0
140,0
140,0.777777778
140,0.93015873
140,0.944444444
140,0.855555556
140,0.925396825
140,0.874603175
140,0.968253968
140,0.873015873
140,0.93015873
140,0.868253968
140,0.879365079
140,0.865079365
140,0.736507937
140,0.898214286
140,0.619642857
140,0.925396825
140,0.880952381
140,0.855555556
140,0.279365079
140,0.966666667
140,0.893650794
140,0
140,0.798412698
140,0.992063492
140,0.871428571
140,0.777777778
140,0.79047619
140,0.880952381
140,0.819047619
140,0.844444444
140,0.79047619
140,0.874603175
140,0.879365079
140,0.914285714
140,0.342857143
140,0.904761905
140,0.931746032
140,0.480952381
140,0.882539683
140,0
140,0.242857143
140,0.961904762
140,0.906349206
140,0.922222222
140,0.806349206
140,0.947619048
140,0.888888889
140,0.926984127
140,0
140,0.963492063
140,0.968253968
140,0.903174603
140,0.963492063
140,0.780952381
140,0.876190476
140,0.884126984
140,0.942857143
140,0.952380952
140,0.934920635
140,0.906349206
140,0.880952381
140,0.277777778
140,0.912698413
140,0.86984127
140,0.933333333
140,0.504761905
140,0.850793651
140,0.50952381
140,0.720634921
140,0.857142857
140,0.355555556
140,0.644444444
140,0.942857143
140,0.865079365
140,0.922222222
140,0.974603175
140,0.895238095
140,0.953968254
140,0.817460317
140,0.966666667
140,0.882539683
