time,atten,is_con,is_switch,period_time,prior_up_period_len,prior_down_period_len,prior_max_attns,prior_min_attns,slptime,rssis_m,rssis_std
0,-0.611512012,0.614306045,-0.142140053,-0.181082882,-0.1110156,-0.552597708,-0.268151648,-2.837070626,-3.377628363,-0.141224304,-0.804030394
1,-0.611512012,0.614306045,-0.142140053,-0.180902037,-0.1110156,-0.552597708,-0.268151648,-2.837070626,-3.377628363,-0.141224304,-0.804030394
2,-0.473911739,0.614306045,-0.142140053,-0.180721192,-0.1110156,-0.552597708,-0.268151648,-2.837070626,-3.377628363,-0.305089,-1.099685818
3,-0.473911739,0.614306045,-0.142140053,-0.180540348,-0.1110156,-0.552597708,-0.268151648,-2.837070626,-3.377628363,-0.305089,-1.099685818
4,-0.336311465,0.614306045,-0.142140053,-0.180359503,-0.1110156,-0.552597708,-0.268151648,-2.837070626,-3.377628363,-0.182551809,-1.556837493
5,-0.336311465,0.614306045,-0.142140053,-0.180178658,-0.1110156,-0.552597708,-0.268151648,-2.837070626,-3.377628363,-0.182551809,-1.556837493
6,-0.198711192,0.614306045,-0.142140053,-0.179997814,-0.1110156,-0.552597708,-0.268151648,-2.837070626,-3.377628363,-0.313471879,0.528647917
7,-0.198711192,0.614306045,-0.142140053,-0.179816969,-0.1110156,-0.552597708,-0.268151648,-2.837070626,-3.377628363,-0.313471879,0.528647917
8,-0.061110919,0.614306045,-0.142140053,-0.179636124,-0.1110156,-0.552597708,-0.268151648,-2.837070626,-3.377628363,-0.495418454,0.638409672
9,-0.061110919,0.614306045,-0.142140053,-0.17945528,-0.1110156,-0.552597708,-0.268151648,-2.837070626,-3.377628363,-0.495418454,0.638409672
10,0.076489355,0.614306045,-0.142140053,-0.179274435,-0.1110156,-0.552597708,-0.268151648,-2.837070626,-3.377628363,-0.287596201,0.475905898
11,0.076489355,0.614306045,-0.142140053,-0.17909359,-0.1110156,-0.552597708,-0.268151648,-2.837070626,-3.377628363,-0.287596201,0.475905898
12,0.214089628,0.614306045,-0.142140053,-0.178912746,-0.1110156,-0.552597708,-0.268151648,-2.837070626,-3.377628363,-0.225276461,1.088460372
13,0.214089628,0.614306045,-0.142140053,-0.178731901,-0.1110156,-0.552597708,-0.268151648,-2.837070626,-3.377628363,-0.225276461,1.088460372
14,0.351689901,0.614306045,-0.142140053,-0.178551056,-0.1110156,-0.552597708,-0.268151648,-2.837070626,-3.377628363,-0.38205907,-0.893572516
15,0.351689901,0.614306045,-0.142140053,-0.178370212,-0.1110156,-0.552597708,-0.268151648,-2.837070626,-3.377628363,-0.38205907,-0.893572516
16,0.489290174,0.614306045,-0.142140053,-0.178189367,-0.1110156,-0.552597708,-0.268151648,-2.837070626,-3.377628363,-0.300630395,-0.842633605
17,0.489290174,0.614306045,-0.142140053,-0.178008523,-0.1110156,-0.552597708,-0.268151648,-2.837070626,-3.377628363,-0.300630395,-0.842633605
18,0.626890448,0.614306045,-0.142140053,-0.177827678,-0.1110156,-0.552597708,-0.268151648,-2.837070626,-3.377628363,-0.451371112,1.184507192
19,0.626890448,0.614306045,-0.142140053,-0.177646833,-0.1110156,-0.552597708,-0.268151648,-2.837070626,-3.377628363,-0.451371112,1.184507192
20,0.764490721,0.614306045,-0.142140053,-0.177465989,-0.1110156,-0.552597708,-0.268151648,-2.837070626,-3.377628363,-0.468185485,0.025426383
21,0.764490721,0.614306045,-0.142140053,-0.177285144,-0.1110156,-0.552597708,-0.268151648,-2.837070626,-3.377628363,-0.468185485,0.025426383
22,0.764490721,-1.627853101,7.035314646,-0.181082882,10.72995259,-0.552597708,-0.268151648,-2.837070626,-2.554656521,-0.468185485,0.025426383
23,0.764490721,-1.627853101,-0.142140053,-0.180902037,10.72995259,-0.552597708,-0.268151648,-2.837070626,-2.554656521,-0.468185485,0.025426383
24,0.489290174,-1.627853101,-0.142140053,-0.180721192,10.72995259,-0.552597708,-0.268151648,-2.837070626,-2.554656521,-0.300630395,-0.842633605
25,0.489290174,-1.627853101,-0.142140053,-0.180540348,10.72995259,-0.552597708,-0.268151648,-2.837070626,-2.554656521,-0.300630395,-0.842633605
26,0.489290174,-1.627853101,-0.142140053,-0.180359503,10.72995259,-0.552597708,-0.268151648,-2.837070626,-2.554656521,-0.300630395,-0.842633605
27,0.214089628,-1.627853101,-0.142140053,-0.180178658,10.72995259,-0.552597708,-0.268151648,-2.837070626,-2.554656521,-0.225276461,1.088460372
28,0.214089628,-1.627853101,-0.142140053,-0.179997814,10.72995259,-0.552597708,-0.268151648,-2.837070626,-2.554656521,-0.225276461,1.088460372
29,0.214089628,-1.627853101,-0.142140053,-0.179816969,10.72995259,-0.552597708,-0.268151648,-2.837070626,-2.554656521,-0.225276461,1.088460372
30,-0.061110919,-1.627853101,-0.142140053,-0.179636124,10.72995259,-0.552597708,-0.268151648,-2.837070626,-2.554656521,-0.495418454,0.638409672
31,-0.061110919,-1.627853101,-0.142140053,-0.17945528,10.72995259,-0.552597708,-0.268151648,-2.837070626,-2.554656521,-0.495418454,0.638409672
32,-0.061110919,-1.627853101,-0.142140053,-0.179274435,10.72995259,-0.552597708,-0.268151648,-2.837070626,-2.554656521,-0.495418454,0.638409672
33,-0.336311465,-1.627853101,-0.142140053,-0.17909359,10.72995259,-0.552597708,-0.268151648,-2.837070626,-2.554656521,-0.182551809,-1.556837493
34,-0.336311465,-1.627853101,-0.142140053,-0.178912746,10.72995259,-0.552597708,-0.268151648,-2.837070626,-2.554656521,-0.182551809,-1.556837493
35,-0.336311465,-1.627853101,-0.142140053,-0.178731901,10.72995259,-0.552597708,-0.268151648,-2.837070626,-2.554656521,-0.182551809,-1.556837493
36,-0.611512012,-1.627853101,-0.142140053,-0.178551056,10.72995259,-0.552597708,-0.268151648,-2.837070626,-2.554656521,-0.141224304,-0.804030394
37,-0.611512012,-1.627853101,-0.142140053,-0.178370212,10.72995259,-0.552597708,-0.268151648,-2.837070626,-2.554656521,-0.141224304,-0.804030394
38,-0.611512012,-1.627853101,-0.142140053,-0.178189367,10.72995259,-0.552597708,-0.268151648,-2.837070626,-2.554656521,-0.141224304,-0.804030394
39,-0.886712558,-1.627853101,-0.142140053,-0.178008523,10.72995259,-0.552597708,-0.268151648,-2.837070626,-2.554656521,0.024554351,0.03805528
40,-0.886712558,-1.627853101,-0.142140053,-0.177827678,10.72995259,-0.552597708,-0.268151648,-2.837070626,-2.554656521,0.024554351,0.03805528
41,-0.886712558,-1.627853101,-0.142140053,-0.177646833,10.72995259,-0.552597708,-0.268151648,-2.837070626,-2.554656521,0.024554351,0.03805528
42,-0.886712558,-1.627853101,-0.142140053,-0.177465989,10.72995259,-0.552597708,-0.268151648,-2.837070626,-2.554656521,0.024554351,0.03805528
43,-0.886712558,-1.627853101,-0.142140053,-0.177285144,10.72995259,-0.552597708,-0.268151648,-2.837070626,-2.554656521,0.024554351,0.03805528
44,-0.886712558,-1.627853101,-0.142140053,-0.177104299,10.72995259,-0.552597708,-0.268151648,-2.837070626,-2.554656521,0.024554351,0.03805528
45,-0.886712558,-1.627853101,-0.142140053,-0.176923455,10.72995259,-0.552597708,-0.268151648,-2.837070626,-2.554656521,0.024554351,0.03805528
46,-0.886712558,-1.627853101,-0.142140053,-0.17674261,10.72995259,-0.552597708,-0.268151648,-2.837070626,-2.554656521,0.024554351,0.03805528
47,-0.886712558,-1.627853101,-0.142140053,-0.176561765,10.72995259,-0.552597708,-0.268151648,-2.837070626,-2.554656521,0.024554351,0.03805528
48,-0.886712558,-1.627853101,-0.142140053,-0.176380921,10.72995259,-0.552597708,-0.268151648,-2.837070626,-2.554656521,0.024554351,0.03805528
49,-0.886712558,-1.627853101,-0.142140053,-0.176200076,10.72995259,-0.552597708,-0.268151648,-2.837070626,-2.554656521,0.024554351,0.03805528
50,-0.886712558,-1.627853101,-0.142140053,-0.176019231,10.72995259,-0.552597708,-0.268151648,-2.837070626,-2.554656521,0.024554351,0.03805528
51,-0.886712558,-1.627853101,-0.142140053,-0.175838387,10.72995259,-0.552597708,-0.268151648,-2.837070626,-2.554656521,0.024554351,0.03805528
52,-0.886712558,-1.627853101,-0.142140053,-0.175657542,10.72995259,-0.552597708,-0.268151648,-2.837070626,-2.554656521,0.024554351,0.03805528
53,-0.886712558,-1.627853101,-0.142140053,-0.175476697,10.72995259,-0.552597708,-0.268151648,-2.837070626,-2.554656521,0.024554351,0.03805528
54,-0.886712558,-1.627853101,-0.142140053,-0.175295853,10.72995259,-0.552597708,-0.268151648,-2.837070626,-2.554656521,0.024554351,0.03805528
55,-0.886712558,-1.627853101,-0.142140053,-0.175115008,10.72995259,-0.552597708,-0.268151648,-2.837070626,-2.554656521,0.024554351,0.03805528
56,-0.886712558,-1.627853101,-0.142140053,-0.174934164,10.72995259,-0.552597708,-0.268151648,-2.837070626,-2.554656521,0.024554351,0.03805528
57,-0.886712558,-1.627853101,-0.142140053,-0.174753319,10.72995259,-0.552597708,-0.268151648,-2.837070626,-2.554656521,0.024554351,0.03805528
58,-0.886712558,-1.627853101,-0.142140053,-0.174572474,10.72995259,-0.552597708,-0.268151648,-2.837070626,-2.554656521,0.024554351,0.03805528
59,-0.886712558,-1.627853101,-0.142140053,-0.17439163,10.72995259,-0.552597708,-0.268151648,-2.837070626,-2.554656521,0.024554351,0.03805528
60,-0.886712558,-1.627853101,-0.142140053,-0.174210785,10.72995259,-0.552597708,-0.268151648,-2.837070626,-2.554656521,0.024554351,0.03805528
61,-0.886712558,-1.627853101,-0.142140053,-0.17402994,10.72995259,-0.552597708,-0.268151648,-2.837070626,-2.554656521,0.024554351,0.03805528
62,-0.886712558,-1.627853101,-0.142140053,-0.173849096,10.72995259,-0.552597708,-0.268151648,-2.837070626,-2.554656521,0.024554351,0.03805528
63,-0.886712558,-1.627853101,-0.142140053,-0.173668251,10.72995259,-0.552597708,-0.268151648,-2.837070626,-2.554656521,0.024554351,0.03805528
64,-0.886712558,-1.627853101,-0.142140053,-0.173487406,10.72995259,-0.552597708,-0.268151648,-2.837070626,-2.554656521,0.024554351,0.03805528
65,-0.886712558,-1.627853101,-0.142140053,-0.173306562,10.72995259,-0.552597708,-0.268151648,-2.837070626,-2.554656521,0.024554351,0.03805528
66,-0.886712558,-1.627853101,-0.142140053,-0.173125717,10.72995259,-0.552597708,-0.268151648,-2.837070626,-2.554656521,0.024554351,0.03805528
67,-0.886712558,-1.627853101,-0.142140053,-0.172944872,10.72995259,-0.552597708,-0.268151648,-2.837070626,-2.554656521,0.024554351,0.03805528
68,-0.886712558,-1.627853101,-0.142140053,-0.172764028,10.72995259,-0.552597708,-0.268151648,-2.837070626,-2.554656521,0.024554351,0.03805528
69,-0.886712558,-1.627853101,-0.142140053,-0.172583183,10.72995259,-0.552597708,-0.268151648,-2.837070626,-2.554656521,0.024554351,0.03805528
70,-0.886712558,-1.627853101,-0.142140053,-0.172402338,10.72995259,-0.552597708,-0.268151648,-2.837070626,-2.554656521,0.024554351,0.03805528
71,-0.886712558,-1.627853101,-0.142140053,-0.172221494,10.72995259,-0.552597708,-0.268151648,-2.837070626,-2.554656521,0.024554351,0.03805528
72,-0.611512012,0.614306045,-0.142140053,-0.181082882,-0.107038886,-0.344897465,-0.613151453,0.639273556,-3.377628363,-0.141224304,-0.804030394
73,-0.611512012,0.614306045,-0.142140053,-0.180902037,-0.107038886,-0.344897465,-0.613151453,0.639273556,-3.377628363,-0.141224304,-0.804030394
74,-0.473911739,0.614306045,-0.142140053,-0.180721192,-0.107038886,-0.344897465,-0.613151453,0.639273556,-3.377628363,-0.305089,-1.099685818
75,-0.473911739,0.614306045,-0.142140053,-0.180540348,-0.107038886,-0.344897465,-0.613151453,0.639273556,-3.377628363,-0.305089,-1.099685818
76,-0.336311465,0.614306045,-0.142140053,-0.180359503,-0.107038886,-0.344897465,-0.613151453,0.639273556,-3.377628363,-0.182551809,-1.556837493
77,-0.336311465,0.614306045,-0.142140053,-0.180178658,-0.107038886,-0.344897465,-0.613151453,0.639273556,-3.377628363,-0.182551809,-1.556837493
78,-0.198711192,0.614306045,-0.142140053,-0.179997814,-0.107038886,-0.344897465,-0.613151453,0.639273556,-3.377628363,-0.313471879,0.528647917
79,-0.198711192,0.614306045,-0.142140053,-0.179816969,-0.107038886,-0.344897465,-0.613151453,0.639273556,-3.377628363,-0.313471879,0.528647917
80,-0.061110919,0.614306045,-0.142140053,-0.179636124,-0.107038886,-0.344897465,-0.613151453,0.639273556,-3.377628363,-0.495418454,0.638409672
81,-0.061110919,0.614306045,-0.142140053,-0.17945528,-0.107038886,-0.344897465,-0.613151453,0.639273556,-3.377628363,-0.495418454,0.638409672
82,0.076489355,0.614306045,-0.142140053,-0.179274435,-0.107038886,-0.344897465,-0.613151453,0.639273556,-3.377628363,-0.287596201,0.475905898
83,0.076489355,0.614306045,-0.142140053,-0.17909359,-0.107038886,-0.344897465,-0.613151453,0.639273556,-3.377628363,-0.287596201,0.475905898
84,0.214089628,0.614306045,-0.142140053,-0.178912746,-0.107038886,-0.344897465,-0.613151453,0.639273556,-3.377628363,-0.225276461,1.088460372
85,0.214089628,0.614306045,-0.142140053,-0.178731901,-0.107038886,-0.344897465,-0.613151453,0.639273556,-3.377628363,-0.225276461,1.088460372
86,0.351689901,0.614306045,-0.142140053,-0.178551056,-0.107038886,-0.344897465,-0.613151453,0.639273556,-3.377628363,-0.38205907,-0.893572516
87,0.351689901,0.614306045,-0.142140053,-0.178370212,-0.107038886,-0.344897465,-0.613151453,0.639273556,-3.377628363,-0.38205907,-0.893572516
88,0.489290174,0.614306045,-0.142140053,-0.178189367,-0.107038886,-0.344897465,-0.613151453,0.639273556,-3.377628363,-0.300630395,-0.842633605
89,0.489290174,-1.627853101,7.035314646,-0.181082882,-0.107038886,-0.344897465,-0.613151453,0.639273556,-2.554656521,-0.300630395,-0.842633605
90,0.489290174,-1.627853101,-0.142140053,-0.180902037,-0.107038886,-0.344897465,-0.613151453,0.639273556,-2.554656521,-0.300630395,-0.842633605
91,0.214089628,-1.627853101,-0.142140053,-0.180721192,-0.107038886,-0.344897465,-0.613151453,0.639273556,-2.554656521,-0.225276461,1.088460372
92,0.214089628,-1.627853101,-0.142140053,-0.180540348,-0.107038886,-0.344897465,-0.613151453,0.639273556,-2.554656521,-0.225276461,1.088460372
93,0.214089628,-1.627853101,-0.142140053,-0.180359503,-0.107038886,-0.344897465,-0.613151453,0.639273556,-2.554656521,-0.225276461,1.088460372
94,-0.061110919,-1.627853101,-0.142140053,-0.180178658,-0.107038886,-0.344897465,-0.613151453,0.639273556,-2.554656521,-0.495418454,0.638409672
95,-0.061110919,-1.627853101,-0.142140053,-0.179997814,-0.107038886,-0.344897465,-0.613151453,0.639273556,-2.554656521,-0.495418454,0.638409672
96,-0.061110919,-1.627853101,-0.142140053,-0.179816969,-0.107038886,-0.344897465,-0.613151453,0.639273556,-2.554656521,-0.495418454,0.638409672
97,-0.336311465,-1.627853101,-0.142140053,-0.179636124,-0.107038886,-0.344897465,-0.613151453,0.639273556,-2.554656521,-0.182551809,-1.556837493
98,-0.336311465,-1.627853101,-0.142140053,-0.17945528,-0.107038886,-0.344897465,-0.613151453,0.639273556,-2.554656521,-0.182551809,-1.556837493
99,-0.336311465,-1.627853101,-0.142140053,-0.179274435,-0.107038886,-0.344897465,-0.613151453,0.639273556,-2.554656521,-0.182551809,-1.556837493
100,-0.336311465,0.614306045,7.035314646,-0.181082882,-0.107038886,-0.344897465,-0.613151453,0.639273556,-3.377628363,-0.182551809,-1.556837493
101,-0.198711192,0.614306045,-0.142140053,-0.180902037,-0.107038886,-0.344897465,-0.613151453,0.639273556,-3.377628363,-0.313471879,0.528647917
102,-0.198711192,0.614306045,-0.142140053,-0.180721192,-0.107038886,-0.344897465,-0.613151453,0.639273556,-3.377628363,-0.313471879,0.528647917
103,-0.061110919,0.614306045,-0.142140053,-0.180540348,-0.107038886,-0.344897465,-0.613151453,0.639273556,-3.377628363,-0.495418454,0.638409672
104,-0.061110919,0.614306045,-0.142140053,-0.180359503,-0.107038886,-0.344897465,-0.613151453,0.639273556,-3.377628363,-0.495418454,0.638409672
105,0.076489355,0.614306045,-0.142140053,-0.180178658,-0.107038886,-0.344897465,-0.613151453,0.639273556,-3.377628363,-0.287596201,0.475905898
106,0.076489355,0.614306045,-0.142140053,-0.179997814,-0.107038886,-0.344897465,-0.613151453,0.639273556,-3.377628363,-0.287596201,0.475905898
107,0.214089628,0.614306045,-0.142140053,-0.179816969,-0.107038886,-0.344897465,-0.613151453,0.639273556,-3.377628363,-0.225276461,1.088460372
108,0.214089628,0.614306045,-0.142140053,-0.179636124,-0.107038886,-0.344897465,-0.613151453,0.639273556,-3.377628363,-0.225276461,1.088460372
109,0.351689901,0.614306045,-0.142140053,-0.17945528,-0.107038886,-0.344897465,-0.613151453,0.639273556,-3.377628363,-0.38205907,-0.893572516
110,0.351689901,0.614306045,-0.142140053,-0.179274435,-0.107038886,-0.344897465,-0.613151453,0.639273556,-3.377628363,-0.38205907,-0.893572516
111,0.489290174,0.614306045,-0.142140053,-0.17909359,-0.107038886,-0.344897465,-0.613151453,0.639273556,-3.377628363,-0.300630395,-0.842633605
112,0.489290174,0.614306045,-0.142140053,-0.178912746,-0.107038886,-0.344897465,-0.613151453,0.639273556,-3.377628363,-0.300630395,-0.842633605
113,0.626890448,0.614306045,-0.142140053,-0.178731901,-0.107038886,-0.344897465,-0.613151453,0.639273556,-3.377628363,-0.451371112,1.184507192
114,0.626890448,0.614306045,-0.142140053,-0.178551056,-0.107038886,-0.344897465,-0.613151453,0.639273556,-3.377628363,-0.451371112,1.184507192
115,0.764490721,0.614306045,-0.142140053,-0.178370212,-0.107038886,-0.344897465,-0.613151453,0.639273556,-3.377628363,-0.468185485,0.025426383
116,0.764490721,0.614306045,-0.142140053,-0.178189367,-0.107038886,-0.344897465,-0.613151453,0.639273556,-3.377628363,-0.468185485,0.025426383
117,0.902090994,0.614306045,-0.142140053,-0.178008523,-0.107038886,-0.344897465,-0.613151453,0.639273556,-3.377628363,-0.632213985,0.499142058
118,0.902090994,0.614306045,-0.142140053,-0.177827678,-0.107038886,-0.344897465,-0.613151453,0.639273556,-3.377628363,-0.632213985,0.499142058
119,0.902090994,-1.627853101,7.035314646,-0.181082882,-0.107038886,-0.344897465,-0.095651745,0.639273556,-2.554656521,-0.632213985,0.499142058
120,0.902090994,-1.627853101,-0.142140053,-0.180902037,-0.107038886,-0.344897465,-0.095651745,0.639273556,-2.554656521,-0.632213985,0.499142058
121,0.626890448,-1.627853101,-0.142140053,-0.180721192,-0.107038886,-0.344897465,-0.095651745,0.639273556,-2.554656521,-0.451371112,1.184507192
122,0.626890448,-1.627853101,-0.142140053,-0.180540348,-0.107038886,-0.344897465,-0.095651745,0.639273556,-2.554656521,-0.451371112,1.184507192
123,0.626890448,-1.627853101,-0.142140053,-0.180359503,-0.107038886,-0.344897465,-0.095651745,0.639273556,-2.554656521,-0.451371112,1.184507192
124,0.351689901,-1.627853101,-0.142140053,-0.180178658,-0.107038886,-0.344897465,-0.095651745,0.639273556,-2.554656521,-0.38205907,-0.893572516
125,0.351689901,-1.627853101,-0.142140053,-0.179997814,-0.107038886,-0.344897465,-0.095651745,0.639273556,-2.554656521,-0.38205907,-0.893572516
126,0.351689901,-1.627853101,-0.142140053,-0.179816969,-0.107038886,-0.344897465,-0.095651745,0.639273556,-2.554656521,-0.38205907,-0.893572516
127,0.076489355,-1.627853101,-0.142140053,-0.179636124,-0.107038886,-0.344897465,-0.095651745,0.639273556,-2.554656521,-0.287596201,0.475905898
128,0.076489355,-1.627853101,-0.142140053,-0.17945528,-0.107038886,-0.344897465,-0.095651745,0.639273556,-2.554656521,-0.287596201,0.475905898
129,0.076489355,-1.627853101,-0.142140053,-0.179274435,-0.107038886,-0.344897465,-0.095651745,0.639273556,-2.554656521,-0.287596201,0.475905898
130,-0.198711192,-1.627853101,-0.142140053,-0.17909359,-0.107038886,-0.344897465,-0.095651745,0.639273556,-2.554656521,-0.313471879,0.528647917
131,-0.198711192,-1.627853101,-0.142140053,-0.178912746,-0.107038886,-0.344897465,-0.095651745,0.639273556,-2.554656521,-0.313471879,0.528647917
132,-0.198711192,-1.627853101,-0.142140053,-0.178731901,-0.107038886,-0.344897465,-0.095651745,0.639273556,-2.554656521,-0.313471879,0.528647917
133,-0.198711192,0.614306045,7.035314646,-0.181082882,-0.107038886,-0.288811782,-0.095651745,0.797289201,-3.377628363,-0.313471879,0.528647917
134,-0.061110919,0.614306045,-0.142140053,-0.180902037,-0.107038886,-0.288811782,-0.095651745,0.797289201,-3.377628363,-0.495418454,0.638409672
135,-0.061110919,0.614306045,-0.142140053,-0.180721192,-0.107038886,-0.288811782,-0.095651745,0.797289201,-3.377628363,-0.495418454,0.638409672
136,0.076489355,0.614306045,-0.142140053,-0.180540348,-0.107038886,-0.288811782,-0.095651745,0.797289201,-3.377628363,-0.287596201,0.475905898
137,0.076489355,0.614306045,-0.142140053,-0.180359503,-0.107038886,-0.288811782,-0.095651745,0.797289201,-3.377628363,-0.287596201,0.475905898
138,0.214089628,0.614306045,-0.142140053,-0.180178658,-0.107038886,-0.288811782,-0.095651745,0.797289201,-3.377628363,-0.225276461,1.088460372
139,0.214089628,0.614306045,-0.142140053,-0.179997814,-0.107038886,-0.288811782,-0.095651745,0.797289201,-3.377628363,-0.225276461,1.088460372
140,0.351689901,0.614306045,-0.142140053,-0.179816969,-0.107038886,-0.288811782,-0.095651745,0.797289201,-3.377628363,-0.38205907,-0.893572516
141,0.351689901,0.614306045,-0.142140053,-0.179636124,-0.107038886,-0.288811782,-0.095651745,0.797289201,-3.377628363,-0.38205907,-0.893572516
142,0.489290174,0.614306045,-0.142140053,-0.17945528,-0.107038886,-0.288811782,-0.095651745,0.797289201,-3.377628363,-0.300630395,-0.842633605
143,0.489290174,0.614306045,-0.142140053,-0.179274435,-0.107038886,-0.288811782,-0.095651745,0.797289201,-3.377628363,-0.300630395,-0.842633605
144,0.626890448,0.614306045,-0.142140053,-0.17909359,-0.107038886,-0.288811782,-0.095651745,0.797289201,-3.377628363,-0.451371112,1.184507192
145,0.626890448,0.614306045,-0.142140053,-0.178912746,-0.107038886,-0.288811782,-0.095651745,0.797289201,-3.377628363,-0.451371112,1.184507192
146,0.764490721,0.614306045,-0.142140053,-0.178731901,-0.107038886,-0.288811782,-0.095651745,0.797289201,-3.377628363,-0.468185485,0.025426383
147,0.764490721,-1.627853101,7.035314646,-0.181082882,-0.108087204,-0.288811782,-0.268151648,0.797289201,-2.554656521,-0.468185485,0.025426383
148,0.764490721,-1.627853101,-0.142140053,-0.180902037,-0.108087204,-0.288811782,-0.268151648,0.797289201,-2.554656521,-0.468185485,0.025426383
149,0.489290174,-1.627853101,-0.142140053,-0.180721192,-0.108087204,-0.288811782,-0.268151648,0.797289201,-2.554656521,-0.300630395,-0.842633605
150,0.489290174,-1.627853101,-0.142140053,-0.180540348,-0.108087204,-0.288811782,-0.268151648,0.797289201,-2.554656521,-0.300630395,-0.842633605
151,0.489290174,-1.627853101,-0.142140053,-0.180359503,-0.108087204,-0.288811782,-0.268151648,0.797289201,-2.554656521,-0.300630395,-0.842633605
152,0.214089628,-1.627853101,-0.142140053,-0.180178658,-0.108087204,-0.288811782,-0.268151648,0.797289201,-2.554656521,-0.225276461,1.088460372
153,0.214089628,-1.627853101,-0.142140053,-0.179997814,-0.108087204,-0.288811782,-0.268151648,0.797289201,-2.554656521,-0.225276461,1.088460372
154,0.214089628,-1.627853101,-0.142140053,-0.179816969,-0.108087204,-0.288811782,-0.268151648,0.797289201,-2.554656521,-0.225276461,1.088460372
155,-0.061110919,-1.627853101,-0.142140053,-0.179636124,-0.108087204,-0.288811782,-0.268151648,0.797289201,-2.554656521,-0.495418454,0.638409672
156,-0.061110919,-1.627853101,-0.142140053,-0.17945528,-0.108087204,-0.288811782,-0.268151648,0.797289201,-2.554656521,-0.495418454,0.638409672
157,-0.061110919,-1.627853101,-0.142140053,-0.179274435,-0.108087204,-0.288811782,-0.268151648,0.797289201,-2.554656521,-0.495418454,0.638409672
158,-0.336311465,-1.627853101,-0.142140053,-0.17909359,-0.108087204,-0.288811782,-0.268151648,0.797289201,-2.554656521,-0.182551809,-1.556837493
159,-0.336311465,-1.627853101,-0.142140053,-0.178912746,-0.108087204,-0.288811782,-0.268151648,0.797289201,-2.554656521,-0.182551809,-1.556837493
160,-0.336311465,0.614306045,7.035314646,-0.181082882,-0.108087204,-0.307493546,-0.268151648,0.639273556,-3.377628363,-0.182551809,-1.556837493
161,-0.198711192,0.614306045,-0.142140053,-0.180902037,-0.108087204,-0.307493546,-0.268151648,0.639273556,-3.377628363,-0.313471879,0.528647917
162,-0.198711192,0.614306045,-0.142140053,-0.180721192,-0.108087204,-0.307493546,-0.268151648,0.639273556,-3.377628363,-0.313471879,0.528647917
163,-0.061110919,0.614306045,-0.142140053,-0.180540348,-0.108087204,-0.307493546,-0.268151648,0.639273556,-3.377628363,-0.495418454,0.638409672
164,-0.061110919,0.614306045,-0.142140053,-0.180359503,-0.108087204,-0.307493546,-0.268151648,0.639273556,-3.377628363,-0.495418454,0.638409672
165,0.076489355,0.614306045,-0.142140053,-0.180178658,-0.108087204,-0.307493546,-0.268151648,0.639273556,-3.377628363,-0.287596201,0.475905898
166,0.076489355,0.614306045,-0.142140053,-0.179997814,-0.108087204,-0.307493546,-0.268151648,0.639273556,-3.377628363,-0.287596201,0.475905898
167,0.214089628,0.614306045,-0.142140053,-0.179816969,-0.108087204,-0.307493546,-0.268151648,0.639273556,-3.377628363,-0.225276461,1.088460372
168,0.214089628,0.614306045,-0.142140053,-0.179636124,-0.108087204,-0.307493546,-0.268151648,0.639273556,-3.377628363,-0.225276461,1.088460372
169,0.351689901,0.614306045,-0.142140053,-0.17945528,-0.108087204,-0.307493546,-0.268151648,0.639273556,-3.377628363,-0.38205907,-0.893572516
170,0.351689901,0.614306045,-0.142140053,-0.179274435,-0.108087204,-0.307493546,-0.268151648,0.639273556,-3.377628363,-0.38205907,-0.893572516
171,0.489290174,0.614306045,-0.142140053,-0.17909359,-0.108087204,-0.307493546,-0.268151648,0.639273556,-3.377628363,-0.300630395,-0.842633605
172,0.489290174,0.614306045,-0.142140053,-0.178912746,-0.108087204,-0.307493546,-0.268151648,0.639273556,-3.377628363,-0.300630395,-0.842633605
173,0.626890448,0.614306045,-0.142140053,-0.178731901,-0.108087204,-0.307493546,-0.268151648,0.639273556,-3.377628363,-0.451371112,1.184507192
174,0.626890448,0.614306045,-0.142140053,-0.178551056,-0.108087204,-0.307493546,-0.268151648,0.639273556,-3.377628363,-0.451371112,1.184507192
175,0.764490721,0.614306045,-0.142140053,-0.178370212,-0.108087204,-0.307493546,-0.268151648,0.639273556,-3.377628363,-0.468185485,0.025426383
176,0.764490721,0.614306045,-0.142140053,-0.178189367,-0.108087204,-0.307493546,-0.268151648,0.639273556,-3.377628363,-0.468185485,0.025426383
177,0.902090994,0.614306045,-0.142140053,-0.178008523,-0.108087204,-0.307493546,-0.268151648,0.639273556,-3.377628363,-0.632213985,0.499142058
178,0.902090994,0.614306045,-0.142140053,-0.177827678,-0.108087204,-0.307493546,-0.268151648,0.639273556,-3.377628363,-0.632213985,0.499142058
179,0.902090994,-1.627853101,7.035314646,-0.181082882,-0.107041595,-0.307493546,-0.095651745,0.639273556,-2.554656521,-0.632213985,0.499142058
180,0.902090994,-1.627853101,-0.142140053,-0.180902037,-0.107041595,-0.307493546,-0.095651745,0.639273556,-2.554656521,-0.632213985,0.499142058
181,0.626890448,-1.627853101,-0.142140053,-0.180721192,-0.107041595,-0.307493546,-0.095651745,0.639273556,-2.554656521,-0.451371112,1.184507192
182,0.626890448,-1.627853101,-0.142140053,-0.180540348,-0.107041595,-0.307493546,-0.095651745,0.639273556,-2.554656521,-0.451371112,1.184507192
183,0.626890448,-1.627853101,-0.142140053,-0.180359503,-0.107041595,-0.307493546,-0.095651745,0.639273556,-2.554656521,-0.451371112,1.184507192
184,0.351689901,-1.627853101,-0.142140053,-0.180178658,-0.107041595,-0.307493546,-0.095651745,0.639273556,-2.554656521,-0.38205907,-0.893572516
185,0.351689901,-1.627853101,-0.142140053,-0.179997814,-0.107041595,-0.307493546,-0.095651745,0.639273556,-2.554656521,-0.38205907,-0.893572516
186,0.351689901,-1.627853101,-0.142140053,-0.179816969,-0.107041595,-0.307493546,-0.095651745,0.639273556,-2.554656521,-0.38205907,-0.893572516
187,0.076489355,-1.627853101,-0.142140053,-0.179636124,-0.107041595,-0.307493546,-0.095651745,0.639273556,-2.554656521,-0.287596201,0.475905898
188,0.076489355,-1.627853101,-0.142140053,-0.17945528,-0.107041595,-0.307493546,-0.095651745,0.639273556,-2.554656521,-0.287596201,0.475905898
189,0.076489355,-1.627853101,-0.142140053,-0.179274435,-0.107041595,-0.307493546,-0.095651745,0.639273556,-2.554656521,-0.287596201,0.475905898
190,-0.198711192,-1.627853101,-0.142140053,-0.17909359,-0.107041595,-0.307493546,-0.095651745,0.639273556,-2.554656521,-0.313471879,0.528647917
191,-0.198711192,-1.627853101,-0.142140053,-0.178912746,-0.107041595,-0.307493546,-0.095651745,0.639273556,-2.554656521,-0.313471879,0.528647917
192,-0.198711192,-1.627853101,-0.142140053,-0.178731901,-0.107041595,-0.307493546,-0.095651745,0.639273556,-2.554656521,-0.313471879,0.528647917
193,-0.473911739,-1.627853101,-0.142140053,-0.178551056,-0.107041595,-0.307493546,-0.095651745,0.639273556,-2.554656521,-0.305089,-1.099685818
194,-0.473911739,0.614306045,7.035314646,-0.181082882,-0.107041595,-0.270431902,-0.095651745,0.481257911,-3.377628363,-0.305089,-1.099685818
195,-0.336311465,0.614306045,-0.142140053,-0.180902037,-0.107041595,-0.270431902,-0.095651745,0.481257911,-3.377628363,-0.182551809,-1.556837493
196,-0.336311465,0.614306045,-0.142140053,-0.180721192,-0.107041595,-0.270431902,-0.095651745,0.481257911,-3.377628363,-0.182551809,-1.556837493
197,-0.198711192,0.614306045,-0.142140053,-0.180540348,-0.107041595,-0.270431902,-0.095651745,0.481257911,-3.377628363,-0.313471879,0.528647917
198,-0.198711192,0.614306045,-0.142140053,-0.180359503,-0.107041595,-0.270431902,-0.095651745,0.481257911,-3.377628363,-0.313471879,0.528647917
199,-0.061110919,0.614306045,-0.142140053,-0.180178658,-0.107041595,-0.270431902,-0.095651745,0.481257911,-3.377628363,-0.495418454,0.638409672
200,-0.061110919,0.614306045,-0.142140053,-0.179997814,-0.107041595,-0.270431902,-0.095651745,0.481257911,-3.377628363,-0.495418454,0.638409672
201,0.076489355,0.614306045,-0.142140053,-0.179816969,-0.107041595,-0.270431902,-0.095651745,0.481257911,-3.377628363,-0.287596201,0.475905898
202,0.076489355,0.614306045,-0.142140053,-0.179636124,-0.107041595,-0.270431902,-0.095651745,0.481257911,-3.377628363,-0.287596201,0.475905898
203,0.214089628,0.614306045,-0.142140053,-0.17945528,-0.107041595,-0.270431902,-0.095651745,0.481257911,-3.377628363,-0.225276461,1.088460372
204,0.214089628,0.614306045,-0.142140053,-0.179274435,-0.107041595,-0.270431902,-0.095651745,0.481257911,-3.377628363,-0.225276461,1.088460372
205,0.351689901,0.614306045,-0.142140053,-0.17909359,-0.107041595,-0.270431902,-0.095651745,0.481257911,-3.377628363,-0.38205907,-0.893572516
206,0.351689901,0.614306045,-0.142140053,-0.178912746,-0.107041595,-0.270431902,-0.095651745,0.481257911,-3.377628363,-0.38205907,-0.893572516
207,0.489290174,0.614306045,-0.142140053,-0.178731901,-0.107041595,-0.270431902,-0.095651745,0.481257911,-3.377628363,-0.300630395,-0.842633605
208,0.489290174,0.614306045,-0.142140053,-0.178551056,-0.107041595,-0.270431902,-0.095651745,0.481257911,-3.377628363,-0.300630395,-0.842633605
209,0.626890448,0.614306045,-0.142140053,-0.178370212,-0.107041595,-0.270431902,-0.095651745,0.481257911,-3.377628363,-0.451371112,1.184507192
210,0.626890448,0.614306045,-0.142140053,-0.178189367,-0.107041595,-0.270431902,-0.095651745,0.481257911,-3.377628363,-0.451371112,1.184507192
211,0.764490721,0.614306045,-0.142140053,-0.178008523,-0.107041595,-0.270431902,-0.095651745,0.481257911,-3.377628363,-0.468185485,0.025426383
212,0.764490721,0.614306045,-0.142140053,-0.177827678,-0.107041595,-0.270431902,-0.095651745,0.481257911,-3.377628363,-0.468185485,0.025426383
213,0.902090994,0.614306045,-0.142140053,-0.177646833,-0.107041595,-0.270431902,-0.095651745,0.481257911,-3.377628363,-0.632213985,0.499142058
214,0.902090994,0.614306045,-0.142140053,-0.177465989,-0.107041595,-0.270431902,-0.095651745,0.481257911,-3.377628363,-0.632213985,0.499142058
215,1.039691268,0.614306045,-0.142140053,-0.177285144,-0.107041595,-0.270431902,-0.095651745,0.481257911,-3.377628363,-0.765245104,0.349325381
216,1.039691268,0.614306045,-0.142140053,-0.177104299,-0.107041595,-0.270431902,-0.095651745,0.481257911,-3.377628363,-0.765245104,0.349325381
217,1.039691268,-1.627853101,7.035314646,-0.181082882,-0.106202415,-0.270431902,0.076848157,0.481257911,-2.554656521,-0.765245104,0.349325381
218,1.039691268,-1.627853101,-0.142140053,-0.180902037,-0.106202415,-0.270431902,0.076848157,0.481257911,-2.554656521,-0.765245104,0.349325381
219,0.764490721,-1.627853101,-0.142140053,-0.180721192,-0.106202415,-0.270431902,0.076848157,0.481257911,-2.554656521,-0.468185485,0.025426383
220,0.764490721,-1.627853101,-0.142140053,-0.180540348,-0.106202415,-0.270431902,0.076848157,0.481257911,-2.554656521,-0.468185485,0.025426383
221,0.764490721,-1.627853101,-0.142140053,-0.180359503,-0.106202415,-0.270431902,0.076848157,0.481257911,-2.554656521,-0.468185485,0.025426383
222,0.489290174,-1.627853101,-0.142140053,-0.180178658,-0.106202415,-0.270431902,0.076848157,0.481257911,-2.554656521,-0.300630395,-0.842633605
223,0.489290174,-1.627853101,-0.142140053,-0.179997814,-0.106202415,-0.270431902,0.076848157,0.481257911,-2.554656521,-0.300630395,-0.842633605
224,0.489290174,-1.627853101,-0.142140053,-0.179816969,-0.106202415,-0.270431902,0.076848157,0.481257911,-2.554656521,-0.300630395,-0.842633605
225,0.214089628,-1.627853101,-0.142140053,-0.179636124,-0.106202415,-0.270431902,0.076848157,0.481257911,-2.554656521,-0.225276461,1.088460372
226,0.214089628,-1.627853101,-0.142140053,-0.17945528,-0.106202415,-0.270431902,0.076848157,0.481257911,-2.554656521,-0.225276461,1.088460372
227,0.214089628,-1.627853101,-0.142140053,-0.179274435,-0.106202415,-0.270431902,0.076848157,0.481257911,-2.554656521,-0.225276461,1.088460372
228,-0.061110919,-1.627853101,-0.142140053,-0.17909359,-0.106202415,-0.270431902,0.076848157,0.481257911,-2.554656521,-0.495418454,0.638409672
229,-0.061110919,-1.627853101,-0.142140053,-0.178912746,-0.106202415,-0.270431902,0.076848157,0.481257911,-2.554656521,-0.495418454,0.638409672
230,-0.061110919,-1.627853101,-0.142140053,-0.178731901,-0.106202415,-0.270431902,0.076848157,0.481257911,-2.554656521,-0.495418454,0.638409672
231,-0.061110919,0.614306045,7.035314646,-0.181082882,-0.106202415,-0.289227249,0.076848157,0.955304845,-3.377628363,-0.495418454,0.638409672
232,0.076489355,0.614306045,-0.142140053,-0.180902037,-0.106202415,-0.289227249,0.076848157,0.955304845,-3.377628363,-0.287596201,0.475905898
233,0.076489355,0.614306045,-0.142140053,-0.180721192,-0.106202415,-0.289227249,0.076848157,0.955304845,-3.377628363,-0.287596201,0.475905898
234,0.214089628,0.614306045,-0.142140053,-0.180540348,-0.106202415,-0.289227249,0.076848157,0.955304845,-3.377628363,-0.225276461,1.088460372
235,0.214089628,0.614306045,-0.142140053,-0.180359503,-0.106202415,-0.289227249,0.076848157,0.955304845,-3.377628363,-0.225276461,1.088460372
236,0.351689901,0.614306045,-0.142140053,-0.180178658,-0.106202415,-0.289227249,0.076848157,0.955304845,-3.377628363,-0.38205907,-0.893572516
237,0.351689901,0.614306045,-0.142140053,-0.179997814,-0.106202415,-0.289227249,0.076848157,0.955304845,-3.377628363,-0.38205907,-0.893572516
238,0.489290174,0.614306045,-0.142140053,-0.179816969,-0.106202415,-0.289227249,0.076848157,0.955304845,-3.377628363,-0.300630395,-0.842633605
239,0.489290174,0.614306045,-0.142140053,-0.179636124,-0.106202415,-0.289227249,0.076848157,0.955304845,-3.377628363,-0.300630395,-0.842633605
240,0.626890448,0.614306045,-0.142140053,-0.17945528,-0.106202415,-0.289227249,0.076848157,0.955304845,-3.377628363,-0.451371112,1.184507192
241,0.626890448,0.614306045,-0.142140053,-0.179274435,-0.106202415,-0.289227249,0.076848157,0.955304845,-3.377628363,-0.451371112,1.184507192
242,0.764490721,0.614306045,-0.142140053,-0.17909359,-0.106202415,-0.289227249,0.076848157,0.955304845,-3.377628363,-0.468185485,0.025426383
243,0.764490721,0.614306045,-0.142140053,-0.178912746,-0.106202415,-0.289227249,0.076848157,0.955304845,-3.377628363,-0.468185485,0.025426383
244,0.902090994,0.614306045,-0.142140053,-0.178731901,-0.106202415,-0.289227249,0.076848157,0.955304845,-3.377628363,-0.632213985,0.499142058
245,0.902090994,-1.627853101,7.035314646,-0.181082882,-0.108079188,-0.289227249,-0.095651745,0.955304845,-2.554656521,-0.632213985,0.499142058
246,0.902090994,-1.627853101,-0.142140053,-0.180902037,-0.108079188,-0.289227249,-0.095651745,0.955304845,-2.554656521,-0.632213985,0.499142058
247,0.626890448,-1.627853101,-0.142140053,-0.180721192,-0.108079188,-0.289227249,-0.095651745,0.955304845,-2.554656521,-0.451371112,1.184507192
248,0.626890448,-1.627853101,-0.142140053,-0.180540348,-0.108079188,-0.289227249,-0.095651745,0.955304845,-2.554656521,-0.451371112,1.184507192
249,0.626890448,-1.627853101,-0.142140053,-0.180359503,-0.108079188,-0.289227249,-0.095651745,0.955304845,-2.554656521,-0.451371112,1.184507192
250,0.351689901,-1.627853101,-0.142140053,-0.180178658,-0.108079188,-0.289227249,-0.095651745,0.955304845,-2.554656521,-0.38205907,-0.893572516
251,0.351689901,-1.627853101,-0.142140053,-0.179997814,-0.108079188,-0.289227249,-0.095651745,0.955304845,-2.554656521,-0.38205907,-0.893572516
252,0.351689901,-1.627853101,-0.142140053,-0.179816969,-0.108079188,-0.289227249,-0.095651745,0.955304845,-2.554656521,-0.38205907,-0.893572516
253,0.076489355,-1.627853101,-0.142140053,-0.179636124,-0.108079188,-0.289227249,-0.095651745,0.955304845,-2.554656521,-0.287596201,0.475905898
254,0.076489355,-1.627853101,-0.142140053,-0.17945528,-0.108079188,-0.289227249,-0.095651745,0.955304845,-2.554656521,-0.287596201,0.475905898
255,0.076489355,-1.627853101,-0.142140053,-0.179274435,-0.108079188,-0.289227249,-0.095651745,0.955304845,-2.554656521,-0.287596201,0.475905898
256,-0.198711192,-1.627853101,-0.142140053,-0.17909359,-0.108079188,-0.289227249,-0.095651745,0.955304845,-2.554656521,-0.313471879,0.528647917
257,-0.198711192,-1.627853101,-0.142140053,-0.178912746,-0.108079188,-0.289227249,-0.095651745,0.955304845,-2.554656521,-0.313471879,0.528647917
258,-0.198711192,-1.627853101,-0.142140053,-0.178731901,-0.108079188,-0.289227249,-0.095651745,0.955304845,-2.554656521,-0.313471879,0.528647917
259,-0.198711192,0.614306045,7.035314646,-0.181082882,-0.108079188,-0.288996051,-0.095651745,0.797289201,-3.377628363,-0.313471879,0.528647917
260,-0.061110919,0.614306045,-0.142140053,-0.180902037,-0.108079188,-0.288996051,-0.095651745,0.797289201,-3.377628363,-0.495418454,0.638409672
261,-0.061110919,0.614306045,-0.142140053,-0.180721192,-0.108079188,-0.288996051,-0.095651745,0.797289201,-3.377628363,-0.495418454,0.638409672
262,0.076489355,0.614306045,-0.142140053,-0.180540348,-0.108079188,-0.288996051,-0.095651745,0.797289201,-3.377628363,-0.287596201,0.475905898
263,0.076489355,0.614306045,-0.142140053,-0.180359503,-0.108079188,-0.288996051,-0.095651745,0.797289201,-3.377628363,-0.287596201,0.475905898
264,0.214089628,0.614306045,-0.142140053,-0.180178658,-0.108079188,-0.288996051,-0.095651745,0.797289201,-3.377628363,-0.225276461,1.088460372
265,0.214089628,0.614306045,-0.142140053,-0.179997814,-0.108079188,-0.288996051,-0.095651745,0.797289201,-3.377628363,-0.225276461,1.088460372
266,0.351689901,0.614306045,-0.142140053,-0.179816969,-0.108079188,-0.288996051,-0.095651745,0.797289201,-3.377628363,-0.38205907,-0.893572516
267,0.351689901,0.614306045,-0.142140053,-0.179636124,-0.108079188,-0.288996051,-0.095651745,0.797289201,-3.377628363,-0.38205907,-0.893572516
268,0.489290174,0.614306045,-0.142140053,-0.17945528,-0.108079188,-0.288996051,-0.095651745,0.797289201,-3.377628363,-0.300630395,-0.842633605
269,0.489290174,0.614306045,-0.142140053,-0.179274435,-0.108079188,-0.288996051,-0.095651745,0.797289201,-3.377628363,-0.300630395,-0.842633605
270,0.626890448,0.614306045,-0.142140053,-0.17909359,-0.108079188,-0.288996051,-0.095651745,0.797289201,-3.377628363,-0.451371112,1.184507192
271,0.626890448,0.614306045,-0.142140053,-0.178912746,-0.108079188,-0.288996051,-0.095651745,0.797289201,-3.377628363,-0.451371112,1.184507192
272,0.626890448,-1.627853101,7.035314646,-0.181082882,-0.108293865,-0.288996051,-0.44065155,0.797289201,-2.554656521,-0.451371112,1.184507192
273,0.626890448,-1.627853101,-0.142140053,-0.180902037,-0.108293865,-0.288996051,-0.44065155,0.797289201,-2.554656521,-0.451371112,1.184507192
274,0.351689901,-1.627853101,-0.142140053,-0.180721192,-0.108293865,-0.288996051,-0.44065155,0.797289201,-2.554656521,-0.38205907,-0.893572516
275,0.351689901,-1.627853101,-0.142140053,-0.180540348,-0.108293865,-0.288996051,-0.44065155,0.797289201,-2.554656521,-0.38205907,-0.893572516
276,0.351689901,-1.627853101,-0.142140053,-0.180359503,-0.108293865,-0.288996051,-0.44065155,0.797289201,-2.554656521,-0.38205907,-0.893572516
277,0.076489355,-1.627853101,-0.142140053,-0.180178658,-0.108293865,-0.288996051,-0.44065155,0.797289201,-2.554656521,-0.287596201,0.475905898
278,0.076489355,-1.627853101,-0.142140053,-0.179997814,-0.108293865,-0.288996051,-0.44065155,0.797289201,-2.554656521,-0.287596201,0.475905898
279,0.076489355,-1.627853101,-0.142140053,-0.179816969,-0.108293865,-0.288996051,-0.44065155,0.797289201,-2.554656521,-0.287596201,0.475905898
280,-0.198711192,-1.627853101,-0.142140053,-0.179636124,-0.108293865,-0.288996051,-0.44065155,0.797289201,-2.554656521,-0.313471879,0.528647917
281,-0.198711192,-1.627853101,-0.142140053,-0.17945528,-0.108293865,-0.288996051,-0.44065155,0.797289201,-2.554656521,-0.313471879,0.528647917
282,-0.198711192,-1.627853101,-0.142140053,-0.179274435,-0.108293865,-0.288996051,-0.44065155,0.797289201,-2.554656521,-0.313471879,0.528647917
283,-0.473911739,-1.627853101,-0.142140053,-0.17909359,-0.108293865,-0.288996051,-0.44065155,0.797289201,-2.554656521,-0.305089,-1.099685818
284,-0.473911739,-1.627853101,-0.142140053,-0.178912746,-0.108293865,-0.288996051,-0.44065155,0.797289201,-2.554656521,-0.305089,-1.099685818
285,-0.473911739,-1.627853101,-0.142140053,-0.178731901,-0.108293865,-0.288996051,-0.44065155,0.797289201,-2.554656521,-0.305089,-1.099685818
286,-0.749112285,-1.627853101,-0.142140053,-0.178551056,-0.108293865,-0.288996051,-0.44065155,0.797289201,-2.554656521,-0.120378791,1.21211221
287,-0.749112285,-1.627853101,-0.142140053,-0.178370212,-0.108293865,-0.288996051,-0.44065155,0.797289201,-2.554656521,-0.120378791,1.21211221
288,-0.749112285,-1.627853101,-0.142140053,-0.178189367,-0.108293865,-0.288996051,-0.44065155,0.797289201,-2.554656521,-0.120378791,1.21211221
289,-0.886712558,-1.627853101,-0.142140053,-0.178008523,-0.108293865,-0.288996051,-0.44065155,0.797289201,-2.554656521,0.024554351,0.03805528
290,-0.886712558,-1.627853101,-0.142140053,-0.177827678,-0.108293865,-0.288996051,-0.44065155,0.797289201,-2.554656521,0.024554351,0.03805528
291,-0.886712558,-1.627853101,-0.142140053,-0.177646833,-0.108293865,-0.288996051,-0.44065155,0.797289201,-2.554656521,0.024554351,0.03805528
292,-0.886712558,-1.627853101,-0.142140053,-0.177465989,-0.108293865,-0.288996051,-0.44065155,0.797289201,-2.554656521,0.024554351,0.03805528
293,-0.886712558,-1.627853101,-0.142140053,-0.177285144,-0.108293865,-0.288996051,-0.44065155,0.797289201,-2.554656521,0.024554351,0.03805528
294,-0.886712558,-1.627853101,-0.142140053,-0.177104299,-0.108293865,-0.288996051,-0.44065155,0.797289201,-2.554656521,0.024554351,0.03805528
295,-0.886712558,-1.627853101,-0.142140053,-0.176923455,-0.108293865,-0.288996051,-0.44065155,0.797289201,-2.554656521,0.024554351,0.03805528
296,-0.886712558,-1.627853101,-0.142140053,-0.17674261,-0.108293865,-0.288996051,-0.44065155,0.797289201,-2.554656521,0.024554351,0.03805528
297,-0.886712558,-1.627853101,-0.142140053,-0.176561765,-0.108293865,-0.288996051,-0.44065155,0.797289201,-2.554656521,0.024554351,0.03805528
298,-0.886712558,-1.627853101,-0.142140053,-0.176380921,-0.108293865,-0.288996051,-0.44065155,0.797289201,-2.554656521,0.024554351,0.03805528
299,-0.886712558,-1.627853101,-0.142140053,-0.176200076,-0.108293865,-0.288996051,-0.44065155,0.797289201,-0.908712838,0.024554351,0.03805528
300,-0.886712558,-1.627853101,-0.142140053,-0.176019231,-0.108293865,-0.288996051,-0.44065155,0.797289201,-0.908712838,0.024554351,0.03805528
301,-0.886712558,-1.627853101,-0.142140053,-0.175838387,-0.108293865,-0.288996051,-0.44065155,0.797289201,-0.908712838,0.024554351,0.03805528
302,-0.886712558,-1.627853101,-0.142140053,-0.175657542,-0.108293865,-0.288996051,-0.44065155,0.797289201,-0.908712838,0.024554351,0.03805528
303,-0.886712558,-1.627853101,-0.142140053,-0.175476697,-0.108293865,-0.288996051,-0.44065155,0.797289201,-0.908712838,0.024554351,0.03805528
304,-0.886712558,-1.627853101,-0.142140053,-0.175295853,-0.108293865,-0.288996051,-0.44065155,0.797289201,-0.908712838,0.024554351,0.03805528
305,-0.886712558,-1.627853101,-0.142140053,-0.175115008,-0.108293865,-0.288996051,-0.44065155,0.797289201,-0.908712838,0.024554351,0.03805528
306,-0.886712558,-1.627853101,-0.142140053,-0.174934164,-0.108293865,-0.288996051,-0.44065155,0.797289201,-0.908712838,0.024554351,0.03805528
307,-0.886712558,-1.627853101,-0.142140053,-0.174753319,-0.108293865,-0.288996051,-0.44065155,0.797289201,-0.908712838,0.024554351,0.03805528
308,-0.886712558,-1.627853101,-0.142140053,-0.174572474,-0.108293865,-0.288996051,-0.44065155,0.797289201,-0.908712838,0.024554351,0.03805528
309,-0.886712558,-1.627853101,-0.142140053,-0.17439163,-0.108293865,-0.288996051,-0.44065155,0.797289201,-0.908712838,0.024554351,0.03805528
310,-0.886712558,-1.627853101,-0.142140053,-0.174210785,-0.108293865,-0.288996051,-0.44065155,0.797289201,-0.908712838,0.024554351,0.03805528
311,-0.886712558,-1.627853101,-0.142140053,-0.17402994,-0.108293865,-0.288996051,-0.44065155,0.797289201,-0.908712838,0.024554351,0.03805528
312,-0.886712558,-1.627853101,-0.142140053,-0.173849096,-0.108293865,-0.288996051,-0.44065155,0.797289201,-0.908712838,0.024554351,0.03805528
313,-0.886712558,-1.627853101,-0.142140053,-0.173668251,-0.108293865,-0.288996051,-0.44065155,0.797289201,-0.908712838,0.024554351,0.03805528
314,-0.886712558,-1.627853101,-0.142140053,-0.173487406,-0.108293865,-0.288996051,-0.44065155,0.797289201,-0.908712838,0.024554351,0.03805528
315,-0.886712558,-1.627853101,-0.142140053,-0.173306562,-0.108293865,-0.288996051,-0.44065155,0.797289201,-0.908712838,0.024554351,0.03805528
316,-0.886712558,-1.627853101,-0.142140053,-0.173125717,-0.108293865,-0.288996051,-0.44065155,0.797289201,-0.908712838,0.024554351,0.03805528
317,-0.886712558,-1.627853101,-0.142140053,-0.172944872,-0.108293865,-0.288996051,-0.44065155,0.797289201,-0.908712838,0.024554351,0.03805528
318,-0.886712558,-1.627853101,-0.142140053,-0.172764028,-0.108293865,-0.288996051,-0.44065155,0.797289201,-0.908712838,0.024554351,0.03805528
319,-0.886712558,-1.627853101,-0.142140053,-0.172583183,-0.108293865,-0.288996051,-0.44065155,0.797289201,-0.908712838,0.024554351,0.03805528
320,-0.886712558,-1.627853101,-0.142140053,-0.172402338,-0.108293865,-0.288996051,-0.44065155,0.797289201,-0.908712838,0.024554351,0.03805528
321,-0.886712558,-1.627853101,-0.142140053,-0.172221494,-0.108293865,-0.288996051,-0.44065155,0.797289201,-0.908712838,0.024554351,0.03805528
322,-0.886712558,-1.627853101,-0.142140053,-0.172040649,-0.108293865,-0.288996051,-0.44065155,0.797289201,-0.908712838,0.024554351,0.03805528
323,-0.886712558,-1.627853101,-0.142140053,-0.171859804,-0.108293865,-0.288996051,-0.44065155,0.797289201,-0.908712838,0.024554351,0.03805528
324,-0.886712558,-1.627853101,-0.142140053,-0.17167896,-0.108293865,-0.288996051,-0.44065155,0.797289201,-0.908712838,0.024554351,0.03805528
325,-0.886712558,-1.627853101,-0.142140053,-0.171498115,-0.108293865,-0.288996051,-0.44065155,0.797289201,-0.908712838,0.024554351,0.03805528
326,-0.886712558,-1.627853101,-0.142140053,-0.171317271,-0.108293865,-0.288996051,-0.44065155,0.797289201,-0.908712838,0.024554351,0.03805528
327,-0.886712558,-1.627853101,-0.142140053,-0.171136426,-0.108293865,-0.288996051,-0.44065155,0.797289201,-0.908712838,0.024554351,0.03805528
328,-0.886712558,-1.627853101,-0.142140053,-0.170955581,-0.108293865,-0.288996051,-0.44065155,0.797289201,-0.908712838,0.024554351,0.03805528
329,-0.886712558,-1.627853101,-0.142140053,-0.170774737,-0.108293865,-0.288996051,-0.44065155,0.797289201,-0.908712838,0.024554351,0.03805528
330,-0.886712558,-1.627853101,-0.142140053,-0.170593892,-0.108293865,-0.288996051,-0.44065155,0.797289201,-0.908712838,0.024554351,0.03805528
331,-0.886712558,-1.627853101,-0.142140053,-0.170413047,-0.108293865,-0.288996051,-0.44065155,0.797289201,-0.908712838,0.024554351,0.03805528
332,-0.886712558,-1.627853101,-0.142140053,-0.170232203,-0.108293865,-0.288996051,-0.44065155,0.797289201,-0.908712838,0.024554351,0.03805528
333,-0.886712558,-1.627853101,-0.142140053,-0.170051358,-0.108293865,-0.288996051,-0.44065155,0.797289201,-0.908712838,0.024554351,0.03805528
334,-0.886712558,-1.627853101,-0.142140053,-0.169870513,-0.108293865,-0.288996051,-0.44065155,0.797289201,-0.908712838,0.024554351,0.03805528
335,-0.886712558,-1.627853101,-0.142140053,-0.169689669,-0.108293865,-0.288996051,-0.44065155,0.797289201,-0.908712838,0.024554351,0.03805528
336,-0.886712558,-1.627853101,-0.142140053,-0.169508824,-0.108293865,-0.288996051,-0.44065155,0.797289201,-0.908712838,0.024554351,0.03805528
337,-0.886712558,-1.627853101,-0.142140053,-0.169327979,-0.108293865,-0.288996051,-0.44065155,0.797289201,-0.908712838,0.024554351,0.03805528
338,-0.886712558,-1.627853101,-0.142140053,-0.169147135,-0.108293865,-0.288996051,-0.44065155,0.797289201,-0.908712838,0.024554351,0.03805528
339,-0.886712558,-1.627853101,-0.142140053,-0.16896629,-0.108293865,-0.288996051,-0.44065155,0.797289201,-0.908712838,0.024554351,0.03805528
340,-0.886712558,-1.627853101,-0.142140053,-0.168785445,-0.108293865,-0.288996051,-0.44065155,0.797289201,-0.908712838,0.024554351,0.03805528
341,-0.886712558,-1.627853101,-0.142140053,-0.168604601,-0.108293865,-0.288996051,-0.44065155,0.797289201,-0.908712838,0.024554351,0.03805528
342,-0.886712558,-1.627853101,-0.142140053,-0.168423756,-0.108293865,-0.288996051,-0.44065155,0.797289201,-0.908712838,0.024554351,0.03805528
343,-0.886712558,-1.627853101,-0.142140053,-0.168242912,-0.108293865,-0.288996051,-0.44065155,0.797289201,-0.908712838,0.024554351,0.03805528
344,-0.886712558,-1.627853101,-0.142140053,-0.168062067,-0.108293865,-0.288996051,-0.44065155,0.797289201,-0.908712838,0.024554351,0.03805528
345,-0.886712558,-1.627853101,-0.142140053,-0.167881222,-0.108293865,-0.288996051,-0.44065155,0.797289201,-0.908712838,0.024554351,0.03805528
346,-0.886712558,-1.627853101,-0.142140053,-0.167700378,-0.108293865,-0.288996051,-0.44065155,0.797289201,-0.908712838,0.024554351,0.03805528
347,-0.886712558,-1.627853101,-0.142140053,-0.167519533,-0.108293865,-0.288996051,-0.44065155,0.797289201,-0.908712838,0.024554351,0.03805528
348,-0.886712558,-1.627853101,-0.142140053,-0.167338688,-0.108293865,-0.288996051,-0.44065155,0.797289201,-0.908712838,0.024554351,0.03805528
349,-0.886712558,-1.627853101,-0.142140053,-0.167157844,-0.108293865,-0.288996051,-0.44065155,0.797289201,-0.908712838,0.024554351,0.03805528
350,-0.886712558,-1.627853101,-0.142140053,-0.166976999,-0.108293865,-0.288996051,-0.44065155,0.797289201,-0.908712838,0.024554351,0.03805528
351,-0.886712558,-1.627853101,-0.142140053,-0.166796154,-0.108293865,-0.288996051,-0.44065155,0.797289201,-0.908712838,0.024554351,0.03805528
352,-0.886712558,-1.627853101,-0.142140053,-0.16661531,-0.108293865,-0.288996051,-0.44065155,0.797289201,-0.908712838,0.024554351,0.03805528
353,-0.886712558,-1.627853101,-0.142140053,-0.166434465,-0.108293865,-0.288996051,-0.44065155,0.797289201,-0.908712838,0.024554351,0.03805528
354,-0.886712558,-1.627853101,-0.142140053,-0.16625362,-0.108293865,-0.288996051,-0.44065155,0.797289201,-0.908712838,0.024554351,0.03805528
355,-0.886712558,-1.627853101,-0.142140053,-0.166072776,-0.108293865,-0.288996051,-0.44065155,0.797289201,-0.908712838,0.024554351,0.03805528
356,-0.886712558,-1.627853101,-0.142140053,-0.165891931,-0.108293865,-0.288996051,-0.44065155,0.797289201,-0.908712838,0.024554351,0.03805528
357,-0.886712558,-1.627853101,-0.142140053,-0.165711086,-0.108293865,-0.288996051,-0.44065155,0.797289201,-0.908712838,0.024554351,0.03805528
358,-0.611512012,0.614306045,-0.142140053,-0.181082882,-0.091985692,4.610535263,-0.44065155,0.007210977,-0.085740996,-0.141224304,-0.804030394
359,-0.611512012,0.614306045,-0.142140053,-0.180902037,-0.091985692,4.610535263,-0.44065155,0.007210977,-0.085740996,-0.141224304,-0.804030394
360,-0.611512012,0.614306045,-0.142140053,-0.180721192,-0.091985692,4.610535263,-0.44065155,0.007210977,-0.085740996,-0.141224304,-0.804030394
361,-0.611512012,0.614306045,-0.142140053,-0.180540348,-0.091985692,4.610535263,-0.44065155,0.007210977,-0.085740996,-0.141224304,-0.804030394
362,-0.611512012,0.614306045,-0.142140053,-0.180359503,-0.091985692,4.610535263,-0.44065155,0.007210977,-0.085740996,-0.141224304,-0.804030394
363,-0.611512012,0.614306045,-0.142140053,-0.180178658,-0.091985692,4.610535263,-0.44065155,0.007210977,-0.085740996,-0.141224304,-0.804030394
364,-0.473911739,0.614306045,-0.142140053,-0.179997814,-0.091985692,4.610535263,-0.44065155,0.007210977,-0.085740996,-0.305089,-1.099685818
365,-0.473911739,0.614306045,-0.142140053,-0.179816969,-0.091985692,4.610535263,-0.44065155,0.007210977,-0.085740996,-0.305089,-1.099685818
366,-0.473911739,0.614306045,-0.142140053,-0.179636124,-0.091985692,4.610535263,-0.44065155,0.007210977,-0.085740996,-0.305089,-1.099685818
367,-0.473911739,0.614306045,-0.142140053,-0.17945528,-0.091985692,4.610535263,-0.44065155,0.007210977,-0.085740996,-0.305089,-1.099685818
368,-0.473911739,0.614306045,-0.142140053,-0.179274435,-0.091985692,4.610535263,-0.44065155,0.007210977,-0.085740996,-0.305089,-1.099685818
369,-0.473911739,0.614306045,-0.142140053,-0.17909359,-0.091985692,4.610535263,-0.44065155,0.007210977,-0.085740996,-0.305089,-1.099685818
370,-0.336311465,0.614306045,-0.142140053,-0.178912746,-0.091985692,4.610535263,-0.44065155,0.007210977,-0.085740996,-0.182551809,-1.556837493
371,-0.336311465,0.614306045,-0.142140053,-0.178731901,-0.091985692,4.610535263,-0.44065155,0.007210977,-0.085740996,-0.182551809,-1.556837493
372,-0.336311465,0.614306045,-0.142140053,-0.178551056,-0.091985692,4.610535263,-0.44065155,0.007210977,-0.085740996,-0.182551809,-1.556837493
373,-0.336311465,0.614306045,-0.142140053,-0.178370212,-0.091985692,4.610535263,-0.44065155,0.007210977,-0.085740996,-0.182551809,-1.556837493
374,-0.336311465,0.614306045,-0.142140053,-0.178189367,-0.091985692,4.610535263,-0.44065155,0.007210977,-0.085740996,-0.182551809,-1.556837493
375,-0.336311465,0.614306045,-0.142140053,-0.178008523,-0.091985692,4.610535263,-0.44065155,0.007210977,-0.085740996,-0.182551809,-1.556837493
376,-0.198711192,0.614306045,-0.142140053,-0.177827678,-0.091985692,4.610535263,-0.44065155,0.007210977,-0.085740996,-0.313471879,0.528647917
377,-0.198711192,0.614306045,-0.142140053,-0.177646833,-0.091985692,4.610535263,-0.44065155,0.007210977,-0.085740996,-0.313471879,0.528647917
378,-0.198711192,0.614306045,-0.142140053,-0.177465989,-0.091985692,4.610535263,-0.44065155,0.007210977,-0.085740996,-0.313471879,0.528647917
379,-0.198711192,0.614306045,-0.142140053,-0.177285144,-0.091985692,4.610535263,-0.44065155,0.007210977,-0.085740996,-0.313471879,0.528647917
380,-0.198711192,0.614306045,-0.142140053,-0.177104299,-0.091985692,4.610535263,-0.44065155,0.007210977,-0.085740996,-0.313471879,0.528647917
381,-0.198711192,0.614306045,-0.142140053,-0.176923455,-0.091985692,4.610535263,-0.44065155,0.007210977,-0.085740996,-0.313471879,0.528647917
382,-0.061110919,0.614306045,-0.142140053,-0.17674261,-0.091985692,4.610535263,-0.44065155,0.007210977,-0.085740996,-0.495418454,0.638409672
383,-0.061110919,0.614306045,-0.142140053,-0.176561765,-0.091985692,4.610535263,-0.44065155,0.007210977,-0.085740996,-0.495418454,0.638409672
384,-0.061110919,0.614306045,-0.142140053,-0.176380921,-0.091985692,4.610535263,-0.44065155,0.007210977,-0.085740996,-0.495418454,0.638409672
385,-0.061110919,0.614306045,-0.142140053,-0.176200076,-0.091985692,4.610535263,-0.44065155,0.007210977,-0.085740996,-0.495418454,0.638409672
386,-0.061110919,0.614306045,-0.142140053,-0.176019231,-0.091985692,4.610535263,-0.44065155,0.007210977,-0.085740996,-0.495418454,0.638409672
387,-0.061110919,0.614306045,-0.142140053,-0.175838387,-0.091985692,4.610535263,-0.44065155,0.007210977,-0.085740996,-0.495418454,0.638409672
388,0.076489355,0.614306045,-0.142140053,-0.175657542,-0.091985692,4.610535263,-0.44065155,0.007210977,-0.085740996,-0.287596201,0.475905898
389,0.076489355,0.614306045,-0.142140053,-0.175476697,-0.091985692,4.610535263,-0.44065155,0.007210977,-0.085740996,-0.287596201,0.475905898
390,0.076489355,0.614306045,-0.142140053,-0.175295853,-0.091985692,4.610535263,-0.44065155,0.007210977,-0.085740996,-0.287596201,0.475905898
391,0.076489355,0.614306045,-0.142140053,-0.175115008,-0.091985692,4.610535263,-0.44065155,0.007210977,-0.085740996,-0.287596201,0.475905898
392,0.076489355,0.614306045,-0.142140053,-0.174934164,-0.091985692,4.610535263,-0.44065155,0.007210977,-0.085740996,-0.287596201,0.475905898
393,0.076489355,0.614306045,-0.142140053,-0.174753319,-0.091985692,4.610535263,-0.44065155,0.007210977,-0.085740996,-0.287596201,0.475905898
394,0.214089628,0.614306045,-0.142140053,-0.174572474,-0.091985692,4.610535263,-0.44065155,0.007210977,-0.085740996,-0.225276461,1.088460372
395,0.214089628,0.614306045,-0.142140053,-0.17439163,-0.091985692,4.610535263,-0.44065155,0.007210977,-0.085740996,-0.225276461,1.088460372
396,0.214089628,0.614306045,-0.142140053,-0.174210785,-0.091985692,4.610535263,-0.44065155,0.007210977,-0.085740996,-0.225276461,1.088460372
397,0.214089628,0.614306045,-0.142140053,-0.17402994,-0.091985692,4.610535263,-0.44065155,0.007210977,-0.085740996,-0.225276461,1.088460372
398,0.214089628,0.614306045,-0.142140053,-0.173849096,-0.091985692,4.610535263,-0.44065155,0.007210977,-0.085740996,-0.225276461,1.088460372
399,0.214089628,0.614306045,-0.142140053,-0.173668251,-0.091985692,4.610535263,-0.44065155,0.007210977,-0.085740996,-0.225276461,1.088460372
400,0.351689901,0.614306045,-0.142140053,-0.173487406,-0.091985692,4.610535263,-0.44065155,0.007210977,-0.085740996,-0.38205907,-0.893572516
401,0.351689901,0.614306045,-0.142140053,-0.173306562,-0.091985692,4.610535263,-0.44065155,0.007210977,-0.085740996,-0.38205907,-0.893572516
402,0.351689901,0.614306045,-0.142140053,-0.173125717,-0.091985692,4.610535263,-0.44065155,0.007210977,-0.085740996,-0.38205907,-0.893572516
403,0.351689901,0.614306045,-0.142140053,-0.172944872,-0.091985692,4.610535263,-0.44065155,0.007210977,-0.085740996,-0.38205907,-0.893572516
404,0.351689901,0.614306045,-0.142140053,-0.172764028,-0.091985692,4.610535263,-0.44065155,0.007210977,-0.085740996,-0.38205907,-0.893572516
405,0.351689901,0.614306045,-0.142140053,-0.172583183,-0.091985692,4.610535263,-0.44065155,0.007210977,-0.085740996,-0.38205907,-0.893572516
406,0.489290174,0.614306045,-0.142140053,-0.172402338,-0.091985692,4.610535263,-0.44065155,0.007210977,-0.085740996,-0.300630395,-0.842633605
407,0.489290174,0.614306045,-0.142140053,-0.172221494,-0.091985692,4.610535263,-0.44065155,0.007210977,-0.085740996,-0.300630395,-0.842633605
408,0.489290174,0.614306045,-0.142140053,-0.172040649,-0.091985692,4.610535263,-0.44065155,0.007210977,-0.085740996,-0.300630395,-0.842633605
409,0.489290174,0.614306045,-0.142140053,-0.171859804,-0.091985692,4.610535263,-0.44065155,0.007210977,-0.085740996,-0.300630395,-0.842633605
410,0.489290174,0.614306045,-0.142140053,-0.17167896,-0.091985692,4.610535263,-0.44065155,0.007210977,-0.085740996,-0.300630395,-0.842633605
411,0.489290174,0.614306045,-0.142140053,-0.171498115,-0.091985692,4.610535263,-0.44065155,0.007210977,-0.085740996,-0.300630395,-0.842633605
412,0.626890448,0.614306045,-0.142140053,-0.171317271,-0.091985692,4.610535263,-0.44065155,0.007210977,-0.085740996,-0.451371112,1.184507192
413,0.626890448,0.614306045,-0.142140053,-0.171136426,-0.091985692,4.610535263,-0.44065155,0.007210977,-0.085740996,-0.451371112,1.184507192
414,0.626890448,0.614306045,-0.142140053,-0.170955581,-0.091985692,4.610535263,-0.44065155,0.007210977,-0.085740996,-0.451371112,1.184507192
415,0.626890448,-1.627853101,7.035314646,-0.181082882,-0.091985692,4.610535263,-0.44065155,0.007210977,-0.085740996,-0.451371112,1.184507192
416,0.626890448,-1.627853101,-0.142140053,-0.180902037,-0.091985692,4.610535263,-0.44065155,0.007210977,-0.085740996,-0.451371112,1.184507192
417,0.626890448,-1.627853101,-0.142140053,-0.180721192,-0.091985692,4.610535263,-0.44065155,0.007210977,-0.085740996,-0.451371112,1.184507192
418,0.626890448,-1.627853101,-0.142140053,-0.180540348,-0.091985692,4.610535263,-0.44065155,0.007210977,-0.085740996,-0.451371112,1.184507192
419,0.626890448,-1.627853101,-0.142140053,-0.180359503,-0.091985692,4.610535263,-0.44065155,0.007210977,-0.085740996,-0.451371112,1.184507192
420,0.489290174,-1.627853101,-0.142140053,-0.180178658,-0.091985692,4.610535263,-0.44065155,0.007210977,-0.085740996,-0.300630395,-0.842633605
421,0.489290174,-1.627853101,-0.142140053,-0.179997814,-0.091985692,4.610535263,-0.44065155,0.007210977,-0.085740996,-0.300630395,-0.842633605
422,0.489290174,-1.627853101,-0.142140053,-0.179816969,-0.091985692,4.610535263,-0.44065155,0.007210977,-0.085740996,-0.300630395,-0.842633605
423,0.489290174,-1.627853101,-0.142140053,-0.179636124,-0.091985692,4.610535263,-0.44065155,0.007210977,-0.085740996,-0.300630395,-0.842633605
424,0.489290174,-1.627853101,-0.142140053,-0.17945528,-0.091985692,4.610535263,-0.44065155,0.007210977,-0.085740996,-0.300630395,-0.842633605
425,0.489290174,-1.627853101,-0.142140053,-0.179274435,-0.091985692,4.610535263,-0.44065155,0.007210977,-0.085740996,-0.300630395,-0.842633605
426,0.351689901,-1.627853101,-0.142140053,-0.17909359,-0.091985692,4.610535263,-0.44065155,0.007210977,-0.085740996,-0.38205907,-0.893572516
427,0.351689901,-1.627853101,-0.142140053,-0.178912746,-0.091985692,4.610535263,-0.44065155,0.007210977,-0.085740996,-0.38205907,-0.893572516
428,0.351689901,-1.627853101,-0.142140053,-0.178731901,-0.091985692,4.610535263,-0.44065155,0.007210977,-0.085740996,-0.38205907,-0.893572516
429,0.351689901,-1.627853101,-0.142140053,-0.178551056,-0.091985692,4.610535263,-0.44065155,0.007210977,-0.085740996,-0.38205907,-0.893572516
430,0.351689901,-1.627853101,-0.142140053,-0.178370212,-0.091985692,4.610535263,-0.44065155,0.007210977,-0.085740996,-0.38205907,-0.893572516
431,0.351689901,-1.627853101,-0.142140053,-0.178189367,-0.091985692,4.610535263,-0.44065155,0.007210977,-0.085740996,-0.38205907,-0.893572516
432,0.214089628,-1.627853101,-0.142140053,-0.178008523,-0.091985692,4.610535263,-0.44065155,0.007210977,-0.085740996,-0.225276461,1.088460372
433,0.214089628,-1.627853101,-0.142140053,-0.177827678,-0.091985692,4.610535263,-0.44065155,0.007210977,-0.085740996,-0.225276461,1.088460372
434,0.214089628,-1.627853101,-0.142140053,-0.177646833,-0.091985692,4.610535263,-0.44065155,0.007210977,-0.085740996,-0.225276461,1.088460372
435,0.214089628,-1.627853101,-0.142140053,-0.177465989,-0.091985692,4.610535263,-0.44065155,0.007210977,-0.085740996,-0.225276461,1.088460372
436,0.214089628,-1.627853101,-0.142140053,-0.177285144,-0.091985692,4.610535263,-0.44065155,0.007210977,-0.085740996,-0.225276461,1.088460372
437,0.214089628,-1.627853101,-0.142140053,-0.177104299,-0.091985692,4.610535263,-0.44065155,0.007210977,-0.085740996,-0.225276461,1.088460372
438,0.076489355,-1.627853101,-0.142140053,-0.176923455,-0.091985692,4.610535263,-0.44065155,0.007210977,-0.085740996,-0.287596201,0.475905898
439,0.076489355,-1.627853101,-0.142140053,-0.17674261,-0.091985692,4.610535263,-0.44065155,0.007210977,-0.085740996,-0.287596201,0.475905898
440,0.076489355,-1.627853101,-0.142140053,-0.176561765,-0.091985692,4.610535263,-0.44065155,0.007210977,-0.085740996,-0.287596201,0.475905898
441,0.076489355,-1.627853101,-0.142140053,-0.176380921,-0.091985692,4.610535263,-0.44065155,0.007210977,-0.085740996,-0.287596201,0.475905898
442,0.076489355,-1.627853101,-0.142140053,-0.176200076,-0.091985692,4.610535263,-0.44065155,0.007210977,-0.085740996,-0.287596201,0.475905898
443,0.076489355,-1.627853101,-0.142140053,-0.176019231,-0.091985692,4.610535263,-0.44065155,0.007210977,-0.085740996,-0.287596201,0.475905898
444,-0.061110919,-1.627853101,-0.142140053,-0.175838387,-0.091985692,4.610535263,-0.44065155,0.007210977,-0.085740996,-0.495418454,0.638409672
445,-0.061110919,-1.627853101,-0.142140053,-0.175657542,-0.091985692,4.610535263,-0.44065155,0.007210977,-0.085740996,-0.495418454,0.638409672
446,-0.061110919,-1.627853101,-0.142140053,-0.175476697,-0.091985692,4.610535263,-0.44065155,0.007210977,-0.085740996,-0.495418454,0.638409672
447,-0.061110919,-1.627853101,-0.142140053,-0.175295853,-0.091985692,4.610535263,-0.44065155,0.007210977,-0.085740996,-0.495418454,0.638409672
448,-0.061110919,-1.627853101,-0.142140053,-0.175115008,-0.091985692,4.610535263,-0.44065155,0.007210977,-0.085740996,-0.495418454,0.638409672
449,-0.061110919,-1.627853101,-0.142140053,-0.174934164,-0.091985692,4.610535263,-0.44065155,0.007210977,-0.085740996,-0.495418454,0.638409672
450,-0.198711192,-1.627853101,-0.142140053,-0.174753319,-0.091985692,4.610535263,-0.44065155,0.007210977,-0.085740996,-0.313471879,0.528647917
451,-0.198711192,-1.627853101,-0.142140053,-0.174572474,-0.091985692,4.610535263,-0.44065155,0.007210977,-0.085740996,-0.313471879,0.528647917
452,-0.198711192,-1.627853101,-0.142140053,-0.17439163,-0.091985692,4.610535263,-0.44065155,0.007210977,-0.085740996,-0.313471879,0.528647917
453,-0.198711192,-1.627853101,-0.142140053,-0.174210785,-0.091985692,4.610535263,-0.44065155,0.007210977,-0.085740996,-0.313471879,0.528647917
454,-0.198711192,-1.627853101,-0.142140053,-0.17402994,-0.091985692,4.610535263,-0.44065155,0.007210977,-0.085740996,-0.313471879,0.528647917
455,-0.198711192,-1.627853101,-0.142140053,-0.173849096,-0.091985692,4.610535263,-0.44065155,0.007210977,-0.085740996,-0.313471879,0.528647917
456,-0.336311465,-1.627853101,-0.142140053,-0.173668251,-0.091985692,4.610535263,-0.44065155,0.007210977,-0.085740996,-0.182551809,-1.556837493
457,-0.336311465,-1.627853101,-0.142140053,-0.173487406,-0.091985692,4.610535263,-0.44065155,0.007210977,-0.085740996,-0.182551809,-1.556837493
458,-0.336311465,-1.627853101,-0.142140053,-0.173306562,-0.091985692,4.610535263,-0.44065155,0.007210977,-0.085740996,-0.182551809,-1.556837493
459,-0.336311465,-1.627853101,-0.142140053,-0.173125717,-0.091985692,4.610535263,-0.44065155,0.007210977,-0.085740996,-0.182551809,-1.556837493
460,-0.336311465,-1.627853101,-0.142140053,-0.172944872,-0.091985692,4.610535263,-0.44065155,0.007210977,-0.085740996,-0.182551809,-1.556837493
461,-0.336311465,-1.627853101,-0.142140053,-0.172764028,-0.091985692,4.610535263,-0.44065155,0.007210977,-0.085740996,-0.182551809,-1.556837493
462,-0.473911739,-1.627853101,-0.142140053,-0.172583183,-0.091985692,4.610535263,-0.44065155,0.007210977,-0.085740996,-0.305089,-1.099685818
463,-0.473911739,-1.627853101,-0.142140053,-0.172402338,-0.091985692,4.610535263,-0.44065155,0.007210977,-0.085740996,-0.305089,-1.099685818
464,-0.473911739,-1.627853101,-0.142140053,-0.172221494,-0.091985692,4.610535263,-0.44065155,0.007210977,-0.085740996,-0.305089,-1.099685818
465,-0.473911739,-1.627853101,-0.142140053,-0.172040649,-0.091985692,4.610535263,-0.44065155,0.007210977,-0.085740996,-0.305089,-1.099685818
466,-0.473911739,-1.627853101,-0.142140053,-0.171859804,-0.091985692,4.610535263,-0.44065155,0.007210977,-0.085740996,-0.305089,-1.099685818
467,-0.473911739,-1.627853101,-0.142140053,-0.17167896,-0.091985692,4.610535263,-0.44065155,0.007210977,-0.085740996,-0.305089,-1.099685818
468,-0.611512012,-1.627853101,-0.142140053,-0.171498115,-0.091985692,4.610535263,-0.44065155,0.007210977,-0.085740996,-0.141224304,-0.804030394
469,-0.611512012,-1.627853101,-0.142140053,-0.171317271,-0.091985692,4.610535263,-0.44065155,0.007210977,-0.085740996,-0.141224304,-0.804030394
470,-0.611512012,-1.627853101,-0.142140053,-0.171136426,-0.091985692,4.610535263,-0.44065155,0.007210977,-0.085740996,-0.141224304,-0.804030394
471,-0.611512012,-1.627853101,-0.142140053,-0.170955581,-0.091985692,4.610535263,-0.44065155,0.007210977,-0.085740996,-0.141224304,-0.804030394
472,-0.611512012,-1.627853101,-0.142140053,-0.170774737,-0.091985692,4.610535263,-0.44065155,0.007210977,-0.085740996,-0.141224304,-0.804030394
473,-0.611512012,-1.627853101,-0.142140053,-0.170593892,-0.091985692,4.610535263,-0.44065155,0.007210977,-0.085740996,-0.141224304,-0.804030394
474,-0.749112285,-1.627853101,-0.142140053,-0.170413047,-0.091985692,4.610535263,-0.44065155,0.007210977,-0.085740996,-0.120378791,1.21211221
475,-0.749112285,-1.627853101,-0.142140053,-0.170232203,-0.091985692,4.610535263,-0.44065155,0.007210977,-0.085740996,-0.120378791,1.21211221
476,-0.749112285,-1.627853101,-0.142140053,-0.170051358,-0.091985692,4.610535263,-0.44065155,0.007210977,-0.085740996,-0.120378791,1.21211221
477,-0.749112285,-1.627853101,-0.142140053,-0.169870513,-0.091985692,4.610535263,-0.44065155,0.007210977,-0.085740996,-0.120378791,1.21211221
478,-0.749112285,-1.627853101,-0.142140053,-0.169689669,-0.091985692,4.610535263,-0.44065155,0.007210977,-0.085740996,-0.120378791,1.21211221
479,-0.749112285,-1.627853101,-0.142140053,-0.169508824,-0.091985692,4.610535263,-0.44065155,0.007210977,-0.085740996,-0.120378791,1.21211221
480,-0.886712558,-1.627853101,-0.142140053,-0.169327979,-0.091985692,4.610535263,-0.44065155,0.007210977,-0.085740996,0.024554351,0.03805528
481,-0.886712558,-1.627853101,-0.142140053,-0.169147135,-0.091985692,4.610535263,-0.44065155,0.007210977,-0.085740996,0.024554351,0.03805528
482,-0.886712558,-1.627853101,-0.142140053,-0.16896629,-0.091985692,4.610535263,-0.44065155,0.007210977,-0.085740996,0.024554351,0.03805528
483,-0.886712558,-1.627853101,-0.142140053,-0.168785445,-0.091985692,4.610535263,-0.44065155,0.007210977,-0.085740996,0.024554351,0.03805528
484,-0.886712558,-1.627853101,-0.142140053,-0.168604601,-0.091985692,4.610535263,-0.44065155,0.007210977,-0.085740996,0.024554351,0.03805528
485,-0.886712558,-1.627853101,-0.142140053,-0.168423756,-0.091985692,4.610535263,-0.44065155,0.007210977,-0.085740996,0.024554351,0.03805528
486,-0.886712558,-1.627853101,-0.142140053,-0.168242912,-0.091985692,4.610535263,-0.44065155,0.007210977,-0.085740996,0.024554351,0.03805528
487,-0.886712558,-1.627853101,-0.142140053,-0.168062067,-0.091985692,4.610535263,-0.44065155,0.007210977,-0.085740996,0.024554351,0.03805528
488,-0.886712558,-1.627853101,-0.142140053,-0.167881222,-0.091985692,4.610535263,-0.44065155,0.007210977,-0.085740996,0.024554351,0.03805528
489,-0.886712558,-1.627853101,-0.142140053,-0.167700378,-0.091985692,4.610535263,-0.44065155,0.007210977,-0.085740996,0.024554351,0.03805528
490,-0.886712558,-1.627853101,-0.142140053,-0.167519533,-0.091985692,4.610535263,-0.44065155,0.007210977,-0.085740996,0.024554351,0.03805528
491,-0.886712558,-1.627853101,-0.142140053,-0.167338688,-0.091985692,4.610535263,-0.44065155,0.007210977,-0.085740996,0.024554351,0.03805528
492,-0.886712558,-1.627853101,-0.142140053,-0.167157844,-0.091985692,4.610535263,-0.44065155,0.007210977,-0.085740996,0.024554351,0.03805528
493,-0.886712558,-1.627853101,-0.142140053,-0.166976999,-0.091985692,4.610535263,-0.44065155,0.007210977,-0.085740996,0.024554351,0.03805528
494,-0.886712558,-1.627853101,-0.142140053,-0.166796154,-0.091985692,4.610535263,-0.44065155,0.007210977,-0.085740996,0.024554351,0.03805528
495,-0.886712558,-1.627853101,-0.142140053,-0.16661531,-0.091985692,4.610535263,-0.44065155,0.007210977,-0.085740996,0.024554351,0.03805528
496,-0.886712558,-1.627853101,-0.142140053,-0.166434465,-0.091985692,4.610535263,-0.44065155,0.007210977,-0.085740996,0.024554351,0.03805528
497,-0.886712558,-1.627853101,-0.142140053,-0.16625362,-0.091985692,4.610535263,-0.44065155,0.007210977,-0.085740996,0.024554351,0.03805528
498,-0.886712558,-1.627853101,-0.142140053,-0.166072776,-0.091985692,4.610535263,-0.44065155,0.007210977,-0.085740996,0.024554351,0.03805528
499,-0.886712558,-1.627853101,-0.142140053,-0.165891931,-0.091985692,4.610535263,-0.44065155,0.007210977,-0.085740996,0.024554351,0.03805528
500,-0.886712558,-1.627853101,-0.142140053,-0.165711086,-0.091985692,4.610535263,-0.44065155,0.007210977,-0.085740996,0.024554351,0.03805528
501,-0.886712558,-1.627853101,-0.142140053,-0.165530242,-0.091985692,4.610535263,-0.44065155,0.007210977,-0.085740996,0.024554351,0.03805528
502,-0.886712558,0.614306045,7.035314646,-0.181082882,-0.091985692,4.610535263,-0.44065155,0.007210977,-0.085740996,0.024554351,0.03805528
503,-0.886712558,0.614306045,-0.142140053,-0.180902037,-0.091985692,4.610535263,-0.44065155,0.007210977,-0.085740996,0.024554351,0.03805528
504,-0.886712558,0.614306045,-0.142140053,-0.180721192,-0.091985692,4.610535263,-0.44065155,0.007210977,-0.085740996,0.024554351,0.03805528
505,-0.886712558,0.614306045,-0.142140053,-0.180540348,-0.091985692,4.610535263,-0.44065155,0.007210977,-0.085740996,0.024554351,0.03805528
506,-0.886712558,0.614306045,-0.142140053,-0.180359503,-0.091985692,4.610535263,-0.44065155,0.007210977,-0.085740996,0.024554351,0.03805528
507,-0.749112285,0.614306045,-0.142140053,-0.180178658,-0.091985692,4.610535263,-0.44065155,0.007210977,-0.085740996,-0.120378791,1.21211221
508,-0.749112285,0.614306045,-0.142140053,-0.179997814,-0.091985692,4.610535263,-0.44065155,0.007210977,-0.085740996,-0.120378791,1.21211221
509,-0.749112285,0.614306045,-0.142140053,-0.179816969,-0.091985692,4.610535263,-0.44065155,0.007210977,-0.085740996,-0.120378791,1.21211221
510,-0.749112285,0.614306045,-0.142140053,-0.179636124,-0.091985692,4.610535263,-0.44065155,0.007210977,-0.085740996,-0.120378791,1.21211221
511,-0.749112285,0.614306045,-0.142140053,-0.17945528,-0.091985692,4.610535263,-0.44065155,0.007210977,-0.085740996,-0.120378791,1.21211221
512,-0.749112285,0.614306045,-0.142140053,-0.179274435,-0.091985692,4.610535263,-0.44065155,0.007210977,-0.085740996,-0.120378791,1.21211221
513,-0.611512012,0.614306045,-0.142140053,-0.17909359,-0.091985692,4.610535263,-0.44065155,0.007210977,-0.085740996,-0.141224304,-0.804030394
514,-0.611512012,0.614306045,-0.142140053,-0.178912746,-0.091985692,4.610535263,-0.44065155,0.007210977,-0.085740996,-0.141224304,-0.804030394
515,-0.611512012,0.614306045,-0.142140053,-0.178731901,-0.091985692,4.610535263,-0.44065155,0.007210977,-0.085740996,-0.141224304,-0.804030394
516,-0.611512012,0.614306045,-0.142140053,-0.178551056,-0.091985692,4.610535263,-0.44065155,0.007210977,-0.085740996,-0.141224304,-0.804030394
517,-0.611512012,0.614306045,-0.142140053,-0.178370212,-0.091985692,4.610535263,-0.44065155,0.007210977,-0.085740996,-0.141224304,-0.804030394
518,-0.611512012,0.614306045,-0.142140053,-0.178189367,-0.091985692,4.610535263,-0.44065155,0.007210977,-0.085740996,-0.141224304,-0.804030394
519,-0.473911739,0.614306045,-0.142140053,-0.178008523,-0.091985692,4.610535263,-0.44065155,0.007210977,-0.085740996,-0.305089,-1.099685818
520,-0.473911739,0.614306045,-0.142140053,-0.177827678,-0.091985692,4.610535263,-0.44065155,0.007210977,-0.085740996,-0.305089,-1.099685818
521,-0.473911739,0.614306045,-0.142140053,-0.177646833,-0.091985692,4.610535263,-0.44065155,0.007210977,-0.085740996,-0.305089,-1.099685818
522,-0.473911739,0.614306045,-0.142140053,-0.177465989,-0.091985692,4.610535263,-0.44065155,0.007210977,-0.085740996,-0.305089,-1.099685818
523,-0.473911739,0.614306045,-0.142140053,-0.177285144,-0.091985692,4.610535263,-0.44065155,0.007210977,-0.085740996,-0.305089,-1.099685818
524,-0.473911739,0.614306045,-0.142140053,-0.177104299,-0.091985692,4.610535263,-0.44065155,0.007210977,-0.085740996,-0.305089,-1.099685818
525,-0.336311465,0.614306045,-0.142140053,-0.176923455,-0.091985692,4.610535263,-0.44065155,0.007210977,-0.085740996,-0.182551809,-1.556837493
526,-0.336311465,0.614306045,-0.142140053,-0.17674261,-0.091985692,4.610535263,-0.44065155,0.007210977,-0.085740996,-0.182551809,-1.556837493
527,-0.336311465,0.614306045,-0.142140053,-0.176561765,-0.091985692,4.610535263,-0.44065155,0.007210977,-0.085740996,-0.182551809,-1.556837493
528,-0.336311465,0.614306045,-0.142140053,-0.176380921,-0.091985692,4.610535263,-0.44065155,0.007210977,-0.085740996,-0.182551809,-1.556837493
529,-0.336311465,0.614306045,-0.142140053,-0.176200076,-0.091985692,4.610535263,-0.44065155,0.007210977,-0.085740996,-0.182551809,-1.556837493
530,-0.336311465,0.614306045,-0.142140053,-0.176019231,-0.091985692,4.610535263,-0.44065155,0.007210977,-0.085740996,-0.182551809,-1.556837493
531,-0.198711192,0.614306045,-0.142140053,-0.175838387,-0.091985692,4.610535263,-0.44065155,0.007210977,-0.085740996,-0.313471879,0.528647917
532,-0.198711192,0.614306045,-0.142140053,-0.175657542,-0.091985692,4.610535263,-0.44065155,0.007210977,-0.085740996,-0.313471879,0.528647917
533,-0.198711192,0.614306045,-0.142140053,-0.175476697,-0.091985692,4.610535263,-0.44065155,0.007210977,-0.085740996,-0.313471879,0.528647917
534,-0.198711192,0.614306045,-0.142140053,-0.175295853,-0.091985692,4.610535263,-0.44065155,0.007210977,-0.085740996,-0.313471879,0.528647917
535,-0.198711192,0.614306045,-0.142140053,-0.175115008,-0.091985692,4.610535263,-0.44065155,0.007210977,-0.085740996,-0.313471879,0.528647917
536,-0.198711192,0.614306045,-0.142140053,-0.174934164,-0.091985692,4.610535263,-0.44065155,0.007210977,-0.085740996,-0.313471879,0.528647917
537,-0.061110919,0.614306045,-0.142140053,-0.174753319,-0.091985692,4.610535263,-0.44065155,0.007210977,-0.085740996,-0.495418454,0.638409672
538,-0.061110919,0.614306045,-0.142140053,-0.174572474,-0.091985692,4.610535263,-0.44065155,0.007210977,-0.085740996,-0.495418454,0.638409672
539,-0.061110919,0.614306045,-0.142140053,-0.17439163,-0.091985692,4.610535263,-0.44065155,0.007210977,-0.085740996,-0.495418454,0.638409672
540,-0.061110919,0.614306045,-0.142140053,-0.174210785,-0.091985692,4.610535263,-0.44065155,0.007210977,-0.085740996,-0.495418454,0.638409672
541,-0.061110919,0.614306045,-0.142140053,-0.17402994,-0.091985692,4.610535263,-0.44065155,0.007210977,-0.085740996,-0.495418454,0.638409672
542,-0.061110919,0.614306045,-0.142140053,-0.173849096,-0.091985692,4.610535263,-0.44065155,0.007210977,-0.085740996,-0.495418454,0.638409672
543,0.076489355,0.614306045,-0.142140053,-0.173668251,-0.091985692,4.610535263,-0.44065155,0.007210977,-0.085740996,-0.287596201,0.475905898
544,0.076489355,0.614306045,-0.142140053,-0.173487406,-0.091985692,4.610535263,-0.44065155,0.007210977,-0.085740996,-0.287596201,0.475905898
545,0.076489355,0.614306045,-0.142140053,-0.173306562,-0.091985692,4.610535263,-0.44065155,0.007210977,-0.085740996,-0.287596201,0.475905898
546,0.076489355,0.614306045,-0.142140053,-0.173125717,-0.091985692,4.610535263,-0.44065155,0.007210977,-0.085740996,-0.287596201,0.475905898
547,0.076489355,0.614306045,-0.142140053,-0.172944872,-0.091985692,4.610535263,-0.44065155,0.007210977,-0.085740996,-0.287596201,0.475905898
548,0.076489355,0.614306045,-0.142140053,-0.172764028,-0.091985692,4.610535263,-0.44065155,0.007210977,-0.085740996,-0.287596201,0.475905898
549,0.214089628,0.614306045,-0.142140053,-0.172583183,-0.091985692,4.610535263,-0.44065155,0.007210977,-0.085740996,-0.225276461,1.088460372
550,0.214089628,0.614306045,-0.142140053,-0.172402338,-0.091985692,4.610535263,-0.44065155,0.007210977,-0.085740996,-0.225276461,1.088460372
551,0.214089628,0.614306045,-0.142140053,-0.172221494,-0.091985692,4.610535263,-0.44065155,0.007210977,-0.085740996,-0.225276461,1.088460372
552,0.214089628,0.614306045,-0.142140053,-0.172040649,-0.091985692,4.610535263,-0.44065155,0.007210977,-0.085740996,-0.225276461,1.088460372
553,0.214089628,0.614306045,-0.142140053,-0.171859804,-0.091985692,4.610535263,-0.44065155,0.007210977,-0.085740996,-0.225276461,1.088460372
554,0.214089628,0.614306045,-0.142140053,-0.17167896,-0.091985692,4.610535263,-0.44065155,0.007210977,-0.085740996,-0.225276461,1.088460372
555,0.351689901,0.614306045,-0.142140053,-0.171498115,-0.091985692,4.610535263,-0.44065155,0.007210977,-0.085740996,-0.38205907,-0.893572516
556,0.351689901,0.614306045,-0.142140053,-0.171317271,-0.091985692,4.610535263,-0.44065155,0.007210977,-0.085740996,-0.38205907,-0.893572516
557,0.351689901,0.614306045,-0.142140053,-0.171136426,-0.091985692,4.610535263,-0.44065155,0.007210977,-0.085740996,-0.38205907,-0.893572516
558,0.351689901,0.614306045,-0.142140053,-0.170955581,-0.091985692,4.610535263,-0.44065155,0.007210977,-0.085740996,-0.38205907,-0.893572516
559,0.351689901,0.614306045,-0.142140053,-0.170774737,-0.091985692,4.610535263,-0.44065155,0.007210977,-0.085740996,-0.38205907,-0.893572516
560,0.351689901,0.614306045,-0.142140053,-0.170593892,-0.091985692,4.610535263,-0.44065155,0.007210977,-0.085740996,-0.38205907,-0.893572516
561,0.489290174,0.614306045,-0.142140053,-0.170413047,-0.091985692,4.610535263,-0.44065155,0.007210977,-0.085740996,-0.300630395,-0.842633605
562,0.489290174,0.614306045,-0.142140053,-0.170232203,-0.091985692,4.610535263,-0.44065155,0.007210977,-0.085740996,-0.300630395,-0.842633605
563,0.489290174,0.614306045,-0.142140053,-0.170051358,-0.091985692,4.610535263,-0.44065155,0.007210977,-0.085740996,-0.300630395,-0.842633605
564,0.489290174,0.614306045,-0.142140053,-0.169870513,-0.091985692,4.610535263,-0.44065155,0.007210977,-0.085740996,-0.300630395,-0.842633605
565,0.489290174,0.614306045,-0.142140053,-0.169689669,-0.091985692,4.610535263,-0.44065155,0.007210977,-0.085740996,-0.300630395,-0.842633605
566,0.489290174,0.614306045,-0.142140053,-0.169508824,-0.091985692,4.610535263,-0.44065155,0.007210977,-0.085740996,-0.300630395,-0.842633605
567,0.626890448,0.614306045,-0.142140053,-0.169327979,-0.091985692,4.610535263,-0.44065155,0.007210977,-0.085740996,-0.451371112,1.184507192
568,0.626890448,0.614306045,-0.142140053,-0.169147135,-0.091985692,4.610535263,-0.44065155,0.007210977,-0.085740996,-0.451371112,1.184507192
569,0.626890448,0.614306045,-0.142140053,-0.16896629,-0.091985692,4.610535263,-0.44065155,0.007210977,-0.085740996,-0.451371112,1.184507192
570,0.626890448,0.614306045,-0.142140053,-0.168785445,-0.091985692,4.610535263,-0.44065155,0.007210977,-0.085740996,-0.451371112,1.184507192
571,0.626890448,0.614306045,-0.142140053,-0.168604601,-0.091985692,4.610535263,-0.44065155,0.007210977,-0.085740996,-0.451371112,1.184507192
572,0.626890448,0.614306045,-0.142140053,-0.168423756,-0.091985692,4.610535263,-0.44065155,0.007210977,-0.085740996,-0.451371112,1.184507192
573,0.764490721,0.614306045,-0.142140053,-0.168242912,-0.091985692,4.610535263,-0.44065155,0.007210977,-0.085740996,-0.468185485,0.025426383
574,0.764490721,0.614306045,-0.142140053,-0.168062067,-0.091985692,4.610535263,-0.44065155,0.007210977,-0.085740996,-0.468185485,0.025426383
575,0.764490721,0.614306045,-0.142140053,-0.167881222,-0.091985692,4.610535263,-0.44065155,0.007210977,-0.085740996,-0.468185485,0.025426383
576,0.764490721,0.614306045,-0.142140053,-0.167700378,-0.091985692,4.610535263,-0.44065155,0.007210977,-0.085740996,-0.468185485,0.025426383
577,0.764490721,0.614306045,-0.142140053,-0.167519533,-0.091985692,4.610535263,-0.44065155,0.007210977,-0.085740996,-0.468185485,0.025426383
578,0.764490721,0.614306045,-0.142140053,-0.167338688,-0.091985692,4.610535263,-0.44065155,0.007210977,-0.085740996,-0.468185485,0.025426383
579,0.902090994,0.614306045,-0.142140053,-0.167157844,-0.091985692,4.610535263,-0.44065155,0.007210977,-0.085740996,-0.632213985,0.499142058
580,0.902090994,0.614306045,-0.142140053,-0.166976999,-0.091985692,4.610535263,-0.44065155,0.007210977,-0.085740996,-0.632213985,0.499142058
581,0.902090994,0.614306045,-0.142140053,-0.166796154,-0.091985692,4.610535263,-0.44065155,0.007210977,-0.085740996,-0.632213985,0.499142058
582,0.902090994,0.614306045,-0.142140053,-0.16661531,-0.091985692,4.610535263,-0.44065155,0.007210977,-0.085740996,-0.632213985,0.499142058
583,0.902090994,0.614306045,-0.142140053,-0.166434465,-0.091985692,4.610535263,-0.44065155,0.007210977,-0.085740996,-0.632213985,0.499142058
584,0.902090994,0.614306045,-0.142140053,-0.16625362,-0.091985692,4.610535263,-0.44065155,0.007210977,-0.085740996,-0.632213985,0.499142058
585,1.039691268,0.614306045,-0.142140053,-0.166072776,-0.091985692,4.610535263,-0.44065155,0.007210977,-0.085740996,-0.765245104,0.349325381
586,1.039691268,0.614306045,-0.142140053,-0.165891931,-0.091985692,4.610535263,-0.44065155,0.007210977,-0.085740996,-0.765245104,0.349325381
587,1.039691268,0.614306045,-0.142140053,-0.165711086,-0.091985692,4.610535263,-0.44065155,0.007210977,-0.085740996,-0.765245104,0.349325381
588,1.039691268,0.614306045,-0.142140053,-0.165530242,-0.091985692,4.610535263,-0.44065155,0.007210977,-0.085740996,-0.765245104,0.349325381
589,1.039691268,0.614306045,-0.142140053,-0.165349397,-0.091985692,4.610535263,-0.44065155,0.007210977,-0.085740996,-0.765245104,0.349325381
590,1.039691268,0.614306045,-0.142140053,-0.165168553,-0.091985692,4.610535263,-0.44065155,0.007210977,-0.085740996,-0.765245104,0.349325381
591,1.039691268,-1.627853101,7.035314646,-0.181082882,-0.091985692,4.610535263,0.076848157,0.007210977,-0.085740996,-0.765245104,0.349325381
592,1.039691268,-1.627853101,-0.142140053,-0.180902037,-0.091985692,4.610535263,0.076848157,0.007210977,-0.085740996,-0.765245104,0.349325381
593,1.039691268,-1.627853101,-0.142140053,-0.180721192,-0.091985692,4.610535263,0.076848157,0.007210977,-0.085740996,-0.765245104,0.349325381
594,1.039691268,-1.627853101,-0.142140053,-0.180540348,-0.091985692,4.610535263,0.076848157,0.007210977,-0.085740996,-0.765245104,0.349325381
595,1.039691268,-1.627853101,-0.142140053,-0.180359503,-0.091985692,4.610535263,0.076848157,0.007210977,-0.085740996,-0.765245104,0.349325381
596,-0.886712558,-1.627853101,-0.142140053,-0.180178658,-0.091985692,4.610535263,0.076848157,0.007210977,-0.085740996,0.024554351,0.03805528
597,-0.886712558,-1.627853101,-0.142140053,-0.179997814,-0.091985692,4.610535263,0.076848157,0.007210977,-0.085740996,0.024554351,0.03805528
598,-0.886712558,-1.627853101,-0.142140053,-0.179816969,-0.091985692,4.610535263,0.076848157,0.007210977,-0.085740996,0.024554351,0.03805528
599,-0.886712558,-1.627853101,-0.142140053,-0.179636124,-0.091985692,4.610535263,0.076848157,0.007210977,-0.085740996,0.024554351,0.03805528
600,-0.886712558,-1.627853101,-0.142140053,-0.17945528,-0.091985692,4.610535263,0.076848157,0.007210977,-0.085740996,0.024554351,0.03805528
601,-0.886712558,-1.627853101,-0.142140053,-0.179274435,-0.091985692,4.610535263,0.076848157,0.007210977,-0.085740996,0.024554351,0.03805528
602,-0.886712558,-1.627853101,-0.142140053,-0.17909359,-0.091985692,4.610535263,0.076848157,0.007210977,-0.085740996,0.024554351,0.03805528
603,-0.886712558,-1.627853101,-0.142140053,-0.178912746,-0.091985692,4.610535263,0.076848157,0.007210977,-0.085740996,0.024554351,0.03805528
604,-0.886712558,-1.627853101,-0.142140053,-0.178731901,-0.091985692,4.610535263,0.076848157,0.007210977,-0.085740996,0.024554351,0.03805528
605,-0.886712558,0.614306045,7.035314646,-0.181082882,-0.091985692,-0.28866312,0.076848157,0.007210977,-0.085740996,0.024554351,0.03805528
606,-0.886712558,0.614306045,-0.142140053,-0.180902037,-0.091985692,-0.28866312,0.076848157,0.007210977,-0.085740996,0.024554351,0.03805528
607,-0.886712558,0.614306045,-0.142140053,-0.180721192,-0.091985692,-0.28866312,0.076848157,0.007210977,-0.085740996,0.024554351,0.03805528
608,-0.886712558,0.614306045,-0.142140053,-0.180540348,-0.091985692,-0.28866312,0.076848157,0.007210977,-0.085740996,0.024554351,0.03805528
609,-0.886712558,0.614306045,-0.142140053,-0.180359503,-0.091985692,-0.28866312,0.076848157,0.007210977,-0.085740996,0.024554351,0.03805528
610,-0.749112285,0.614306045,-0.142140053,-0.180178658,-0.091985692,-0.28866312,0.076848157,0.007210977,-0.085740996,-0.120378791,1.21211221
611,-0.749112285,0.614306045,-0.142140053,-0.179997814,-0.091985692,-0.28866312,0.076848157,0.007210977,-0.085740996,-0.120378791,1.21211221
612,-0.749112285,0.614306045,-0.142140053,-0.179816969,-0.091985692,-0.28866312,0.076848157,0.007210977,-0.085740996,-0.120378791,1.21211221
613,-0.749112285,0.614306045,-0.142140053,-0.179636124,-0.091985692,-0.28866312,0.076848157,0.007210977,-0.085740996,-0.120378791,1.21211221
614,-0.749112285,0.614306045,-0.142140053,-0.17945528,-0.091985692,-0.28866312,0.076848157,0.007210977,-0.085740996,-0.120378791,1.21211221
615,-0.749112285,0.614306045,-0.142140053,-0.179274435,-0.091985692,-0.28866312,0.076848157,0.007210977,-0.085740996,-0.120378791,1.21211221
616,-0.611512012,0.614306045,-0.142140053,-0.17909359,-0.091985692,-0.28866312,0.076848157,0.007210977,-0.085740996,-0.141224304,-0.804030394
617,-0.611512012,0.614306045,-0.142140053,-0.178912746,-0.091985692,-0.28866312,0.076848157,0.007210977,-0.085740996,-0.141224304,-0.804030394
618,-0.611512012,0.614306045,-0.142140053,-0.178731901,-0.091985692,-0.28866312,0.076848157,0.007210977,-0.085740996,-0.141224304,-0.804030394
619,-0.611512012,0.614306045,-0.142140053,-0.178551056,-0.091985692,-0.28866312,0.076848157,0.007210977,-0.085740996,-0.141224304,-0.804030394
620,-0.611512012,0.614306045,-0.142140053,-0.178370212,-0.091985692,-0.28866312,0.076848157,0.007210977,-0.085740996,-0.141224304,-0.804030394
621,-0.611512012,0.614306045,-0.142140053,-0.178189367,-0.091985692,-0.28866312,0.076848157,0.007210977,-0.085740996,-0.141224304,-0.804030394
622,-0.473911739,0.614306045,-0.142140053,-0.178008523,-0.091985692,-0.28866312,0.076848157,0.007210977,-0.085740996,-0.305089,-1.099685818
623,-0.473911739,0.614306045,-0.142140053,-0.177827678,-0.091985692,-0.28866312,0.076848157,0.007210977,-0.085740996,-0.305089,-1.099685818
624,-0.473911739,0.614306045,-0.142140053,-0.177646833,-0.091985692,-0.28866312,0.076848157,0.007210977,-0.085740996,-0.305089,-1.099685818
625,-0.473911739,0.614306045,-0.142140053,-0.177465989,-0.091985692,-0.28866312,0.076848157,0.007210977,-0.085740996,-0.305089,-1.099685818
626,-0.473911739,0.614306045,-0.142140053,-0.177285144,-0.091985692,-0.28866312,0.076848157,0.007210977,-0.085740996,-0.305089,-1.099685818
627,-0.473911739,0.614306045,-0.142140053,-0.177104299,-0.091985692,-0.28866312,0.076848157,0.007210977,-0.085740996,-0.305089,-1.099685818
628,-0.336311465,0.614306045,-0.142140053,-0.176923455,-0.091985692,-0.28866312,0.076848157,0.007210977,-0.085740996,-0.182551809,-1.556837493
629,-0.336311465,0.614306045,-0.142140053,-0.17674261,-0.091985692,-0.28866312,0.076848157,0.007210977,-0.085740996,-0.182551809,-1.556837493
630,-0.336311465,0.614306045,-0.142140053,-0.176561765,-0.091985692,-0.28866312,0.076848157,0.007210977,-0.085740996,-0.182551809,-1.556837493
631,-0.336311465,0.614306045,-0.142140053,-0.176380921,-0.091985692,-0.28866312,0.076848157,0.007210977,-0.085740996,-0.182551809,-1.556837493
632,-0.336311465,0.614306045,-0.142140053,-0.176200076,-0.091985692,-0.28866312,0.076848157,0.007210977,-0.085740996,-0.182551809,-1.556837493
633,-0.336311465,0.614306045,-0.142140053,-0.176019231,-0.091985692,-0.28866312,0.076848157,0.007210977,-0.085740996,-0.182551809,-1.556837493
634,-0.198711192,0.614306045,-0.142140053,-0.175838387,-0.091985692,-0.28866312,0.076848157,0.007210977,-0.085740996,-0.313471879,0.528647917
635,-0.198711192,0.614306045,-0.142140053,-0.175657542,-0.091985692,-0.28866312,0.076848157,0.007210977,-0.085740996,-0.313471879,0.528647917
636,-0.198711192,0.614306045,-0.142140053,-0.175476697,-0.091985692,-0.28866312,0.076848157,0.007210977,-0.085740996,-0.313471879,0.528647917
637,-0.198711192,0.614306045,-0.142140053,-0.175295853,-0.091985692,-0.28866312,0.076848157,0.007210977,-0.085740996,-0.313471879,0.528647917
638,-0.198711192,0.614306045,-0.142140053,-0.175115008,-0.091985692,-0.28866312,0.076848157,0.007210977,-0.085740996,-0.313471879,0.528647917
639,-0.198711192,0.614306045,-0.142140053,-0.174934164,-0.091985692,-0.28866312,0.076848157,0.007210977,-0.085740996,-0.313471879,0.528647917
640,-0.061110919,0.614306045,-0.142140053,-0.174753319,-0.091985692,-0.28866312,0.076848157,0.007210977,-0.085740996,-0.495418454,0.638409672
641,-0.061110919,0.614306045,-0.142140053,-0.174572474,-0.091985692,-0.28866312,0.076848157,0.007210977,-0.085740996,-0.495418454,0.638409672
642,-0.061110919,0.614306045,-0.142140053,-0.17439163,-0.091985692,-0.28866312,0.076848157,0.007210977,-0.085740996,-0.495418454,0.638409672
643,-0.061110919,0.614306045,-0.142140053,-0.174210785,-0.091985692,-0.28866312,0.076848157,0.007210977,-0.085740996,-0.495418454,0.638409672
644,-0.061110919,0.614306045,-0.142140053,-0.17402994,-0.091985692,-0.28866312,0.076848157,0.007210977,-0.085740996,-0.495418454,0.638409672
645,-0.061110919,0.614306045,-0.142140053,-0.173849096,-0.091985692,-0.28866312,0.076848157,0.007210977,-0.085740996,-0.495418454,0.638409672
646,0.076489355,0.614306045,-0.142140053,-0.173668251,-0.091985692,-0.28866312,0.076848157,0.007210977,-0.085740996,-0.287596201,0.475905898
647,0.076489355,0.614306045,-0.142140053,-0.173487406,-0.091985692,-0.28866312,0.076848157,0.007210977,-0.085740996,-0.287596201,0.475905898
648,0.076489355,0.614306045,-0.142140053,-0.173306562,-0.091985692,-0.28866312,0.076848157,0.007210977,-0.085740996,-0.287596201,0.475905898
649,0.076489355,0.614306045,-0.142140053,-0.173125717,-0.091985692,-0.28866312,0.076848157,0.007210977,-0.085740996,-0.287596201,0.475905898
650,0.076489355,0.614306045,-0.142140053,-0.172944872,-0.091985692,-0.28866312,0.076848157,0.007210977,-0.085740996,-0.287596201,0.475905898
651,0.076489355,0.614306045,-0.142140053,-0.172764028,-0.091985692,-0.28866312,0.076848157,0.007210977,-0.085740996,-0.287596201,0.475905898
652,0.214089628,0.614306045,-0.142140053,-0.172583183,-0.091985692,-0.28866312,0.076848157,0.007210977,-0.085740996,-0.225276461,1.088460372
653,0.214089628,0.614306045,-0.142140053,-0.172402338,-0.091985692,-0.28866312,0.076848157,0.007210977,-0.085740996,-0.225276461,1.088460372
654,0.214089628,0.614306045,-0.142140053,-0.172221494,-0.091985692,-0.28866312,0.076848157,0.007210977,-0.085740996,-0.225276461,1.088460372
655,0.214089628,0.614306045,-0.142140053,-0.172040649,-0.091985692,-0.28866312,0.076848157,0.007210977,-0.085740996,-0.225276461,1.088460372
656,0.214089628,0.614306045,-0.142140053,-0.171859804,-0.091985692,-0.28866312,0.076848157,0.007210977,-0.085740996,-0.225276461,1.088460372
657,0.214089628,0.614306045,-0.142140053,-0.17167896,-0.091985692,-0.28866312,0.076848157,0.007210977,-0.085740996,-0.225276461,1.088460372
658,0.351689901,0.614306045,-0.142140053,-0.171498115,-0.091985692,-0.28866312,0.076848157,0.007210977,-0.085740996,-0.38205907,-0.893572516
659,0.351689901,0.614306045,-0.142140053,-0.171317271,-0.091985692,-0.28866312,0.076848157,0.007210977,-0.085740996,-0.38205907,-0.893572516
660,0.351689901,0.614306045,-0.142140053,-0.171136426,-0.091985692,-0.28866312,0.076848157,0.007210977,-0.085740996,-0.38205907,-0.893572516
661,0.351689901,0.614306045,-0.142140053,-0.170955581,-0.091985692,-0.28866312,0.076848157,0.007210977,-0.085740996,-0.38205907,-0.893572516
662,0.351689901,0.614306045,-0.142140053,-0.170774737,-0.091985692,-0.28866312,0.076848157,0.007210977,-0.085740996,-0.38205907,-0.893572516
663,0.351689901,0.614306045,-0.142140053,-0.170593892,-0.091985692,-0.28866312,0.076848157,0.007210977,-0.085740996,-0.38205907,-0.893572516
664,0.489290174,0.614306045,-0.142140053,-0.170413047,-0.091985692,-0.28866312,0.076848157,0.007210977,-0.085740996,-0.300630395,-0.842633605
665,0.489290174,0.614306045,-0.142140053,-0.170232203,-0.091985692,-0.28866312,0.076848157,0.007210977,-0.085740996,-0.300630395,-0.842633605
666,0.489290174,0.614306045,-0.142140053,-0.170051358,-0.091985692,-0.28866312,0.076848157,0.007210977,-0.085740996,-0.300630395,-0.842633605
667,0.489290174,0.614306045,-0.142140053,-0.169870513,-0.091985692,-0.28866312,0.076848157,0.007210977,-0.085740996,-0.300630395,-0.842633605
668,0.489290174,0.614306045,-0.142140053,-0.169689669,-0.091985692,-0.28866312,0.076848157,0.007210977,-0.085740996,-0.300630395,-0.842633605
669,0.489290174,0.614306045,-0.142140053,-0.169508824,-0.091985692,-0.28866312,0.076848157,0.007210977,-0.085740996,-0.300630395,-0.842633605
670,0.626890448,0.614306045,-0.142140053,-0.169327979,-0.091985692,-0.28866312,0.076848157,0.007210977,-0.085740996,-0.451371112,1.184507192
671,0.626890448,0.614306045,-0.142140053,-0.169147135,-0.091985692,-0.28866312,0.076848157,0.007210977,-0.085740996,-0.451371112,1.184507192
672,0.626890448,0.614306045,-0.142140053,-0.16896629,-0.091985692,-0.28866312,0.076848157,0.007210977,-0.085740996,-0.451371112,1.184507192
673,0.626890448,0.614306045,-0.142140053,-0.168785445,-0.091985692,-0.28866312,0.076848157,0.007210977,-0.085740996,-0.451371112,1.184507192
674,0.626890448,0.614306045,-0.142140053,-0.168604601,-0.091985692,-0.28866312,0.076848157,0.007210977,-0.085740996,-0.451371112,1.184507192
675,0.626890448,0.614306045,-0.142140053,-0.168423756,-0.091985692,-0.28866312,0.076848157,0.007210977,-0.085740996,-0.451371112,1.184507192
676,0.764490721,0.614306045,-0.142140053,-0.168242912,-0.091985692,-0.28866312,0.076848157,0.007210977,-0.085740996,-0.468185485,0.025426383
677,0.764490721,0.614306045,-0.142140053,-0.168062067,-0.091985692,-0.28866312,0.076848157,0.007210977,-0.085740996,-0.468185485,0.025426383
678,0.764490721,0.614306045,-0.142140053,-0.167881222,-0.091985692,-0.28866312,0.076848157,0.007210977,-0.085740996,-0.468185485,0.025426383
679,0.764490721,0.614306045,-0.142140053,-0.167700378,-0.091985692,-0.28866312,0.076848157,0.007210977,-0.085740996,-0.468185485,0.025426383
680,0.764490721,0.614306045,-0.142140053,-0.167519533,-0.091985692,-0.28866312,0.076848157,0.007210977,-0.085740996,-0.468185485,0.025426383
681,0.764490721,0.614306045,-0.142140053,-0.167338688,-0.091985692,-0.28866312,0.076848157,0.007210977,-0.085740996,-0.468185485,0.025426383
682,0.764490721,-1.627853101,7.035314646,-0.181082882,-0.094485233,-0.28866312,-0.268151648,0.007210977,-0.085740996,-0.468185485,0.025426383
683,0.764490721,-1.627853101,-0.142140053,-0.180902037,-0.094485233,-0.28866312,-0.268151648,0.007210977,-0.085740996,-0.468185485,0.025426383
684,0.764490721,-1.627853101,-0.142140053,-0.180721192,-0.094485233,-0.28866312,-0.268151648,0.007210977,-0.085740996,-0.468185485,0.025426383
685,0.764490721,-1.627853101,-0.142140053,-0.180540348,-0.094485233,-0.28866312,-0.268151648,0.007210977,-0.085740996,-0.468185485,0.025426383
686,0.764490721,-1.627853101,-0.142140053,-0.180359503,-0.094485233,-0.28866312,-0.268151648,0.007210977,-0.085740996,-0.468185485,0.025426383
687,-0.886712558,-1.627853101,-0.142140053,-0.180178658,-0.094485233,-0.28866312,-0.268151648,0.007210977,-0.085740996,0.024554351,0.03805528
688,-0.886712558,-1.627853101,-0.142140053,-0.179997814,-0.094485233,-0.28866312,-0.268151648,0.007210977,-0.085740996,0.024554351,0.03805528
689,-0.886712558,-1.627853101,-0.142140053,-0.179816969,-0.094485233,-0.28866312,-0.268151648,0.007210977,-0.085740996,0.024554351,0.03805528
690,-0.886712558,-1.627853101,-0.142140053,-0.179636124,-0.094485233,-0.28866312,-0.268151648,0.007210977,-0.085740996,0.024554351,0.03805528
691,-0.886712558,-1.627853101,-0.142140053,-0.17945528,-0.094485233,-0.28866312,-0.268151648,0.007210977,-0.085740996,0.024554351,0.03805528
692,-0.886712558,-1.627853101,-0.142140053,-0.179274435,-0.094485233,-0.28866312,-0.268151648,0.007210977,-0.085740996,0.024554351,0.03805528
693,-0.886712558,-1.627853101,-0.142140053,-0.17909359,-0.094485233,-0.28866312,-0.268151648,0.007210977,-0.085740996,0.024554351,0.03805528
694,-0.886712558,-1.627853101,-0.142140053,-0.178912746,-0.094485233,-0.28866312,-0.268151648,0.007210977,-0.085740996,0.024554351,0.03805528
695,-0.886712558,-1.627853101,-0.142140053,-0.178731901,-0.094485233,-0.28866312,-0.268151648,0.007210977,-0.085740996,0.024554351,0.03805528
696,-0.886712558,-1.627853101,-0.142140053,-0.178551056,-0.094485233,-0.28866312,-0.268151648,0.007210977,-0.085740996,0.024554351,0.03805528
697,-0.886712558,-1.627853101,-0.142140053,-0.178370212,-0.094485233,-0.28866312,-0.268151648,0.007210977,-0.085740996,0.024554351,0.03805528
698,-0.886712558,-1.627853101,-0.142140053,-0.178189367,-0.094485233,-0.28866312,-0.268151648,0.007210977,-0.085740996,0.024554351,0.03805528
699,-0.886712558,-1.627853101,-0.142140053,-0.178008523,-0.094485233,-0.28866312,-0.268151648,0.007210977,-0.085740996,0.024554351,0.03805528
700,-0.886712558,-1.627853101,-0.142140053,-0.177827678,-0.094485233,-0.28866312,-0.268151648,0.007210977,-0.085740996,0.024554351,0.03805528
701,-0.886712558,-1.627853101,-0.142140053,-0.177646833,-0.094485233,-0.28866312,-0.268151648,0.007210977,-0.085740996,0.024554351,0.03805528
702,-0.886712558,-1.627853101,-0.142140053,-0.177465989,-0.094485233,-0.28866312,-0.268151648,0.007210977,-0.085740996,0.024554351,0.03805528
703,-0.886712558,-1.627853101,-0.142140053,-0.177285144,-0.094485233,-0.28866312,-0.268151648,0.007210977,-0.085740996,0.024554351,0.03805528
704,-0.886712558,-1.627853101,-0.142140053,-0.177104299,-0.094485233,-0.28866312,-0.268151648,0.007210977,-0.085740996,0.024554351,0.03805528
705,-0.886712558,0.614306045,7.035314646,-0.181082882,-0.094485233,1.218191982,-0.268151648,0.007210977,-0.085740996,0.024554351,0.03805528
706,-0.886712558,0.614306045,-0.142140053,-0.180902037,-0.094485233,1.218191982,-0.268151648,0.007210977,-0.085740996,0.024554351,0.03805528
707,-0.886712558,0.614306045,-0.142140053,-0.180721192,-0.094485233,1.218191982,-0.268151648,0.007210977,-0.085740996,0.024554351,0.03805528
708,-0.886712558,0.614306045,-0.142140053,-0.180540348,-0.094485233,1.218191982,-0.268151648,0.007210977,-0.085740996,0.024554351,0.03805528
709,-0.886712558,0.614306045,-0.142140053,-0.180359503,-0.094485233,1.218191982,-0.268151648,0.007210977,-0.085740996,0.024554351,0.03805528
710,-0.749112285,0.614306045,-0.142140053,-0.180178658,-0.094485233,1.218191982,-0.268151648,0.007210977,-0.085740996,-0.120378791,1.21211221
711,-0.749112285,0.614306045,-0.142140053,-0.179997814,-0.094485233,1.218191982,-0.268151648,0.007210977,-0.085740996,-0.120378791,1.21211221
712,-0.749112285,0.614306045,-0.142140053,-0.179816969,-0.094485233,1.218191982,-0.268151648,0.007210977,-0.085740996,-0.120378791,1.21211221
713,-0.749112285,-1.627853101,7.035314646,-0.181082882,-0.109353527,1.218191982,-2.165650574,0.007210977,-0.085740996,-0.120378791,1.21211221
714,-0.749112285,-1.627853101,-0.142140053,-0.180902037,-0.109353527,1.218191982,-2.165650574,0.007210977,-0.085740996,-0.120378791,1.21211221
715,-0.749112285,-1.627853101,-0.142140053,-0.180721192,-0.109353527,1.218191982,-2.165650574,0.007210977,-0.085740996,-0.120378791,1.21211221
716,-0.749112285,-1.627853101,-0.142140053,-0.180540348,-0.109353527,1.218191982,-2.165650574,0.007210977,-0.085740996,-0.120378791,1.21211221
717,-0.749112285,-1.627853101,-0.142140053,-0.180359503,-0.109353527,1.218191982,-2.165650574,0.007210977,-0.085740996,-0.120378791,1.21211221
718,-0.886712558,-1.627853101,-0.142140053,-0.180178658,-0.109353527,1.218191982,-2.165650574,0.007210977,-0.085740996,0.024554351,0.03805528
719,-0.886712558,-1.627853101,-0.142140053,-0.179997814,-0.109353527,1.218191982,-2.165650574,0.007210977,-0.085740996,0.024554351,0.03805528
720,-0.886712558,-1.627853101,-0.142140053,-0.179816969,-0.109353527,1.218191982,-2.165650574,0.007210977,-0.085740996,0.024554351,0.03805528
721,-0.886712558,-1.627853101,-0.142140053,-0.179636124,-0.109353527,1.218191982,-2.165650574,0.007210977,-0.085740996,0.024554351,0.03805528
722,-0.886712558,-1.627853101,-0.142140053,-0.17945528,-0.109353527,1.218191982,-2.165650574,0.007210977,-0.085740996,0.024554351,0.03805528
723,-0.886712558,-1.627853101,-0.142140053,-0.179274435,-0.109353527,1.218191982,-2.165650574,0.007210977,-0.085740996,0.024554351,0.03805528
724,-0.886712558,-1.627853101,-0.142140053,-0.17909359,-0.109353527,1.218191982,-2.165650574,0.007210977,-0.085740996,0.024554351,0.03805528
725,-0.886712558,-1.627853101,-0.142140053,-0.178912746,-0.109353527,1.218191982,-2.165650574,0.007210977,-0.085740996,0.024554351,0.03805528
726,-0.886712558,-1.627853101,-0.142140053,-0.178731901,-0.109353527,1.218191982,-2.165650574,0.007210977,-0.085740996,0.024554351,0.03805528
727,-0.886712558,-1.627853101,-0.142140053,-0.178551056,-0.109353527,1.218191982,-2.165650574,0.007210977,-0.085740996,0.024554351,0.03805528
728,-0.886712558,-1.627853101,-0.142140053,-0.178370212,-0.109353527,1.218191982,-2.165650574,0.007210977,-0.085740996,0.024554351,0.03805528
729,-0.886712558,-1.627853101,-0.142140053,-0.178189367,-0.109353527,1.218191982,-2.165650574,0.007210977,-0.085740996,0.024554351,0.03805528
730,-0.886712558,-1.627853101,-0.142140053,-0.178008523,-0.109353527,1.218191982,-2.165650574,0.007210977,-0.085740996,0.024554351,0.03805528
731,-0.886712558,-1.627853101,-0.142140053,-0.177827678,-0.109353527,1.218191982,-2.165650574,0.007210977,-0.085740996,0.024554351,0.03805528
732,-0.886712558,-1.627853101,-0.142140053,-0.177646833,-0.109353527,1.218191982,-2.165650574,0.007210977,-0.085740996,0.024554351,0.03805528
733,-0.886712558,-1.627853101,-0.142140053,-0.177465989,-0.109353527,1.218191982,-2.165650574,0.007210977,-0.085740996,0.024554351,0.03805528
734,-0.886712558,-1.627853101,-0.142140053,-0.177285144,-0.109353527,1.218191982,-2.165650574,0.007210977,-0.085740996,0.024554351,0.03805528
735,-0.886712558,-1.627853101,-0.142140053,-0.177104299,-0.109353527,1.218191982,-2.165650574,0.007210977,-0.085740996,0.024554351,0.03805528
736,-0.886712558,-1.627853101,-0.142140053,-0.176923455,-0.109353527,1.218191982,-2.165650574,0.007210977,-0.085740996,0.024554351,0.03805528
737,-0.886712558,-1.627853101,-0.142140053,-0.17674261,-0.109353527,1.218191982,-2.165650574,0.007210977,-0.085740996,0.024554351,0.03805528
738,-0.886712558,-1.627853101,-0.142140053,-0.176561765,-0.109353527,1.218191982,-2.165650574,0.007210977,-0.085740996,0.024554351,0.03805528
739,-0.886712558,-1.627853101,-0.142140053,-0.176380921,-0.109353527,1.218191982,-2.165650574,0.007210977,-0.085740996,0.024554351,0.03805528
740,-0.886712558,-1.627853101,-0.142140053,-0.176200076,-0.109353527,1.218191982,-2.165650574,0.007210977,-0.085740996,0.024554351,0.03805528
741,-0.886712558,-1.627853101,-0.142140053,-0.176019231,-0.109353527,1.218191982,-2.165650574,0.007210977,-0.085740996,0.024554351,0.03805528
742,-0.886712558,-1.627853101,-0.142140053,-0.175838387,-0.109353527,1.218191982,-2.165650574,0.007210977,-0.085740996,0.024554351,0.03805528
743,-0.886712558,-1.627853101,-0.142140053,-0.175657542,-0.109353527,1.218191982,-2.165650574,0.007210977,-0.085740996,0.024554351,0.03805528
744,-0.886712558,-1.627853101,-0.142140053,-0.175476697,-0.109353527,1.218191982,-2.165650574,0.007210977,-0.085740996,0.024554351,0.03805528
745,-0.886712558,-1.627853101,-0.142140053,-0.175295853,-0.109353527,1.218191982,-2.165650574,0.007210977,-0.085740996,0.024554351,0.03805528
746,-0.886712558,-1.627853101,-0.142140053,-0.175115008,-0.109353527,1.218191982,-2.165650574,0.007210977,-0.085740996,0.024554351,0.03805528
747,-0.886712558,-1.627853101,-0.142140053,-0.174934164,-0.109353527,1.218191982,-2.165650574,0.007210977,-0.085740996,0.024554351,0.03805528
748,-0.886712558,-1.627853101,-0.142140053,-0.174753319,-0.109353527,1.218191982,-2.165650574,0.007210977,-0.085740996,0.024554351,0.03805528
749,-0.886712558,-1.627853101,-0.142140053,-0.174572474,-0.109353527,1.218191982,-2.165650574,0.007210977,-0.085740996,0.024554351,0.03805528
750,-0.886712558,-1.627853101,-0.142140053,-0.17439163,-0.109353527,1.218191982,-2.165650574,0.007210977,-0.085740996,0.024554351,0.03805528
751,-0.886712558,-1.627853101,-0.142140053,-0.174210785,-0.109353527,1.218191982,-2.165650574,0.007210977,-0.085740996,0.024554351,0.03805528
752,-0.886712558,-1.627853101,-0.142140053,-0.17402994,-0.109353527,1.218191982,-2.165650574,0.007210977,-0.085740996,0.024554351,0.03805528
753,-0.886712558,-1.627853101,-0.142140053,-0.173849096,-0.109353527,1.218191982,-2.165650574,0.007210977,-0.085740996,0.024554351,0.03805528
754,-0.886712558,-1.627853101,-0.142140053,-0.173668251,-0.109353527,1.218191982,-2.165650574,0.007210977,-0.085740996,0.024554351,0.03805528
755,-0.886712558,-1.627853101,-0.142140053,-0.173487406,-0.109353527,1.218191982,-2.165650574,0.007210977,-0.085740996,0.024554351,0.03805528
756,-0.886712558,-1.627853101,-0.142140053,-0.173306562,-0.109353527,1.218191982,-2.165650574,0.007210977,-0.085740996,0.024554351,0.03805528
757,-0.886712558,-1.627853101,-0.142140053,-0.173125717,-0.109353527,1.218191982,-2.165650574,0.007210977,-0.085740996,0.024554351,0.03805528
758,-0.886712558,-1.627853101,-0.142140053,-0.172944872,-0.109353527,1.218191982,-2.165650574,0.007210977,-0.085740996,0.024554351,0.03805528
759,-0.886712558,-1.627853101,-0.142140053,-0.172764028,-0.109353527,1.218191982,-2.165650574,0.007210977,-0.085740996,0.024554351,0.03805528
760,-0.611512012,0.614306045,-0.142140053,-0.181082882,-0.098670833,-0.232180189,-1.648150867,0.007210977,-0.085740996,-0.141224304,-0.804030394
761,-0.611512012,0.614306045,-0.142140053,-0.180902037,-0.098670833,-0.232180189,-1.648150867,0.007210977,-0.085740996,-0.141224304,-0.804030394
762,-0.611512012,0.614306045,-0.142140053,-0.180721192,-0.098670833,-0.232180189,-1.648150867,0.007210977,-0.085740996,-0.141224304,-0.804030394
763,-0.611512012,0.614306045,-0.142140053,-0.180540348,-0.098670833,-0.232180189,-1.648150867,0.007210977,-0.085740996,-0.141224304,-0.804030394
764,-0.611512012,0.614306045,-0.142140053,-0.180359503,-0.098670833,-0.232180189,-1.648150867,0.007210977,-0.085740996,-0.141224304,-0.804030394
765,-0.611512012,0.614306045,-0.142140053,-0.180178658,-0.098670833,-0.232180189,-1.648150867,0.007210977,-0.085740996,-0.141224304,-0.804030394
766,-0.473911739,0.614306045,-0.142140053,-0.179997814,-0.098670833,-0.232180189,-1.648150867,0.007210977,-0.085740996,-0.305089,-1.099685818
767,-0.473911739,0.614306045,-0.142140053,-0.179816969,-0.098670833,-0.232180189,-1.648150867,0.007210977,-0.085740996,-0.305089,-1.099685818
768,-0.473911739,0.614306045,-0.142140053,-0.179636124,-0.098670833,-0.232180189,-1.648150867,0.007210977,-0.085740996,-0.305089,-1.099685818
769,-0.473911739,0.614306045,-0.142140053,-0.17945528,-0.098670833,-0.232180189,-1.648150867,0.007210977,-0.085740996,-0.305089,-1.099685818
770,-0.473911739,0.614306045,-0.142140053,-0.179274435,-0.098670833,-0.232180189,-1.648150867,0.007210977,-0.085740996,-0.305089,-1.099685818
771,-0.473911739,0.614306045,-0.142140053,-0.17909359,-0.098670833,-0.232180189,-1.648150867,0.007210977,-0.085740996,-0.305089,-1.099685818
772,-0.336311465,0.614306045,-0.142140053,-0.178912746,-0.098670833,-0.232180189,-1.648150867,0.007210977,-0.085740996,-0.182551809,-1.556837493
773,-0.336311465,0.614306045,-0.142140053,-0.178731901,-0.098670833,-0.232180189,-1.648150867,0.007210977,-0.085740996,-0.182551809,-1.556837493
774,-0.336311465,0.614306045,-0.142140053,-0.178551056,-0.098670833,-0.232180189,-1.648150867,0.007210977,-0.085740996,-0.182551809,-1.556837493
775,-0.336311465,0.614306045,-0.142140053,-0.178370212,-0.098670833,-0.232180189,-1.648150867,0.007210977,-0.085740996,-0.182551809,-1.556837493
776,-0.336311465,0.614306045,-0.142140053,-0.178189367,-0.098670833,-0.232180189,-1.648150867,0.007210977,-0.085740996,-0.182551809,-1.556837493
777,-0.336311465,0.614306045,-0.142140053,-0.178008523,-0.098670833,-0.232180189,-1.648150867,0.007210977,-0.085740996,-0.182551809,-1.556837493
778,-0.336311465,-1.627853101,7.035314646,-0.181082882,-0.098670833,-0.232180189,-1.648150867,0.007210977,-1.731684679,-0.182551809,-1.556837493
779,-0.336311465,-1.627853101,-0.142140053,-0.180902037,-0.098670833,-0.232180189,-1.648150867,0.007210977,-1.731684679,-0.182551809,-1.556837493
780,-0.336311465,-1.627853101,-0.142140053,-0.180721192,-0.098670833,-0.232180189,-1.648150867,0.007210977,-1.731684679,-0.182551809,-1.556837493
781,-0.473911739,-1.627853101,-0.142140053,-0.180540348,-0.098670833,-0.232180189,-1.648150867,0.007210977,-1.731684679,-0.305089,-1.099685818
782,-0.473911739,-1.627853101,-0.142140053,-0.180359503,-0.098670833,-0.232180189,-1.648150867,0.007210977,-1.731684679,-0.305089,-1.099685818
783,-0.473911739,-1.627853101,-0.142140053,-0.180178658,-0.098670833,-0.232180189,-1.648150867,0.007210977,-1.731684679,-0.305089,-1.099685818
784,-0.473911739,-1.627853101,-0.142140053,-0.179997814,-0.098670833,-0.232180189,-1.648150867,0.007210977,-1.731684679,-0.305089,-1.099685818
785,-0.611512012,-1.627853101,-0.142140053,-0.179816969,-0.098670833,-0.232180189,-1.648150867,0.007210977,-1.731684679,-0.141224304,-0.804030394
786,-0.611512012,-1.627853101,-0.142140053,-0.179636124,-0.098670833,-0.232180189,-1.648150867,0.007210977,-1.731684679,-0.141224304,-0.804030394
787,-0.611512012,-1.627853101,-0.142140053,-0.17945528,-0.098670833,-0.232180189,-1.648150867,0.007210977,-1.731684679,-0.141224304,-0.804030394
788,-0.611512012,-1.627853101,-0.142140053,-0.179274435,-0.098670833,-0.232180189,-1.648150867,0.007210977,-1.731684679,-0.141224304,-0.804030394
789,-0.749112285,-1.627853101,-0.142140053,-0.17909359,-0.098670833,-0.232180189,-1.648150867,0.007210977,-1.731684679,-0.120378791,1.21211221
790,-0.749112285,-1.627853101,-0.142140053,-0.178912746,-0.098670833,-0.232180189,-1.648150867,0.007210977,-1.731684679,-0.120378791,1.21211221
791,-0.749112285,-1.627853101,-0.142140053,-0.178731901,-0.098670833,-0.232180189,-1.648150867,0.007210977,-1.731684679,-0.120378791,1.21211221
792,-0.749112285,-1.627853101,-0.142140053,-0.178551056,-0.098670833,-0.232180189,-1.648150867,0.007210977,-1.731684679,-0.120378791,1.21211221
793,-0.886712558,-1.627853101,-0.142140053,-0.178370212,-0.098670833,-0.232180189,-1.648150867,0.007210977,-1.731684679,0.024554351,0.03805528
794,-0.886712558,-1.627853101,-0.142140053,-0.178189367,-0.098670833,-0.232180189,-1.648150867,0.007210977,-1.731684679,0.024554351,0.03805528
795,-0.886712558,0.614306045,7.035314646,-0.181082882,-0.098670833,-0.232180189,-1.648150867,0.007210977,-0.085740996,0.024554351,0.03805528
796,-0.886712558,0.614306045,-0.142140053,-0.180902037,-0.098670833,-0.232180189,-1.648150867,0.007210977,-0.085740996,0.024554351,0.03805528
797,-0.886712558,0.614306045,-0.142140053,-0.180721192,-0.098670833,-0.232180189,-1.648150867,0.007210977,-0.085740996,0.024554351,0.03805528
798,-0.886712558,0.614306045,-0.142140053,-0.180540348,-0.098670833,-0.232180189,-1.648150867,0.007210977,-0.085740996,0.024554351,0.03805528
799,-0.886712558,0.614306045,-0.142140053,-0.180359503,-0.098670833,-0.232180189,-1.648150867,0.007210977,-0.085740996,0.024554351,0.03805528
800,-0.749112285,0.614306045,-0.142140053,-0.180178658,-0.098670833,-0.232180189,-1.648150867,0.007210977,-0.085740996,-0.120378791,1.21211221
801,-0.749112285,0.614306045,-0.142140053,-0.179997814,-0.098670833,-0.232180189,-1.648150867,0.007210977,-0.085740996,-0.120378791,1.21211221
802,-0.749112285,0.614306045,-0.142140053,-0.179816969,-0.098670833,-0.232180189,-1.648150867,0.007210977,-0.085740996,-0.120378791,1.21211221
803,-0.749112285,0.614306045,-0.142140053,-0.179636124,-0.098670833,-0.232180189,-1.648150867,0.007210977,-0.085740996,-0.120378791,1.21211221
804,-0.749112285,0.614306045,-0.142140053,-0.17945528,-0.098670833,-0.232180189,-1.648150867,0.007210977,-0.085740996,-0.120378791,1.21211221
805,-0.749112285,0.614306045,-0.142140053,-0.179274435,-0.098670833,-0.232180189,-1.648150867,0.007210977,-0.085740996,-0.120378791,1.21211221
806,-0.611512012,0.614306045,-0.142140053,-0.17909359,-0.098670833,-0.232180189,-1.648150867,0.007210977,-0.085740996,-0.141224304,-0.804030394
807,-0.611512012,0.614306045,-0.142140053,-0.178912746,-0.098670833,-0.232180189,-1.648150867,0.007210977,-0.085740996,-0.141224304,-0.804030394
808,-0.611512012,0.614306045,-0.142140053,-0.178731901,-0.098670833,-0.232180189,-1.648150867,0.007210977,-0.085740996,-0.141224304,-0.804030394
809,-0.611512012,0.614306045,-0.142140053,-0.178551056,-0.098670833,-0.232180189,-1.648150867,0.007210977,-0.085740996,-0.141224304,-0.804030394
810,-0.611512012,0.614306045,-0.142140053,-0.178370212,-0.098670833,-0.232180189,-1.648150867,0.007210977,-0.085740996,-0.141224304,-0.804030394
811,-0.611512012,0.614306045,-0.142140053,-0.178189367,-0.098670833,-0.232180189,-1.648150867,0.007210977,-0.085740996,-0.141224304,-0.804030394
812,-0.473911739,0.614306045,-0.142140053,-0.178008523,-0.098670833,-0.232180189,-1.648150867,0.007210977,-0.085740996,-0.305089,-1.099685818
813,-0.473911739,0.614306045,-0.142140053,-0.177827678,-0.098670833,-0.232180189,-1.648150867,0.007210977,-0.085740996,-0.305089,-1.099685818
814,-0.473911739,0.614306045,-0.142140053,-0.177646833,-0.098670833,-0.232180189,-1.648150867,0.007210977,-0.085740996,-0.305089,-1.099685818
815,-0.473911739,0.614306045,-0.142140053,-0.177465989,-0.098670833,-0.232180189,-1.648150867,0.007210977,-0.085740996,-0.305089,-1.099685818
816,-0.473911739,0.614306045,-0.142140053,-0.177285144,-0.098670833,-0.232180189,-1.648150867,0.007210977,-0.085740996,-0.305089,-1.099685818
817,-0.473911739,0.614306045,-0.142140053,-0.177104299,-0.098670833,-0.232180189,-1.648150867,0.007210977,-0.085740996,-0.305089,-1.099685818
818,-0.336311465,0.614306045,-0.142140053,-0.176923455,-0.098670833,-0.232180189,-1.648150867,0.007210977,-0.085740996,-0.182551809,-1.556837493
819,-0.336311465,0.614306045,-0.142140053,-0.17674261,-0.098670833,-0.232180189,-1.648150867,0.007210977,-0.085740996,-0.182551809,-1.556837493
820,-0.336311465,0.614306045,-0.142140053,-0.176561765,-0.098670833,-0.232180189,-1.648150867,0.007210977,-0.085740996,-0.182551809,-1.556837493
821,-0.336311465,0.614306045,-0.142140053,-0.176380921,-0.098670833,-0.232180189,-1.648150867,0.007210977,-0.085740996,-0.182551809,-1.556837493
822,-0.336311465,0.614306045,-0.142140053,-0.176200076,-0.098670833,-0.232180189,-1.648150867,0.007210977,-0.085740996,-0.182551809,-1.556837493
823,-0.336311465,0.614306045,-0.142140053,-0.176019231,-0.098670833,-0.232180189,-1.648150867,0.007210977,-0.085740996,-0.182551809,-1.556837493
824,-0.198711192,0.614306045,-0.142140053,-0.175838387,-0.098670833,-0.232180189,-1.648150867,0.007210977,-0.085740996,-0.313471879,0.528647917
825,-0.198711192,0.614306045,-0.142140053,-0.175657542,-0.098670833,-0.232180189,-1.648150867,0.007210977,-0.085740996,-0.313471879,0.528647917
826,-0.198711192,0.614306045,-0.142140053,-0.175476697,-0.098670833,-0.232180189,-1.648150867,0.007210977,-0.085740996,-0.313471879,0.528647917
827,-0.198711192,0.614306045,-0.142140053,-0.175295853,-0.098670833,-0.232180189,-1.648150867,0.007210977,-0.085740996,-0.313471879,0.528647917
828,-0.198711192,0.614306045,-0.142140053,-0.175115008,-0.098670833,-0.232180189,-1.648150867,0.007210977,-0.085740996,-0.313471879,0.528647917
829,-0.198711192,0.614306045,-0.142140053,-0.174934164,-0.098670833,-0.232180189,-1.648150867,0.007210977,-0.085740996,-0.313471879,0.528647917
830,-0.061110919,0.614306045,-0.142140053,-0.174753319,-0.098670833,-0.232180189,-1.648150867,0.007210977,-0.085740996,-0.495418454,0.638409672
831,-0.061110919,0.614306045,-0.142140053,-0.174572474,-0.098670833,-0.232180189,-1.648150867,0.007210977,-0.085740996,-0.495418454,0.638409672
832,-0.061110919,0.614306045,-0.142140053,-0.17439163,-0.098670833,-0.232180189,-1.648150867,0.007210977,-0.085740996,-0.495418454,0.638409672
833,-0.061110919,0.614306045,-0.142140053,-0.174210785,-0.098670833,-0.232180189,-1.648150867,0.007210977,-0.085740996,-0.495418454,0.638409672
834,-0.061110919,0.614306045,-0.142140053,-0.17402994,-0.098670833,-0.232180189,-1.648150867,0.007210977,-0.085740996,-0.495418454,0.638409672
835,-0.061110919,0.614306045,-0.142140053,-0.173849096,-0.098670833,-0.232180189,-1.648150867,0.007210977,-0.085740996,-0.495418454,0.638409672
836,0.076489355,0.614306045,-0.142140053,-0.173668251,-0.098670833,-0.232180189,-1.648150867,0.007210977,-0.085740996,-0.287596201,0.475905898
837,0.076489355,0.614306045,-0.142140053,-0.173487406,-0.098670833,-0.232180189,-1.648150867,0.007210977,-0.085740996,-0.287596201,0.475905898
838,0.076489355,0.614306045,-0.142140053,-0.173306562,-0.098670833,-0.232180189,-1.648150867,0.007210977,-0.085740996,-0.287596201,0.475905898
839,0.076489355,0.614306045,-0.142140053,-0.173125717,-0.098670833,-0.232180189,-1.648150867,0.007210977,-0.085740996,-0.287596201,0.475905898
840,0.076489355,0.614306045,-0.142140053,-0.172944872,-0.098670833,-0.232180189,-1.648150867,0.007210977,-0.085740996,-0.287596201,0.475905898
841,0.076489355,0.614306045,-0.142140053,-0.172764028,-0.098670833,-0.232180189,-1.648150867,0.007210977,-0.085740996,-0.287596201,0.475905898
842,0.214089628,0.614306045,-0.142140053,-0.172583183,-0.098670833,-0.232180189,-1.648150867,0.007210977,-0.085740996,-0.225276461,1.088460372
843,0.214089628,0.614306045,-0.142140053,-0.172402338,-0.098670833,-0.232180189,-1.648150867,0.007210977,-0.085740996,-0.225276461,1.088460372
844,0.214089628,0.614306045,-0.142140053,-0.172221494,-0.098670833,-0.232180189,-1.648150867,0.007210977,-0.085740996,-0.225276461,1.088460372
845,0.214089628,0.614306045,-0.142140053,-0.172040649,-0.098670833,-0.232180189,-1.648150867,0.007210977,-0.085740996,-0.225276461,1.088460372
846,0.214089628,0.614306045,-0.142140053,-0.171859804,-0.098670833,-0.232180189,-1.648150867,0.007210977,-0.085740996,-0.225276461,1.088460372
847,0.214089628,0.614306045,-0.142140053,-0.17167896,-0.098670833,-0.232180189,-1.648150867,0.007210977,-0.085740996,-0.225276461,1.088460372
848,0.351689901,0.614306045,-0.142140053,-0.171498115,-0.098670833,-0.232180189,-1.648150867,0.007210977,-0.085740996,-0.38205907,-0.893572516
849,0.351689901,0.614306045,-0.142140053,-0.171317271,-0.098670833,-0.232180189,-1.648150867,0.007210977,-0.085740996,-0.38205907,-0.893572516
850,0.351689901,0.614306045,-0.142140053,-0.171136426,-0.098670833,-0.232180189,-1.648150867,0.007210977,-0.085740996,-0.38205907,-0.893572516
851,0.351689901,0.614306045,-0.142140053,-0.170955581,-0.098670833,-0.232180189,-1.648150867,0.007210977,-0.085740996,-0.38205907,-0.893572516
852,0.351689901,0.614306045,-0.142140053,-0.170774737,-0.098670833,-0.232180189,-1.648150867,0.007210977,-0.085740996,-0.38205907,-0.893572516
853,0.351689901,0.614306045,-0.142140053,-0.170593892,-0.098670833,-0.232180189,-1.648150867,0.007210977,-0.085740996,-0.38205907,-0.893572516
854,0.351689901,-1.627853101,7.035314646,-0.181082882,-0.098670833,-0.232180189,-0.785651355,0.007210977,-1.731684679,-0.38205907,-0.893572516
855,0.351689901,-1.627853101,-0.142140053,-0.180902037,-0.098670833,-0.232180189,-0.785651355,0.007210977,-1.731684679,-0.38205907,-0.893572516
856,0.351689901,-1.627853101,-0.142140053,-0.180721192,-0.098670833,-0.232180189,-0.785651355,0.007210977,-1.731684679,-0.38205907,-0.893572516
857,0.214089628,-1.627853101,-0.142140053,-0.180540348,-0.098670833,-0.232180189,-0.785651355,0.007210977,-1.731684679,-0.225276461,1.088460372
858,0.214089628,-1.627853101,-0.142140053,-0.180359503,-0.098670833,-0.232180189,-0.785651355,0.007210977,-1.731684679,-0.225276461,1.088460372
859,0.214089628,-1.627853101,-0.142140053,-0.180178658,-0.098670833,-0.232180189,-0.785651355,0.007210977,-1.731684679,-0.225276461,1.088460372
860,0.214089628,-1.627853101,-0.142140053,-0.179997814,-0.098670833,-0.232180189,-0.785651355,0.007210977,-1.731684679,-0.225276461,1.088460372
861,0.076489355,-1.627853101,-0.142140053,-0.179816969,-0.098670833,-0.232180189,-0.785651355,0.007210977,-1.731684679,-0.287596201,0.475905898
862,0.076489355,-1.627853101,-0.142140053,-0.179636124,-0.098670833,-0.232180189,-0.785651355,0.007210977,-1.731684679,-0.287596201,0.475905898
863,0.076489355,-1.627853101,-0.142140053,-0.17945528,-0.098670833,-0.232180189,-0.785651355,0.007210977,-1.731684679,-0.287596201,0.475905898
864,0.076489355,-1.627853101,-0.142140053,-0.179274435,-0.098670833,-0.232180189,-0.785651355,0.007210977,-1.731684679,-0.287596201,0.475905898
865,-0.061110919,-1.627853101,-0.142140053,-0.17909359,-0.098670833,-0.232180189,-0.785651355,0.007210977,-1.731684679,-0.495418454,0.638409672
866,-0.061110919,-1.627853101,-0.142140053,-0.178912746,-0.098670833,-0.232180189,-0.785651355,0.007210977,-1.731684679,-0.495418454,0.638409672
867,-0.061110919,-1.627853101,-0.142140053,-0.178731901,-0.098670833,-0.232180189,-0.785651355,0.007210977,-1.731684679,-0.495418454,0.638409672
868,-0.061110919,-1.627853101,-0.142140053,-0.178551056,-0.098670833,-0.232180189,-0.785651355,0.007210977,-1.731684679,-0.495418454,0.638409672
869,-0.198711192,-1.627853101,-0.142140053,-0.178370212,-0.098670833,-0.232180189,-0.785651355,0.007210977,-1.731684679,-0.313471879,0.528647917
870,-0.198711192,-1.627853101,-0.142140053,-0.178189367,-0.098670833,-0.232180189,-0.785651355,0.007210977,-1.731684679,-0.313471879,0.528647917
871,-0.198711192,-1.627853101,-0.142140053,-0.178008523,-0.098670833,-0.232180189,-0.785651355,0.007210977,-1.731684679,-0.313471879,0.528647917
872,-0.198711192,-1.627853101,-0.142140053,-0.177827678,-0.098670833,-0.232180189,-0.785651355,0.007210977,-1.731684679,-0.313471879,0.528647917
873,-0.336311465,-1.627853101,-0.142140053,-0.177646833,-0.098670833,-0.232180189,-0.785651355,0.007210977,-1.731684679,-0.182551809,-1.556837493
874,-0.336311465,-1.627853101,-0.142140053,-0.177465989,-0.098670833,-0.232180189,-0.785651355,0.007210977,-1.731684679,-0.182551809,-1.556837493
875,-0.336311465,-1.627853101,-0.142140053,-0.177285144,-0.098670833,-0.232180189,-0.785651355,0.007210977,-1.731684679,-0.182551809,-1.556837493
876,-0.336311465,-1.627853101,-0.142140053,-0.177104299,-0.098670833,-0.232180189,-0.785651355,0.007210977,-1.731684679,-0.182551809,-1.556837493
877,-0.473911739,-1.627853101,-0.142140053,-0.176923455,-0.098670833,-0.232180189,-0.785651355,0.007210977,-1.731684679,-0.305089,-1.099685818
878,-0.473911739,-1.627853101,-0.142140053,-0.17674261,-0.098670833,-0.232180189,-0.785651355,0.007210977,-1.731684679,-0.305089,-1.099685818
879,-0.473911739,-1.627853101,-0.142140053,-0.176561765,-0.098670833,-0.232180189,-0.785651355,0.007210977,-1.731684679,-0.305089,-1.099685818
880,-0.473911739,-1.627853101,-0.142140053,-0.176380921,-0.098670833,-0.232180189,-0.785651355,0.007210977,-1.731684679,-0.305089,-1.099685818
881,-0.611512012,-1.627853101,-0.142140053,-0.176200076,-0.098670833,-0.232180189,-0.785651355,0.007210977,-1.731684679,-0.141224304,-0.804030394
882,-0.611512012,-1.627853101,-0.142140053,-0.176019231,-0.098670833,-0.232180189,-0.785651355,0.007210977,-1.731684679,-0.141224304,-0.804030394
883,-0.611512012,-1.627853101,-0.142140053,-0.175838387,-0.098670833,-0.232180189,-0.785651355,0.007210977,-1.731684679,-0.141224304,-0.804030394
884,-0.611512012,-1.627853101,-0.142140053,-0.175657542,-0.098670833,-0.232180189,-0.785651355,0.007210977,-1.731684679,-0.141224304,-0.804030394
885,-0.611512012,0.614306045,7.035314646,-0.181082882,-0.098670833,0.031099031,-0.785651355,0.323242267,-0.085740996,-0.141224304,-0.804030394
886,-0.611512012,0.614306045,-0.142140053,-0.180902037,-0.098670833,0.031099031,-0.785651355,0.323242267,-0.085740996,-0.141224304,-0.804030394
887,-0.611512012,0.614306045,-0.142140053,-0.180721192,-0.098670833,0.031099031,-0.785651355,0.323242267,-0.085740996,-0.141224304,-0.804030394
888,-0.611512012,0.614306045,-0.142140053,-0.180540348,-0.098670833,0.031099031,-0.785651355,0.323242267,-0.085740996,-0.141224304,-0.804030394
889,-0.611512012,0.614306045,-0.142140053,-0.180359503,-0.098670833,0.031099031,-0.785651355,0.323242267,-0.085740996,-0.141224304,-0.804030394
890,-0.473911739,0.614306045,-0.142140053,-0.180178658,-0.098670833,0.031099031,-0.785651355,0.323242267,-0.085740996,-0.305089,-1.099685818
891,-0.473911739,0.614306045,-0.142140053,-0.179997814,-0.098670833,0.031099031,-0.785651355,0.323242267,-0.085740996,-0.305089,-1.099685818
892,-0.473911739,0.614306045,-0.142140053,-0.179816969,-0.098670833,0.031099031,-0.785651355,0.323242267,-0.085740996,-0.305089,-1.099685818
893,-0.473911739,0.614306045,-0.142140053,-0.179636124,-0.098670833,0.031099031,-0.785651355,0.323242267,-0.085740996,-0.305089,-1.099685818
894,-0.473911739,0.614306045,-0.142140053,-0.17945528,-0.098670833,0.031099031,-0.785651355,0.323242267,-0.085740996,-0.305089,-1.099685818
895,-0.473911739,0.614306045,-0.142140053,-0.179274435,-0.098670833,0.031099031,-0.785651355,0.323242267,-0.085740996,-0.305089,-1.099685818
896,-0.336311465,0.614306045,-0.142140053,-0.17909359,-0.098670833,0.031099031,-0.785651355,0.323242267,-0.085740996,-0.182551809,-1.556837493
897,-0.336311465,0.614306045,-0.142140053,-0.178912746,-0.098670833,0.031099031,-0.785651355,0.323242267,-0.085740996,-0.182551809,-1.556837493
898,-0.336311465,0.614306045,-0.142140053,-0.178731901,-0.098670833,0.031099031,-0.785651355,0.323242267,-0.085740996,-0.182551809,-1.556837493
899,-0.336311465,0.614306045,-0.142140053,-0.178551056,-0.098670833,0.031099031,-0.785651355,0.323242267,-0.085740996,-0.182551809,-1.556837493
900,-0.336311465,0.614306045,-0.142140053,-0.178370212,-0.098670833,0.031099031,-0.785651355,0.323242267,-0.085740996,-0.182551809,-1.556837493
901,-0.336311465,0.614306045,-0.142140053,-0.178189367,-0.098670833,0.031099031,-0.785651355,0.323242267,-0.085740996,-0.182551809,-1.556837493
902,-0.198711192,0.614306045,-0.142140053,-0.178008523,-0.098670833,0.031099031,-0.785651355,0.323242267,-0.085740996,-0.313471879,0.528647917
903,-0.198711192,0.614306045,-0.142140053,-0.177827678,-0.098670833,0.031099031,-0.785651355,0.323242267,-0.085740996,-0.313471879,0.528647917
904,-0.198711192,0.614306045,-0.142140053,-0.177646833,-0.098670833,0.031099031,-0.785651355,0.323242267,-0.085740996,-0.313471879,0.528647917
905,-0.198711192,0.614306045,-0.142140053,-0.177465989,-0.098670833,0.031099031,-0.785651355,0.323242267,-0.085740996,-0.313471879,0.528647917
906,-0.198711192,0.614306045,-0.142140053,-0.177285144,-0.098670833,0.031099031,-0.785651355,0.323242267,-0.085740996,-0.313471879,0.528647917
907,-0.198711192,0.614306045,-0.142140053,-0.177104299,-0.098670833,0.031099031,-0.785651355,0.323242267,-0.085740996,-0.313471879,0.528647917
908,-0.061110919,0.614306045,-0.142140053,-0.176923455,-0.098670833,0.031099031,-0.785651355,0.323242267,-0.085740996,-0.495418454,0.638409672
909,-0.061110919,0.614306045,-0.142140053,-0.17674261,-0.098670833,0.031099031,-0.785651355,0.323242267,-0.085740996,-0.495418454,0.638409672
910,-0.061110919,0.614306045,-0.142140053,-0.176561765,-0.098670833,0.031099031,-0.785651355,0.323242267,-0.085740996,-0.495418454,0.638409672
911,-0.061110919,0.614306045,-0.142140053,-0.176380921,-0.098670833,0.031099031,-0.785651355,0.323242267,-0.085740996,-0.495418454,0.638409672
912,-0.061110919,0.614306045,-0.142140053,-0.176200076,-0.098670833,0.031099031,-0.785651355,0.323242267,-0.085740996,-0.495418454,0.638409672
913,-0.061110919,0.614306045,-0.142140053,-0.176019231,-0.098670833,0.031099031,-0.785651355,0.323242267,-0.085740996,-0.495418454,0.638409672
914,0.076489355,0.614306045,-0.142140053,-0.175838387,-0.098670833,0.031099031,-0.785651355,0.323242267,-0.085740996,-0.287596201,0.475905898
915,0.076489355,0.614306045,-0.142140053,-0.175657542,-0.098670833,0.031099031,-0.785651355,0.323242267,-0.085740996,-0.287596201,0.475905898
916,0.076489355,0.614306045,-0.142140053,-0.175476697,-0.098670833,0.031099031,-0.785651355,0.323242267,-0.085740996,-0.287596201,0.475905898
917,0.076489355,0.614306045,-0.142140053,-0.175295853,-0.098670833,0.031099031,-0.785651355,0.323242267,-0.085740996,-0.287596201,0.475905898
918,0.076489355,0.614306045,-0.142140053,-0.175115008,-0.098670833,0.031099031,-0.785651355,0.323242267,-0.085740996,-0.287596201,0.475905898
919,0.076489355,-1.627853101,7.035314646,-0.181082882,-0.10389793,0.031099031,-1.13065116,0.323242267,-1.731684679,-0.287596201,0.475905898
920,0.076489355,-1.627853101,-0.142140053,-0.180902037,-0.10389793,0.031099031,-1.13065116,0.323242267,-1.731684679,-0.287596201,0.475905898
921,0.076489355,-1.627853101,-0.142140053,-0.180721192,-0.10389793,0.031099031,-1.13065116,0.323242267,-1.731684679,-0.287596201,0.475905898
922,-0.061110919,-1.627853101,-0.142140053,-0.180540348,-0.10389793,0.031099031,-1.13065116,0.323242267,-1.731684679,-0.495418454,0.638409672
923,-0.061110919,-1.627853101,-0.142140053,-0.180359503,-0.10389793,0.031099031,-1.13065116,0.323242267,-1.731684679,-0.495418454,0.638409672
924,-0.061110919,-1.627853101,-0.142140053,-0.180178658,-0.10389793,0.031099031,-1.13065116,0.323242267,-1.731684679,-0.495418454,0.638409672
925,-0.061110919,-1.627853101,-0.142140053,-0.179997814,-0.10389793,0.031099031,-1.13065116,0.323242267,-1.731684679,-0.495418454,0.638409672
926,-0.198711192,-1.627853101,-0.142140053,-0.179816969,-0.10389793,0.031099031,-1.13065116,0.323242267,-1.731684679,-0.313471879,0.528647917
927,-0.198711192,-1.627853101,-0.142140053,-0.179636124,-0.10389793,0.031099031,-1.13065116,0.323242267,-1.731684679,-0.313471879,0.528647917
928,-0.198711192,-1.627853101,-0.142140053,-0.17945528,-0.10389793,0.031099031,-1.13065116,0.323242267,-1.731684679,-0.313471879,0.528647917
929,-0.198711192,-1.627853101,-0.142140053,-0.179274435,-0.10389793,0.031099031,-1.13065116,0.323242267,-1.731684679,-0.313471879,0.528647917
930,-0.336311465,-1.627853101,-0.142140053,-0.17909359,-0.10389793,0.031099031,-1.13065116,0.323242267,-1.731684679,-0.182551809,-1.556837493
931,-0.336311465,-1.627853101,-0.142140053,-0.178912746,-0.10389793,0.031099031,-1.13065116,0.323242267,-1.731684679,-0.182551809,-1.556837493
932,-0.336311465,-1.627853101,-0.142140053,-0.178731901,-0.10389793,0.031099031,-1.13065116,0.323242267,-1.731684679,-0.182551809,-1.556837493
933,-0.336311465,-1.627853101,-0.142140053,-0.178551056,-0.10389793,0.031099031,-1.13065116,0.323242267,-1.731684679,-0.182551809,-1.556837493
934,-0.473911739,-1.627853101,-0.142140053,-0.178370212,-0.10389793,0.031099031,-1.13065116,0.323242267,-1.731684679,-0.305089,-1.099685818
935,-0.473911739,-1.627853101,-0.142140053,-0.178189367,-0.10389793,0.031099031,-1.13065116,0.323242267,-1.731684679,-0.305089,-1.099685818
936,-0.473911739,-1.627853101,-0.142140053,-0.178008523,-0.10389793,0.031099031,-1.13065116,0.323242267,-1.731684679,-0.305089,-1.099685818
937,-0.473911739,-1.627853101,-0.142140053,-0.177827678,-0.10389793,0.031099031,-1.13065116,0.323242267,-1.731684679,-0.305089,-1.099685818
938,-0.611512012,-1.627853101,-0.142140053,-0.177646833,-0.10389793,0.031099031,-1.13065116,0.323242267,-1.731684679,-0.141224304,-0.804030394
939,-0.611512012,0.614306045,7.035314646,-0.181082882,-0.10389793,-0.175886029,-1.13065116,0.323242267,-0.085740996,-0.141224304,-0.804030394
940,-0.611512012,0.614306045,-0.142140053,-0.180902037,-0.10389793,-0.175886029,-1.13065116,0.323242267,-0.085740996,-0.141224304,-0.804030394
941,-0.611512012,0.614306045,-0.142140053,-0.180721192,-0.10389793,-0.175886029,-1.13065116,0.323242267,-0.085740996,-0.141224304,-0.804030394
942,-0.611512012,0.614306045,-0.142140053,-0.180540348,-0.10389793,-0.175886029,-1.13065116,0.323242267,-0.085740996,-0.141224304,-0.804030394
943,-0.611512012,0.614306045,-0.142140053,-0.180359503,-0.10389793,-0.175886029,-1.13065116,0.323242267,-0.085740996,-0.141224304,-0.804030394
944,-0.473911739,0.614306045,-0.142140053,-0.180178658,-0.10389793,-0.175886029,-1.13065116,0.323242267,-0.085740996,-0.305089,-1.099685818
945,-0.473911739,0.614306045,-0.142140053,-0.179997814,-0.10389793,-0.175886029,-1.13065116,0.323242267,-0.085740996,-0.305089,-1.099685818
946,-0.473911739,0.614306045,-0.142140053,-0.179816969,-0.10389793,-0.175886029,-1.13065116,0.323242267,-0.085740996,-0.305089,-1.099685818
947,-0.473911739,0.614306045,-0.142140053,-0.179636124,-0.10389793,-0.175886029,-1.13065116,0.323242267,-0.085740996,-0.305089,-1.099685818
948,-0.473911739,0.614306045,-0.142140053,-0.17945528,-0.10389793,-0.175886029,-1.13065116,0.323242267,-0.085740996,-0.305089,-1.099685818
949,-0.473911739,0.614306045,-0.142140053,-0.179274435,-0.10389793,-0.175886029,-1.13065116,0.323242267,-0.085740996,-0.305089,-1.099685818
950,-0.336311465,0.614306045,-0.142140053,-0.17909359,-0.10389793,-0.175886029,-1.13065116,0.323242267,-0.085740996,-0.182551809,-1.556837493
951,-0.336311465,0.614306045,-0.142140053,-0.178912746,-0.10389793,-0.175886029,-1.13065116,0.323242267,-0.085740996,-0.182551809,-1.556837493
952,-0.336311465,0.614306045,-0.142140053,-0.178731901,-0.10389793,-0.175886029,-1.13065116,0.323242267,-0.085740996,-0.182551809,-1.556837493
953,-0.336311465,0.614306045,-0.142140053,-0.178551056,-0.10389793,-0.175886029,-1.13065116,0.323242267,-0.085740996,-0.182551809,-1.556837493
954,-0.336311465,0.614306045,-0.142140053,-0.178370212,-0.10389793,-0.175886029,-1.13065116,0.323242267,-0.085740996,-0.182551809,-1.556837493
955,-0.336311465,0.614306045,-0.142140053,-0.178189367,-0.10389793,-0.175886029,-1.13065116,0.323242267,-0.085740996,-0.182551809,-1.556837493
956,-0.198711192,0.614306045,-0.142140053,-0.178008523,-0.10389793,-0.175886029,-1.13065116,0.323242267,-0.085740996,-0.313471879,0.528647917
957,-0.198711192,0.614306045,-0.142140053,-0.177827678,-0.10389793,-0.175886029,-1.13065116,0.323242267,-0.085740996,-0.313471879,0.528647917
958,-0.198711192,0.614306045,-0.142140053,-0.177646833,-0.10389793,-0.175886029,-1.13065116,0.323242267,-0.085740996,-0.313471879,0.528647917
959,-0.198711192,0.614306045,-0.142140053,-0.177465989,-0.10389793,-0.175886029,-1.13065116,0.323242267,-0.085740996,-0.313471879,0.528647917
960,-0.198711192,0.614306045,-0.142140053,-0.177285144,-0.10389793,-0.175886029,-1.13065116,0.323242267,-0.085740996,-0.313471879,0.528647917
961,-0.198711192,0.614306045,-0.142140053,-0.177104299,-0.10389793,-0.175886029,-1.13065116,0.323242267,-0.085740996,-0.313471879,0.528647917
962,-0.061110919,0.614306045,-0.142140053,-0.176923455,-0.10389793,-0.175886029,-1.13065116,0.323242267,-0.085740996,-0.495418454,0.638409672
963,-0.061110919,0.614306045,-0.142140053,-0.17674261,-0.10389793,-0.175886029,-1.13065116,0.323242267,-0.085740996,-0.495418454,0.638409672
964,-0.061110919,0.614306045,-0.142140053,-0.176561765,-0.10389793,-0.175886029,-1.13065116,0.323242267,-0.085740996,-0.495418454,0.638409672
965,-0.061110919,0.614306045,-0.142140053,-0.176380921,-0.10389793,-0.175886029,-1.13065116,0.323242267,-0.085740996,-0.495418454,0.638409672
966,-0.061110919,0.614306045,-0.142140053,-0.176200076,-0.10389793,-0.175886029,-1.13065116,0.323242267,-0.085740996,-0.495418454,0.638409672
967,-0.061110919,0.614306045,-0.142140053,-0.176019231,-0.10389793,-0.175886029,-1.13065116,0.323242267,-0.085740996,-0.495418454,0.638409672
968,0.076489355,0.614306045,-0.142140053,-0.175838387,-0.10389793,-0.175886029,-1.13065116,0.323242267,-0.085740996,-0.287596201,0.475905898
969,0.076489355,0.614306045,-0.142140053,-0.175657542,-0.10389793,-0.175886029,-1.13065116,0.323242267,-0.085740996,-0.287596201,0.475905898
970,0.076489355,0.614306045,-0.142140053,-0.175476697,-0.10389793,-0.175886029,-1.13065116,0.323242267,-0.085740996,-0.287596201,0.475905898
971,0.076489355,0.614306045,-0.142140053,-0.175295853,-0.10389793,-0.175886029,-1.13065116,0.323242267,-0.085740996,-0.287596201,0.475905898
972,0.076489355,0.614306045,-0.142140053,-0.175115008,-0.10389793,-0.175886029,-1.13065116,0.323242267,-0.085740996,-0.287596201,0.475905898
973,0.076489355,0.614306045,-0.142140053,-0.174934164,-0.10389793,-0.175886029,-1.13065116,0.323242267,-0.085740996,-0.287596201,0.475905898
974,0.076489355,-1.627853101,7.035314646,-0.181082882,-0.103694646,-0.175886029,-1.13065116,0.323242267,-1.731684679,-0.287596201,0.475905898
975,0.076489355,-1.627853101,-0.142140053,-0.180902037,-0.103694646,-0.175886029,-1.13065116,0.323242267,-1.731684679,-0.287596201,0.475905898
976,0.076489355,-1.627853101,-0.142140053,-0.180721192,-0.103694646,-0.175886029,-1.13065116,0.323242267,-1.731684679,-0.287596201,0.475905898
977,-0.061110919,-1.627853101,-0.142140053,-0.180540348,-0.103694646,-0.175886029,-1.13065116,0.323242267,-1.731684679,-0.495418454,0.638409672
978,-0.061110919,-1.627853101,-0.142140053,-0.180359503,-0.103694646,-0.175886029,-1.13065116,0.323242267,-1.731684679,-0.495418454,0.638409672
979,-0.061110919,-1.627853101,-0.142140053,-0.180178658,-0.103694646,-0.175886029,-1.13065116,0.323242267,-1.731684679,-0.495418454,0.638409672
980,-0.061110919,-1.627853101,-0.142140053,-0.179997814,-0.103694646,-0.175886029,-1.13065116,0.323242267,-1.731684679,-0.495418454,0.638409672
981,-0.198711192,-1.627853101,-0.142140053,-0.179816969,-0.103694646,-0.175886029,-1.13065116,0.323242267,-1.731684679,-0.313471879,0.528647917
982,-0.198711192,-1.627853101,-0.142140053,-0.179636124,-0.103694646,-0.175886029,-1.13065116,0.323242267,-1.731684679,-0.313471879,0.528647917
983,-0.198711192,-1.627853101,-0.142140053,-0.17945528,-0.103694646,-0.175886029,-1.13065116,0.323242267,-1.731684679,-0.313471879,0.528647917
984,-0.198711192,-1.627853101,-0.142140053,-0.179274435,-0.103694646,-0.175886029,-1.13065116,0.323242267,-1.731684679,-0.313471879,0.528647917
985,-0.336311465,-1.627853101,-0.142140053,-0.17909359,-0.103694646,-0.175886029,-1.13065116,0.323242267,-1.731684679,-0.182551809,-1.556837493
986,-0.336311465,-1.627853101,-0.142140053,-0.178912746,-0.103694646,-0.175886029,-1.13065116,0.323242267,-1.731684679,-0.182551809,-1.556837493
987,-0.336311465,-1.627853101,-0.142140053,-0.178731901,-0.103694646,-0.175886029,-1.13065116,0.323242267,1.560202687,-0.182551809,-1.556837493
988,-0.336311465,-1.627853101,-0.142140053,-0.178551056,-0.103694646,-0.175886029,-1.13065116,0.323242267,1.560202687,-0.182551809,-1.556837493
989,-0.336311465,-1.627853101,-0.142140053,-0.178370212,-0.103694646,-0.175886029,-1.13065116,0.323242267,1.560202687,-0.182551809,-1.556837493
990,-0.336311465,-1.627853101,-0.142140053,-0.178189367,-0.103694646,-0.175886029,-1.13065116,0.323242267,1.560202687,-0.182551809,-1.556837493
991,-0.336311465,-1.627853101,-0.142140053,-0.178008523,-0.103694646,-0.175886029,-1.13065116,0.323242267,1.560202687,-0.182551809,-1.556837493
992,-0.336311465,-1.627853101,-0.142140053,-0.177827678,-0.103694646,-0.175886029,-1.13065116,0.323242267,1.560202687,-0.182551809,-1.556837493
993,-2.125115018,-1.627853101,-0.142140053,-0.177646833,-0.103694646,-0.175886029,-1.13065116,0.323242267,1.560202687,3.214156532,-0.786329294
994,-2.125115018,-1.627853101,-0.142140053,-0.177465989,-0.103694646,-0.175886029,-1.13065116,0.323242267,1.560202687,3.214156532,-0.786329294
995,-2.125115018,-1.627853101,-0.142140053,-0.177285144,-0.103694646,-0.175886029,-1.13065116,0.323242267,1.560202687,3.214156532,-0.786329294
996,-2.125115018,-1.627853101,-0.142140053,-0.177104299,-0.103694646,-0.175886029,-1.13065116,0.323242267,1.560202687,3.214156532,-0.786329294
997,-2.125115018,-1.627853101,-0.142140053,-0.176923455,-0.103694646,-0.175886029,-1.13065116,0.323242267,1.560202687,3.214156532,-0.786329294
998,-2.125115018,-1.627853101,-0.142140053,-0.17674261,-0.103694646,-0.175886029,-1.13065116,0.323242267,1.560202687,3.214156532,-0.786329294
999,-2.125115018,-1.627853101,-0.142140053,-0.176561765,-0.103694646,-0.175886029,-1.13065116,0.323242267,1.560202687,3.214156532,-0.786329294
1000,-2.125115018,-1.627853101,-0.142140053,-0.176380921,-0.103694646,-0.175886029,-1.13065116,0.323242267,1.560202687,3.214156532,-0.786329294
1001,-2.125115018,-1.627853101,-0.142140053,-0.176200076,-0.103694646,-0.175886029,-1.13065116,0.323242267,1.560202687,3.214156532,-0.786329294
1002,-2.125115018,-1.627853101,-0.142140053,-0.176019231,-0.103694646,-0.175886029,-1.13065116,0.323242267,1.560202687,3.214156532,-0.786329294
1003,-2.125115018,-1.627853101,-0.142140053,-0.175838387,-0.103694646,-0.175886029,-1.13065116,0.323242267,1.560202687,3.214156532,-0.786329294
1004,-2.125115018,-1.627853101,-0.142140053,-0.175657542,-0.103694646,-0.175886029,-1.13065116,0.323242267,1.560202687,3.214156532,-0.786329294
1005,-2.125115018,-1.627853101,-0.142140053,-0.175476697,-0.103694646,-0.175886029,-1.13065116,0.323242267,1.560202687,3.214156532,-0.786329294
1006,-2.125115018,0.614306045,7.035314646,-0.181082882,-0.103694646,0.05088814,-1.13065116,-1.414929824,-0.085740996,3.214156532,-0.786329294
1007,-2.125115018,0.614306045,-0.142140053,-0.180902037,-0.103694646,0.05088814,-1.13065116,-1.414929824,-0.085740996,3.214156532,-0.786329294
1008,-2.125115018,0.614306045,-0.142140053,-0.180721192,-0.103694646,0.05088814,-1.13065116,-1.414929824,-0.085740996,3.214156532,-0.786329294
1009,-2.125115018,0.614306045,-0.142140053,-0.180540348,-0.103694646,0.05088814,-1.13065116,-1.414929824,-0.085740996,3.214156532,-0.786329294
1010,-2.125115018,0.614306045,-0.142140053,-0.180359503,-0.103694646,0.05088814,-1.13065116,-1.414929824,-0.085740996,3.214156532,-0.786329294
1011,-1.987514745,0.614306045,-0.142140053,-0.180178658,-0.103694646,0.05088814,-1.13065116,-1.414929824,-0.085740996,3.05253165,-1.059116976
1012,-1.987514745,0.614306045,-0.142140053,-0.179997814,-0.103694646,0.05088814,-1.13065116,-1.414929824,-0.085740996,3.05253165,-1.059116976
1013,-1.987514745,0.614306045,-0.142140053,-0.179816969,-0.103694646,0.05088814,-1.13065116,-1.414929824,-0.085740996,3.05253165,-1.059116976
1014,-1.987514745,0.614306045,-0.142140053,-0.179636124,-0.103694646,0.05088814,-1.13065116,-1.414929824,-0.085740996,3.05253165,-1.059116976
1015,-1.987514745,0.614306045,-0.142140053,-0.17945528,-0.103694646,0.05088814,-1.13065116,-1.414929824,-0.085740996,3.05253165,-1.059116976
1016,-1.987514745,0.614306045,-0.142140053,-0.179274435,-0.103694646,0.05088814,-1.13065116,-1.414929824,-0.085740996,3.05253165,-1.059116976
1017,-1.849914471,0.614306045,-0.142140053,-0.17909359,-0.103694646,0.05088814,-1.13065116,-1.414929824,-0.085740996,2.640927919,0.565173491
1018,-1.849914471,0.614306045,-0.142140053,-0.178912746,-0.103694646,0.05088814,-1.13065116,-1.414929824,-0.085740996,2.640927919,0.565173491
1019,-1.849914471,0.614306045,-0.142140053,-0.178731901,-0.103694646,0.05088814,-1.13065116,-1.414929824,-0.085740996,2.640927919,0.565173491
1020,-1.849914471,0.614306045,-0.142140053,-0.178551056,-0.103694646,0.05088814,-1.13065116,-1.414929824,-0.085740996,2.640927919,0.565173491
1021,-1.849914471,0.614306045,-0.142140053,-0.178370212,-0.103694646,0.05088814,-1.13065116,-1.414929824,-0.085740996,2.640927919,0.565173491
1022,-1.849914471,0.614306045,-0.142140053,-0.178189367,-0.103694646,0.05088814,-1.13065116,-1.414929824,-0.085740996,2.640927919,0.565173491
1023,-1.712314198,0.614306045,-0.142140053,-0.178008523,-0.103694646,0.05088814,-1.13065116,-1.414929824,-0.085740996,1.926914244,1.433251598
1024,-1.712314198,0.614306045,-0.142140053,-0.177827678,-0.103694646,0.05088814,-1.13065116,-1.414929824,-0.085740996,1.926914244,1.433251598
1025,-1.712314198,0.614306045,-0.142140053,-0.177646833,-0.103694646,0.05088814,-1.13065116,-1.414929824,-0.085740996,1.926914244,1.433251598
1026,-1.712314198,0.614306045,-0.142140053,-0.177465989,-0.103694646,0.05088814,-1.13065116,-1.414929824,-0.085740996,1.926914244,1.433251598
1027,-1.712314198,0.614306045,-0.142140053,-0.177285144,-0.103694646,0.05088814,-1.13065116,-1.414929824,-0.085740996,1.926914244,1.433251598
1028,-1.712314198,0.614306045,-0.142140053,-0.177104299,-0.103694646,0.05088814,-1.13065116,-1.414929824,-0.085740996,1.926914244,1.433251598
1029,-1.574713925,0.614306045,-0.142140053,-0.176923455,-0.103694646,0.05088814,-1.13065116,-1.414929824,-0.085740996,1.849648102,-0.158675159
1030,-1.574713925,0.614306045,-0.142140053,-0.17674261,-0.103694646,0.05088814,-1.13065116,-1.414929824,-0.085740996,1.849648102,-0.158675159
1031,-1.574713925,0.614306045,-0.142140053,-0.176561765,-0.103694646,0.05088814,-1.13065116,-1.414929824,-0.085740996,1.849648102,-0.158675159
1032,-1.574713925,0.614306045,-0.142140053,-0.176380921,-0.103694646,0.05088814,-1.13065116,-1.414929824,-0.085740996,1.849648102,-0.158675159
1033,-1.574713925,0.614306045,-0.142140053,-0.176200076,-0.103694646,0.05088814,-1.13065116,-1.414929824,-0.085740996,1.849648102,-0.158675159
1034,-1.574713925,0.614306045,-0.142140053,-0.176019231,-0.103694646,0.05088814,-1.13065116,-1.414929824,-0.085740996,1.849648102,-0.158675159
1035,-1.437113651,0.614306045,-0.142140053,-0.175838387,-0.103694646,0.05088814,-1.13065116,-1.414929824,-0.085740996,1.088790164,-2.108568903
1036,-1.437113651,0.614306045,-0.142140053,-0.175657542,-0.103694646,0.05088814,-1.13065116,-1.414929824,-0.085740996,1.088790164,-2.108568903
1037,-1.437113651,0.614306045,-0.142140053,-0.175476697,-0.103694646,0.05088814,-1.13065116,-1.414929824,-0.085740996,1.088790164,-2.108568903
1038,-1.437113651,0.614306045,-0.142140053,-0.175295853,-0.103694646,0.05088814,-1.13065116,-1.414929824,-0.085740996,1.088790164,-2.108568903
1039,-1.437113651,0.614306045,-0.142140053,-0.175115008,-0.103694646,0.05088814,-1.13065116,-1.414929824,-0.085740996,1.088790164,-2.108568903
1040,-1.437113651,0.614306045,-0.142140053,-0.174934164,-0.103694646,0.05088814,-1.13065116,-1.414929824,-0.085740996,1.088790164,-2.108568903
1041,-1.299513378,0.614306045,-0.142140053,-0.174753319,-0.103694646,0.05088814,-1.13065116,-1.414929824,-0.085740996,0.900403138,0.776703805
1042,-1.299513378,0.614306045,-0.142140053,-0.174572474,-0.103694646,0.05088814,-1.13065116,-1.414929824,-0.085740996,0.900403138,0.776703805
1043,-1.299513378,0.614306045,-0.142140053,-0.17439163,-0.103694646,0.05088814,-1.13065116,-1.414929824,-0.085740996,0.900403138,0.776703805
1044,-1.299513378,0.614306045,-0.142140053,-0.174210785,-0.103694646,0.05088814,-1.13065116,-1.414929824,-0.085740996,0.900403138,0.776703805
1045,-1.299513378,0.614306045,-0.142140053,-0.17402994,-0.103694646,0.05088814,-1.13065116,-1.414929824,-0.085740996,0.900403138,0.776703805
1046,-1.299513378,0.614306045,-0.142140053,-0.173849096,-0.103694646,0.05088814,-1.13065116,-1.414929824,-0.085740996,0.900403138,0.776703805
1047,-1.161913105,0.614306045,-0.142140053,-0.173668251,-0.103694646,0.05088814,-1.13065116,-1.414929824,-0.085740996,0.579662106,0.804610257
1048,-1.161913105,0.614306045,-0.142140053,-0.173487406,-0.103694646,0.05088814,-1.13065116,-1.414929824,-0.085740996,0.579662106,0.804610257
1049,-1.161913105,0.614306045,-0.142140053,-0.173306562,-0.103694646,0.05088814,-1.13065116,-1.414929824,-0.085740996,0.579662106,0.804610257
1050,-1.161913105,0.614306045,-0.142140053,-0.173125717,-0.103694646,0.05088814,-1.13065116,-1.414929824,-0.085740996,0.579662106,0.804610257
1051,-1.161913105,0.614306045,-0.142140053,-0.172944872,-0.103694646,0.05088814,-1.13065116,-1.414929824,-0.085740996,0.579662106,0.804610257
1052,-1.161913105,0.614306045,-0.142140053,-0.172764028,-0.103694646,0.05088814,-1.13065116,-1.414929824,-0.085740996,0.579662106,0.804610257
1053,-1.024312832,0.614306045,-0.142140053,-0.172583183,-0.103694646,0.05088814,-1.13065116,-1.414929824,-0.085740996,0.453916295,-1.000632353
1054,-1.024312832,0.614306045,-0.142140053,-0.172402338,-0.103694646,0.05088814,-1.13065116,-1.414929824,-0.085740996,0.453916295,-1.000632353
1055,-1.024312832,0.614306045,-0.142140053,-0.172221494,-0.103694646,0.05088814,-1.13065116,-1.414929824,-0.085740996,0.453916295,-1.000632353
1056,-1.024312832,0.614306045,-0.142140053,-0.172040649,-0.103694646,0.05088814,-1.13065116,-1.414929824,-0.085740996,0.453916295,-1.000632353
1057,-1.024312832,0.614306045,-0.142140053,-0.171859804,-0.103694646,0.05088814,-1.13065116,-1.414929824,-0.085740996,0.453916295,-1.000632353
1058,-1.024312832,0.614306045,-0.142140053,-0.17167896,-0.103694646,0.05088814,-1.13065116,-1.414929824,-0.085740996,0.453916295,-1.000632353
1059,-0.886712558,0.614306045,-0.142140053,-0.171498115,-0.103694646,0.05088814,-1.13065116,-1.414929824,-0.085740996,0.024554351,0.03805528
1060,-0.886712558,0.614306045,-0.142140053,-0.171317271,-0.103694646,0.05088814,-1.13065116,-1.414929824,-0.085740996,0.024554351,0.03805528
1061,-0.886712558,0.614306045,-0.142140053,-0.171136426,-0.103694646,0.05088814,-1.13065116,-1.414929824,-0.085740996,0.024554351,0.03805528
1062,-0.886712558,0.614306045,-0.142140053,-0.170955581,-0.103694646,0.05088814,-1.13065116,-1.414929824,-0.085740996,0.024554351,0.03805528
1063,-0.886712558,0.614306045,-0.142140053,-0.170774737,-0.103694646,0.05088814,-1.13065116,-1.414929824,-0.085740996,0.024554351,0.03805528
1064,-0.886712558,0.614306045,-0.142140053,-0.170593892,-0.103694646,0.05088814,-1.13065116,-1.414929824,-0.085740996,0.024554351,0.03805528
1065,-0.749112285,0.614306045,-0.142140053,-0.170413047,-0.103694646,0.05088814,-1.13065116,-1.414929824,-0.085740996,-0.120378791,1.21211221
1066,-0.749112285,0.614306045,-0.142140053,-0.170232203,-0.103694646,0.05088814,-1.13065116,-1.414929824,-0.085740996,-0.120378791,1.21211221
1067,-0.749112285,0.614306045,-0.142140053,-0.170051358,-0.103694646,0.05088814,-1.13065116,-1.414929824,-0.085740996,-0.120378791,1.21211221
1068,-0.749112285,0.614306045,-0.142140053,-0.169870513,-0.103694646,0.05088814,-1.13065116,-1.414929824,-0.085740996,-0.120378791,1.21211221
1069,-0.749112285,0.614306045,-0.142140053,-0.169689669,-0.103694646,0.05088814,-1.13065116,-1.414929824,-0.085740996,-0.120378791,1.21211221
1070,-0.749112285,0.614306045,-0.142140053,-0.169508824,-0.103694646,0.05088814,-1.13065116,-1.414929824,-0.085740996,-0.120378791,1.21211221
1071,-0.611512012,0.614306045,-0.142140053,-0.169327979,-0.103694646,0.05088814,-1.13065116,-1.414929824,-0.085740996,-0.141224304,-0.804030394
1072,-0.611512012,0.614306045,-0.142140053,-0.169147135,-0.103694646,0.05088814,-1.13065116,-1.414929824,-0.085740996,-0.141224304,-0.804030394
1073,-0.611512012,0.614306045,-0.142140053,-0.16896629,-0.103694646,0.05088814,-1.13065116,-1.414929824,-0.085740996,-0.141224304,-0.804030394
1074,-0.611512012,0.614306045,-0.142140053,-0.168785445,-0.103694646,0.05088814,-1.13065116,-1.414929824,-0.085740996,-0.141224304,-0.804030394
1075,-0.611512012,0.614306045,-0.142140053,-0.168604601,-0.103694646,0.05088814,-1.13065116,-1.414929824,-0.085740996,-0.141224304,-0.804030394
1076,-0.611512012,0.614306045,-0.142140053,-0.168423756,-0.103694646,0.05088814,-1.13065116,-1.414929824,-0.085740996,-0.141224304,-0.804030394
1077,-0.473911739,0.614306045,-0.142140053,-0.168242912,-0.103694646,0.05088814,-1.13065116,-1.414929824,-0.085740996,-0.305089,-1.099685818
1078,-0.473911739,0.614306045,-0.142140053,-0.168062067,-0.103694646,0.05088814,-1.13065116,-1.414929824,-0.085740996,-0.305089,-1.099685818
1079,-0.473911739,0.614306045,-0.142140053,-0.167881222,-0.103694646,0.05088814,-1.13065116,-1.414929824,-0.085740996,-0.305089,-1.099685818
1080,-0.473911739,0.614306045,-0.142140053,-0.167700378,-0.103694646,0.05088814,-1.13065116,-1.414929824,-0.085740996,-0.305089,-1.099685818
1081,-0.473911739,0.614306045,-0.142140053,-0.167519533,-0.103694646,0.05088814,-1.13065116,-1.414929824,-0.085740996,-0.305089,-1.099685818
1082,-0.473911739,0.614306045,-0.142140053,-0.167338688,-0.103694646,0.05088814,-1.13065116,-1.414929824,-0.085740996,-0.305089,-1.099685818
1083,-0.336311465,0.614306045,-0.142140053,-0.167157844,-0.103694646,0.05088814,-1.13065116,-1.414929824,-0.085740996,-0.182551809,-1.556837493
1084,-0.336311465,0.614306045,-0.142140053,-0.166976999,-0.103694646,0.05088814,-1.13065116,-1.414929824,-0.085740996,-0.182551809,-1.556837493
1085,-0.336311465,0.614306045,-0.142140053,-0.166796154,-0.103694646,0.05088814,-1.13065116,-1.414929824,-0.085740996,-0.182551809,-1.556837493
1086,-0.336311465,0.614306045,-0.142140053,-0.16661531,-0.103694646,0.05088814,-1.13065116,-1.414929824,-0.085740996,-0.182551809,-1.556837493
1087,-0.336311465,0.614306045,-0.142140053,-0.166434465,-0.103694646,0.05088814,-1.13065116,-1.414929824,-0.085740996,-0.182551809,-1.556837493
1088,-0.336311465,0.614306045,-0.142140053,-0.16625362,-0.103694646,0.05088814,-1.13065116,-1.414929824,-0.085740996,-0.182551809,-1.556837493
1089,-0.198711192,0.614306045,-0.142140053,-0.166072776,-0.103694646,0.05088814,-1.13065116,-1.414929824,-0.085740996,-0.313471879,0.528647917
1090,-0.198711192,0.614306045,-0.142140053,-0.165891931,-0.103694646,0.05088814,-1.13065116,-1.414929824,-0.085740996,-0.313471879,0.528647917
1091,-0.198711192,0.614306045,-0.142140053,-0.165711086,-0.103694646,0.05088814,-1.13065116,-1.414929824,-0.085740996,-0.313471879,0.528647917
1092,-0.198711192,0.614306045,-0.142140053,-0.165530242,-0.103694646,0.05088814,-1.13065116,-1.414929824,-0.085740996,-0.313471879,0.528647917
1093,-0.198711192,0.614306045,-0.142140053,-0.165349397,-0.103694646,0.05088814,-1.13065116,-1.414929824,-0.085740996,-0.313471879,0.528647917
1094,-0.198711192,0.614306045,-0.142140053,-0.165168553,-0.103694646,0.05088814,-1.13065116,-1.414929824,-0.085740996,-0.313471879,0.528647917
1095,-0.061110919,0.614306045,-0.142140053,-0.164987708,-0.103694646,0.05088814,-1.13065116,-1.414929824,-0.085740996,-0.495418454,0.638409672
1096,-0.061110919,0.614306045,-0.142140053,-0.164806863,-0.103694646,0.05088814,-1.13065116,-1.414929824,-0.085740996,-0.495418454,0.638409672
1097,-0.061110919,0.614306045,-0.142140053,-0.164626019,-0.103694646,0.05088814,-1.13065116,-1.414929824,-0.085740996,-0.495418454,0.638409672
1098,-0.061110919,0.614306045,-0.142140053,-0.164445174,-0.103694646,0.05088814,-1.13065116,-1.414929824,-0.085740996,-0.495418454,0.638409672
1099,-0.061110919,0.614306045,-0.142140053,-0.164264329,-0.103694646,0.05088814,-1.13065116,-1.414929824,-0.085740996,-0.495418454,0.638409672
1100,-0.061110919,0.614306045,-0.142140053,-0.164083485,-0.103694646,0.05088814,-1.13065116,-1.414929824,-0.085740996,-0.495418454,0.638409672
1101,0.076489355,0.614306045,-0.142140053,-0.16390264,-0.103694646,0.05088814,-1.13065116,-1.414929824,-0.085740996,-0.287596201,0.475905898
1102,0.076489355,0.614306045,-0.142140053,-0.163721795,-0.103694646,0.05088814,-1.13065116,-1.414929824,-0.085740996,-0.287596201,0.475905898
1103,0.076489355,0.614306045,-0.142140053,-0.163540951,-0.103694646,0.05088814,-1.13065116,-1.414929824,-0.085740996,-0.287596201,0.475905898
1104,0.076489355,0.614306045,-0.142140053,-0.163360106,-0.103694646,0.05088814,-1.13065116,-1.414929824,-0.085740996,-0.287596201,0.475905898
1105,0.076489355,0.614306045,-0.142140053,-0.163179261,-0.103694646,0.05088814,-1.13065116,-1.414929824,-0.085740996,-0.287596201,0.475905898
1106,0.076489355,-1.627853101,7.035314646,-0.181082882,-0.09010718,0.05088814,-1.13065116,-1.414929824,1.560202687,-0.287596201,0.475905898
1107,0.076489355,-1.627853101,-0.142140053,-0.180902037,-0.09010718,0.05088814,-1.13065116,-1.414929824,1.560202687,-0.287596201,0.475905898
1108,0.076489355,-1.627853101,-0.142140053,-0.180721192,-0.09010718,0.05088814,-1.13065116,-1.414929824,1.560202687,-0.287596201,0.475905898
1109,0.076489355,-1.627853101,-0.142140053,-0.180540348,-0.09010718,0.05088814,-1.13065116,-1.414929824,1.560202687,-0.287596201,0.475905898
1110,0.076489355,-1.627853101,-0.142140053,-0.180359503,-0.09010718,0.05088814,-1.13065116,-1.414929824,1.560202687,-0.287596201,0.475905898
1111,0.076489355,-1.627853101,-0.142140053,-0.180178658,-0.09010718,0.05088814,-1.13065116,-1.414929824,1.560202687,-0.287596201,0.475905898
1112,0.076489355,-1.627853101,-0.142140053,-0.179997814,-0.09010718,0.05088814,-1.13065116,-1.414929824,1.560202687,-0.287596201,0.475905898
1113,-2.125115018,-1.627853101,-0.142140053,-0.179816969,-0.09010718,0.05088814,-1.13065116,-1.414929824,1.560202687,3.214156532,-0.786329294
1114,-2.125115018,-1.627853101,-0.142140053,-0.179636124,-0.09010718,0.05088814,-1.13065116,-1.414929824,1.560202687,3.214156532,-0.786329294
1115,-2.125115018,-1.627853101,-0.142140053,-0.17945528,-0.09010718,0.05088814,-1.13065116,-1.414929824,1.560202687,3.214156532,-0.786329294
1116,-2.125115018,-1.627853101,-0.142140053,-0.179274435,-0.09010718,0.05088814,-1.13065116,-1.414929824,1.560202687,3.214156532,-0.786329294
1117,-2.125115018,-1.627853101,-0.142140053,-0.17909359,-0.09010718,0.05088814,-1.13065116,-1.414929824,1.560202687,3.214156532,-0.786329294
1118,-2.125115018,-1.627853101,-0.142140053,-0.178912746,-0.09010718,0.05088814,-1.13065116,-1.414929824,1.560202687,3.214156532,-0.786329294
1119,-2.125115018,0.614306045,7.035314646,-0.181082882,-0.09010718,-0.307460784,-1.13065116,-1.414929824,-0.085740996,3.214156532,-0.786329294
1120,-2.125115018,0.614306045,-0.142140053,-0.180902037,-0.09010718,-0.307460784,-1.13065116,-1.414929824,-0.085740996,3.214156532,-0.786329294
1121,-2.125115018,0.614306045,-0.142140053,-0.180721192,-0.09010718,-0.307460784,-1.13065116,-1.414929824,-0.085740996,3.214156532,-0.786329294
1122,-2.125115018,0.614306045,-0.142140053,-0.180540348,-0.09010718,-0.307460784,-1.13065116,-1.414929824,-0.085740996,3.214156532,-0.786329294
1123,-2.125115018,0.614306045,-0.142140053,-0.180359503,-0.09010718,-0.307460784,-1.13065116,-1.414929824,-0.085740996,3.214156532,-0.786329294
1124,-1.987514745,0.614306045,-0.142140053,-0.180178658,-0.09010718,-0.307460784,-1.13065116,-1.414929824,-0.085740996,3.05253165,-1.059116976
1125,-1.987514745,0.614306045,-0.142140053,-0.179997814,-0.09010718,-0.307460784,-1.13065116,-1.414929824,-0.085740996,3.05253165,-1.059116976
1126,-1.987514745,0.614306045,-0.142140053,-0.179816969,-0.09010718,-0.307460784,-1.13065116,-1.414929824,-0.085740996,3.05253165,-1.059116976
1127,-1.987514745,0.614306045,-0.142140053,-0.179636124,-0.09010718,-0.307460784,-1.13065116,-1.414929824,-0.085740996,3.05253165,-1.059116976
1128,-1.987514745,0.614306045,-0.142140053,-0.17945528,-0.09010718,-0.307460784,-1.13065116,-1.414929824,-0.085740996,3.05253165,-1.059116976
1129,-1.987514745,0.614306045,-0.142140053,-0.179274435,-0.09010718,-0.307460784,-1.13065116,-1.414929824,-0.085740996,3.05253165,-1.059116976
1130,-1.849914471,0.614306045,-0.142140053,-0.17909359,-0.09010718,-0.307460784,-1.13065116,-1.414929824,-0.085740996,2.640927919,0.565173491
1131,-1.849914471,0.614306045,-0.142140053,-0.178912746,-0.09010718,-0.307460784,-1.13065116,-1.414929824,-0.085740996,2.640927919,0.565173491
1132,-1.849914471,0.614306045,-0.142140053,-0.178731901,-0.09010718,-0.307460784,-1.13065116,-1.414929824,-0.085740996,2.640927919,0.565173491
1133,-1.849914471,0.614306045,-0.142140053,-0.178551056,-0.09010718,-0.307460784,-1.13065116,-1.414929824,-0.085740996,2.640927919,0.565173491
1134,-1.849914471,0.614306045,-0.142140053,-0.178370212,-0.09010718,-0.307460784,-1.13065116,-1.414929824,-0.085740996,2.640927919,0.565173491
1135,-1.849914471,0.614306045,-0.142140053,-0.178189367,-0.09010718,-0.307460784,-1.13065116,-1.414929824,-0.085740996,2.640927919,0.565173491
1136,-1.712314198,0.614306045,-0.142140053,-0.178008523,-0.09010718,-0.307460784,-1.13065116,-1.414929824,-0.085740996,1.926914244,1.433251598
1137,-1.712314198,0.614306045,-0.142140053,-0.177827678,-0.09010718,-0.307460784,-1.13065116,-1.414929824,-0.085740996,1.926914244,1.433251598
1138,-1.712314198,0.614306045,-0.142140053,-0.177646833,-0.09010718,-0.307460784,-1.13065116,-1.414929824,-0.085740996,1.926914244,1.433251598
1139,-1.712314198,0.614306045,-0.142140053,-0.177465989,-0.09010718,-0.307460784,-1.13065116,-1.414929824,-0.085740996,1.926914244,1.433251598
1140,-1.712314198,0.614306045,-0.142140053,-0.177285144,-0.09010718,-0.307460784,-1.13065116,-1.414929824,-0.085740996,1.926914244,1.433251598
1141,-1.712314198,0.614306045,-0.142140053,-0.177104299,-0.09010718,-0.307460784,-1.13065116,-1.414929824,-0.085740996,1.926914244,1.433251598
1142,-1.574713925,0.614306045,-0.142140053,-0.176923455,-0.09010718,-0.307460784,-1.13065116,-1.414929824,-0.085740996,1.849648102,-0.158675159
1143,-1.574713925,0.614306045,-0.142140053,-0.17674261,-0.09010718,-0.307460784,-1.13065116,-1.414929824,-0.085740996,1.849648102,-0.158675159
1144,-1.574713925,0.614306045,-0.142140053,-0.176561765,-0.09010718,-0.307460784,-1.13065116,-1.414929824,-0.085740996,1.849648102,-0.158675159
1145,-1.574713925,0.614306045,-0.142140053,-0.176380921,-0.09010718,-0.307460784,-1.13065116,-1.414929824,-0.085740996,1.849648102,-0.158675159
1146,-1.574713925,0.614306045,-0.142140053,-0.176200076,-0.09010718,-0.307460784,-1.13065116,-1.414929824,-0.085740996,1.849648102,-0.158675159
1147,-1.574713925,0.614306045,-0.142140053,-0.176019231,-0.09010718,-0.307460784,-1.13065116,-1.414929824,-0.085740996,1.849648102,-0.158675159
1148,-1.437113651,0.614306045,-0.142140053,-0.175838387,-0.09010718,-0.307460784,-1.13065116,-1.414929824,-0.085740996,1.088790164,-2.108568903
1149,-1.437113651,0.614306045,-0.142140053,-0.175657542,-0.09010718,-0.307460784,-1.13065116,-1.414929824,-0.085740996,1.088790164,-2.108568903
1150,-1.437113651,0.614306045,-0.142140053,-0.175476697,-0.09010718,-0.307460784,-1.13065116,-1.414929824,-0.085740996,1.088790164,-2.108568903
1151,-1.437113651,0.614306045,-0.142140053,-0.175295853,-0.09010718,-0.307460784,-1.13065116,-1.414929824,-0.085740996,1.088790164,-2.108568903
1152,-1.437113651,0.614306045,-0.142140053,-0.175115008,-0.09010718,-0.307460784,-1.13065116,-1.414929824,-0.085740996,1.088790164,-2.108568903
1153,-1.437113651,0.614306045,-0.142140053,-0.174934164,-0.09010718,-0.307460784,-1.13065116,-1.414929824,-0.085740996,1.088790164,-2.108568903
1154,-1.299513378,0.614306045,-0.142140053,-0.174753319,-0.09010718,-0.307460784,-1.13065116,-1.414929824,-0.085740996,0.900403138,0.776703805
1155,-1.299513378,0.614306045,-0.142140053,-0.174572474,-0.09010718,-0.307460784,-1.13065116,-1.414929824,-0.085740996,0.900403138,0.776703805
1156,-1.299513378,0.614306045,-0.142140053,-0.17439163,-0.09010718,-0.307460784,-1.13065116,-1.414929824,-0.085740996,0.900403138,0.776703805
1157,-1.299513378,0.614306045,-0.142140053,-0.174210785,-0.09010718,-0.307460784,-1.13065116,-1.414929824,-0.085740996,0.900403138,0.776703805
1158,-1.299513378,0.614306045,-0.142140053,-0.17402994,-0.09010718,-0.307460784,-1.13065116,-1.414929824,-0.085740996,0.900403138,0.776703805
1159,-1.299513378,0.614306045,-0.142140053,-0.173849096,-0.09010718,-0.307460784,-1.13065116,-1.414929824,-0.085740996,0.900403138,0.776703805
1160,-1.161913105,0.614306045,-0.142140053,-0.173668251,-0.09010718,-0.307460784,-1.13065116,-1.414929824,-0.085740996,0.579662106,0.804610257
1161,-1.161913105,0.614306045,-0.142140053,-0.173487406,-0.09010718,-0.307460784,-1.13065116,-1.414929824,-0.085740996,0.579662106,0.804610257
1162,-1.161913105,0.614306045,-0.142140053,-0.173306562,-0.09010718,-0.307460784,-1.13065116,-1.414929824,-0.085740996,0.579662106,0.804610257
1163,-1.161913105,0.614306045,-0.142140053,-0.173125717,-0.09010718,-0.307460784,-1.13065116,-1.414929824,-0.085740996,0.579662106,0.804610257
1164,-1.161913105,0.614306045,-0.142140053,-0.172944872,-0.09010718,-0.307460784,-1.13065116,-1.414929824,-0.085740996,0.579662106,0.804610257
1165,-1.161913105,0.614306045,-0.142140053,-0.172764028,-0.09010718,-0.307460784,-1.13065116,-1.414929824,-0.085740996,0.579662106,0.804610257
1166,-1.024312832,0.614306045,-0.142140053,-0.172583183,-0.09010718,-0.307460784,-1.13065116,-1.414929824,-0.085740996,0.453916295,-1.000632353
1167,-1.024312832,0.614306045,-0.142140053,-0.172402338,-0.09010718,-0.307460784,-1.13065116,-1.414929824,-0.085740996,0.453916295,-1.000632353
1168,-1.024312832,0.614306045,-0.142140053,-0.172221494,-0.09010718,-0.307460784,-1.13065116,-1.414929824,-0.085740996,0.453916295,-1.000632353
1169,-1.024312832,0.614306045,-0.142140053,-0.172040649,-0.09010718,-0.307460784,-1.13065116,-1.414929824,-0.085740996,0.453916295,-1.000632353
1170,-1.024312832,0.614306045,-0.142140053,-0.171859804,-0.09010718,-0.307460784,-1.13065116,-1.414929824,-0.085740996,0.453916295,-1.000632353
1171,-1.024312832,0.614306045,-0.142140053,-0.17167896,-0.09010718,-0.307460784,-1.13065116,-1.414929824,-0.085740996,0.453916295,-1.000632353
1172,-0.886712558,0.614306045,-0.142140053,-0.171498115,-0.09010718,-0.307460784,-1.13065116,-1.414929824,-0.085740996,0.024554351,0.03805528
1173,-0.886712558,0.614306045,-0.142140053,-0.171317271,-0.09010718,-0.307460784,-1.13065116,-1.414929824,-0.085740996,0.024554351,0.03805528
1174,-0.886712558,0.614306045,-0.142140053,-0.171136426,-0.09010718,-0.307460784,-1.13065116,-1.414929824,-0.085740996,0.024554351,0.03805528
1175,-0.886712558,0.614306045,-0.142140053,-0.170955581,-0.09010718,-0.307460784,-1.13065116,-1.414929824,-0.085740996,0.024554351,0.03805528
1176,-0.886712558,0.614306045,-0.142140053,-0.170774737,-0.09010718,-0.307460784,-1.13065116,-1.414929824,-0.085740996,0.024554351,0.03805528
1177,-0.886712558,0.614306045,-0.142140053,-0.170593892,-0.09010718,-0.307460784,-1.13065116,-1.414929824,-0.085740996,0.024554351,0.03805528
1178,-0.749112285,0.614306045,-0.142140053,-0.170413047,-0.09010718,-0.307460784,-1.13065116,-1.414929824,-0.085740996,-0.120378791,1.21211221
1179,-0.749112285,0.614306045,-0.142140053,-0.170232203,-0.09010718,-0.307460784,-1.13065116,-1.414929824,-0.085740996,-0.120378791,1.21211221
1180,-0.749112285,0.614306045,-0.142140053,-0.170051358,-0.09010718,-0.307460784,-1.13065116,-1.414929824,-0.085740996,-0.120378791,1.21211221
1181,-0.749112285,0.614306045,-0.142140053,-0.169870513,-0.09010718,-0.307460784,-1.13065116,-1.414929824,-0.085740996,-0.120378791,1.21211221
1182,-0.749112285,0.614306045,-0.142140053,-0.169689669,-0.09010718,-0.307460784,-1.13065116,-1.414929824,-0.085740996,-0.120378791,1.21211221
1183,-0.749112285,0.614306045,-0.142140053,-0.169508824,-0.09010718,-0.307460784,-1.13065116,-1.414929824,-0.085740996,-0.120378791,1.21211221
1184,-0.611512012,0.614306045,-0.142140053,-0.169327979,-0.09010718,-0.307460784,-1.13065116,-1.414929824,-0.085740996,-0.141224304,-0.804030394
1185,-0.611512012,0.614306045,-0.142140053,-0.169147135,-0.09010718,-0.307460784,-1.13065116,-1.414929824,-0.085740996,-0.141224304,-0.804030394
1186,-0.611512012,0.614306045,-0.142140053,-0.16896629,-0.09010718,-0.307460784,-1.13065116,-1.414929824,-0.085740996,-0.141224304,-0.804030394
1187,-0.611512012,0.614306045,-0.142140053,-0.168785445,-0.09010718,-0.307460784,-1.13065116,-1.414929824,-0.085740996,-0.141224304,-0.804030394
1188,-0.611512012,0.614306045,-0.142140053,-0.168604601,-0.09010718,-0.307460784,-1.13065116,-1.414929824,-0.085740996,-0.141224304,-0.804030394
1189,-0.611512012,0.614306045,-0.142140053,-0.168423756,-0.09010718,-0.307460784,-1.13065116,-1.414929824,-0.085740996,-0.141224304,-0.804030394
1190,-0.473911739,0.614306045,-0.142140053,-0.168242912,-0.09010718,-0.307460784,-1.13065116,-1.414929824,-0.085740996,-0.305089,-1.099685818
1191,-0.473911739,0.614306045,-0.142140053,-0.168062067,-0.09010718,-0.307460784,-1.13065116,-1.414929824,-0.085740996,-0.305089,-1.099685818
1192,-0.473911739,0.614306045,-0.142140053,-0.167881222,-0.09010718,-0.307460784,-1.13065116,-1.414929824,-0.085740996,-0.305089,-1.099685818
1193,-0.473911739,0.614306045,-0.142140053,-0.167700378,-0.09010718,-0.307460784,-1.13065116,-1.414929824,-0.085740996,-0.305089,-1.099685818
1194,-0.473911739,0.614306045,-0.142140053,-0.167519533,-0.09010718,-0.307460784,-1.13065116,-1.414929824,-0.085740996,-0.305089,-1.099685818
1195,-0.473911739,0.614306045,-0.142140053,-0.167338688,-0.09010718,-0.307460784,-1.13065116,-1.414929824,-0.085740996,-0.305089,-1.099685818
1196,-0.336311465,0.614306045,-0.142140053,-0.167157844,-0.09010718,-0.307460784,-1.13065116,-1.414929824,-0.085740996,-0.182551809,-1.556837493
1197,-0.336311465,0.614306045,-0.142140053,-0.166976999,-0.09010718,-0.307460784,-1.13065116,-1.414929824,-0.085740996,-0.182551809,-1.556837493
1198,-0.336311465,0.614306045,-0.142140053,-0.166796154,-0.09010718,-0.307460784,-1.13065116,-1.414929824,-0.085740996,-0.182551809,-1.556837493
1199,-0.336311465,0.614306045,-0.142140053,-0.16661531,-0.09010718,-0.307460784,-1.13065116,-1.414929824,-0.085740996,-0.182551809,-1.556837493
1200,-0.336311465,0.614306045,-0.142140053,-0.166434465,-0.09010718,-0.307460784,-1.13065116,-1.414929824,-0.085740996,-0.182551809,-1.556837493
1201,-0.336311465,0.614306045,-0.142140053,-0.16625362,-0.09010718,-0.307460784,-1.13065116,-1.414929824,-0.085740996,-0.182551809,-1.556837493
1202,-0.198711192,0.614306045,-0.142140053,-0.166072776,-0.09010718,-0.307460784,-1.13065116,-1.414929824,-0.085740996,-0.313471879,0.528647917
1203,-0.198711192,0.614306045,-0.142140053,-0.165891931,-0.09010718,-0.307460784,-1.13065116,-1.414929824,-0.085740996,-0.313471879,0.528647917
1204,-0.198711192,0.614306045,-0.142140053,-0.165711086,-0.09010718,-0.307460784,-1.13065116,-1.414929824,-0.085740996,-0.313471879,0.528647917
1205,-0.198711192,0.614306045,-0.142140053,-0.165530242,-0.09010718,-0.307460784,-1.13065116,-1.414929824,-0.085740996,-0.313471879,0.528647917
1206,-0.198711192,0.614306045,-0.142140053,-0.165349397,-0.09010718,-0.307460784,-1.13065116,-1.414929824,-0.085740996,-0.313471879,0.528647917
1207,-0.198711192,0.614306045,-0.142140053,-0.165168553,-0.09010718,-0.307460784,-1.13065116,-1.414929824,-0.085740996,-0.313471879,0.528647917
1208,-0.061110919,0.614306045,-0.142140053,-0.164987708,-0.09010718,-0.307460784,-1.13065116,-1.414929824,-0.085740996,-0.495418454,0.638409672
1209,-0.061110919,0.614306045,-0.142140053,-0.164806863,-0.09010718,-0.307460784,-1.13065116,-1.414929824,-0.085740996,-0.495418454,0.638409672
1210,-0.061110919,0.614306045,-0.142140053,-0.164626019,-0.09010718,-0.307460784,-1.13065116,-1.414929824,-0.085740996,-0.495418454,0.638409672
1211,-0.061110919,0.614306045,-0.142140053,-0.164445174,-0.09010718,-0.307460784,-1.13065116,-1.414929824,-0.085740996,-0.495418454,0.638409672
1212,-0.061110919,0.614306045,-0.142140053,-0.164264329,-0.09010718,-0.307460784,-1.13065116,-1.414929824,-0.085740996,-0.495418454,0.638409672
1213,-0.061110919,0.614306045,-0.142140053,-0.164083485,-0.09010718,-0.307460784,-1.13065116,-1.414929824,-0.085740996,-0.495418454,0.638409672
1214,0.076489355,0.614306045,-0.142140053,-0.16390264,-0.09010718,-0.307460784,-1.13065116,-1.414929824,-0.085740996,-0.287596201,0.475905898
1215,0.076489355,0.614306045,-0.142140053,-0.163721795,-0.09010718,-0.307460784,-1.13065116,-1.414929824,-0.085740996,-0.287596201,0.475905898
1216,0.076489355,0.614306045,-0.142140053,-0.163540951,-0.09010718,-0.307460784,-1.13065116,-1.414929824,-0.085740996,-0.287596201,0.475905898
1217,0.076489355,0.614306045,-0.142140053,-0.163360106,-0.09010718,-0.307460784,-1.13065116,-1.414929824,-0.085740996,-0.287596201,0.475905898
1218,0.076489355,0.614306045,-0.142140053,-0.163179261,-0.09010718,-0.307460784,-1.13065116,-1.414929824,-0.085740996,-0.287596201,0.475905898
1219,0.076489355,0.614306045,-0.142140053,-0.162998417,-0.09010718,-0.307460784,-1.13065116,-1.414929824,-0.085740996,-0.287596201,0.475905898
1220,0.214089628,0.614306045,-0.142140053,-0.162817572,-0.09010718,-0.307460784,-1.13065116,-1.414929824,-0.085740996,-0.225276461,1.088460372
1221,0.214089628,0.614306045,-0.142140053,-0.162636727,-0.09010718,-0.307460784,-1.13065116,-1.414929824,-0.085740996,-0.225276461,1.088460372
1222,0.214089628,0.614306045,-0.142140053,-0.162455883,-0.09010718,-0.307460784,-1.13065116,-1.414929824,-0.085740996,-0.225276461,1.088460372
1223,0.214089628,0.614306045,-0.142140053,-0.162275038,-0.09010718,-0.307460784,-1.13065116,-1.414929824,-0.085740996,-0.225276461,1.088460372
1224,0.214089628,0.614306045,-0.142140053,-0.162094194,-0.09010718,-0.307460784,-1.13065116,-1.414929824,-0.085740996,-0.225276461,1.088460372
1225,0.214089628,-1.627853101,7.035314646,-0.181082882,-0.088839397,-0.307460784,-0.958151257,-1.414929824,-0.085740996,-0.225276461,1.088460372
1226,0.214089628,-1.627853101,-0.142140053,-0.180902037,-0.088839397,-0.307460784,-0.958151257,-1.414929824,-0.085740996,-0.225276461,1.088460372
1227,0.214089628,-1.627853101,-0.142140053,-0.180721192,-0.088839397,-0.307460784,-0.958151257,-1.414929824,-0.085740996,-0.225276461,1.088460372
1228,0.214089628,-1.627853101,-0.142140053,-0.180540348,-0.088839397,-0.307460784,-0.958151257,-1.414929824,-0.085740996,-0.225276461,1.088460372
1229,0.214089628,-1.627853101,-0.142140053,-0.180359503,-0.088839397,-0.307460784,-0.958151257,-1.414929824,-0.085740996,-0.225276461,1.088460372
1230,0.076489355,-1.627853101,-0.142140053,-0.180178658,-0.088839397,-0.307460784,-0.958151257,-1.414929824,-0.085740996,-0.287596201,0.475905898
1231,0.076489355,-1.627853101,-0.142140053,-0.179997814,-0.088839397,-0.307460784,-0.958151257,-1.414929824,-0.085740996,-0.287596201,0.475905898
1232,0.076489355,-1.627853101,-0.142140053,-0.179816969,-0.088839397,-0.307460784,-0.958151257,-1.414929824,-0.085740996,-0.287596201,0.475905898
1233,0.076489355,-1.627853101,-0.142140053,-0.179636124,-0.088839397,-0.307460784,-0.958151257,-1.414929824,-0.085740996,-0.287596201,0.475905898
1234,0.076489355,-1.627853101,-0.142140053,-0.17945528,-0.088839397,-0.307460784,-0.958151257,-1.414929824,-0.085740996,-0.287596201,0.475905898
1235,0.076489355,-1.627853101,-0.142140053,-0.179274435,-0.088839397,-0.307460784,-0.958151257,-1.414929824,-0.085740996,-0.287596201,0.475905898
1236,-0.061110919,-1.627853101,-0.142140053,-0.17909359,-0.088839397,-0.307460784,-0.958151257,-1.414929824,-0.085740996,-0.495418454,0.638409672
1237,-0.061110919,-1.627853101,-0.142140053,-0.178912746,-0.088839397,-0.307460784,-0.958151257,-1.414929824,-0.085740996,-0.495418454,0.638409672
1238,-0.061110919,-1.627853101,-0.142140053,-0.178731901,-0.088839397,-0.307460784,-0.958151257,-1.414929824,-0.085740996,-0.495418454,0.638409672
1239,-0.061110919,-1.627853101,-0.142140053,-0.178551056,-0.088839397,-0.307460784,-0.958151257,-1.414929824,-0.085740996,-0.495418454,0.638409672
1240,-0.061110919,-1.627853101,-0.142140053,-0.178370212,-0.088839397,-0.307460784,-0.958151257,-1.414929824,-0.085740996,-0.495418454,0.638409672
1241,-0.061110919,-1.627853101,-0.142140053,-0.178189367,-0.088839397,-0.307460784,-0.958151257,-1.414929824,-0.085740996,-0.495418454,0.638409672
1242,-0.198711192,-1.627853101,-0.142140053,-0.178008523,-0.088839397,-0.307460784,-0.958151257,-1.414929824,-0.085740996,-0.313471879,0.528647917
1243,-0.198711192,-1.627853101,-0.142140053,-0.177827678,-0.088839397,-0.307460784,-0.958151257,-1.414929824,-0.085740996,-0.313471879,0.528647917
1244,-0.198711192,-1.627853101,-0.142140053,-0.177646833,-0.088839397,-0.307460784,-0.958151257,-1.414929824,-0.085740996,-0.313471879,0.528647917
1245,-0.198711192,-1.627853101,-0.142140053,-0.177465989,-0.088839397,-0.307460784,-0.958151257,-1.414929824,-0.085740996,-0.313471879,0.528647917
1246,-0.198711192,-1.627853101,-0.142140053,-0.177285144,-0.088839397,-0.307460784,-0.958151257,-1.414929824,-0.085740996,-0.313471879,0.528647917
1247,-0.198711192,-1.627853101,-0.142140053,-0.177104299,-0.088839397,-0.307460784,-0.958151257,-1.414929824,-0.085740996,-0.313471879,0.528647917
1248,-0.336311465,-1.627853101,-0.142140053,-0.176923455,-0.088839397,-0.307460784,-0.958151257,-1.414929824,-0.085740996,-0.182551809,-1.556837493
1249,-0.336311465,-1.627853101,-0.142140053,-0.17674261,-0.088839397,-0.307460784,-0.958151257,-1.414929824,-0.085740996,-0.182551809,-1.556837493
1250,-0.336311465,-1.627853101,-0.142140053,-0.176561765,-0.088839397,-0.307460784,-0.958151257,-1.414929824,-0.085740996,-0.182551809,-1.556837493
1251,-0.336311465,-1.627853101,-0.142140053,-0.176380921,-0.088839397,-0.307460784,-0.958151257,-1.414929824,-0.085740996,-0.182551809,-1.556837493
1252,-0.336311465,-1.627853101,-0.142140053,-0.176200076,-0.088839397,-0.307460784,-0.958151257,-1.414929824,-0.085740996,-0.182551809,-1.556837493
1253,-0.336311465,-1.627853101,-0.142140053,-0.176019231,-0.088839397,-0.307460784,-0.958151257,-1.414929824,-0.085740996,-0.182551809,-1.556837493
1254,-0.473911739,-1.627853101,-0.142140053,-0.175838387,-0.088839397,-0.307460784,-0.958151257,-1.414929824,-0.085740996,-0.305089,-1.099685818
1255,-0.473911739,-1.627853101,-0.142140053,-0.175657542,-0.088839397,-0.307460784,-0.958151257,-1.414929824,-0.085740996,-0.305089,-1.099685818
1256,-0.473911739,-1.627853101,-0.142140053,-0.175476697,-0.088839397,-0.307460784,-0.958151257,-1.414929824,-0.085740996,-0.305089,-1.099685818
1257,-0.473911739,-1.627853101,-0.142140053,-0.175295853,-0.088839397,-0.307460784,-0.958151257,-1.414929824,-0.085740996,-0.305089,-1.099685818
1258,-0.473911739,-1.627853101,-0.142140053,-0.175115008,-0.088839397,-0.307460784,-0.958151257,-1.414929824,-0.085740996,-0.305089,-1.099685818
1259,-0.473911739,-1.627853101,-0.142140053,-0.174934164,-0.088839397,-0.307460784,-0.958151257,-1.414929824,-0.085740996,-0.305089,-1.099685818
1260,-0.611512012,-1.627853101,-0.142140053,-0.174753319,-0.088839397,-0.307460784,-0.958151257,-1.414929824,-0.085740996,-0.141224304,-0.804030394
1261,-0.611512012,-1.627853101,-0.142140053,-0.174572474,-0.088839397,-0.307460784,-0.958151257,-1.414929824,-0.085740996,-0.141224304,-0.804030394
1262,-0.611512012,-1.627853101,-0.142140053,-0.17439163,-0.088839397,-0.307460784,-0.958151257,-1.414929824,-0.085740996,-0.141224304,-0.804030394
1263,-0.611512012,0.614306045,7.035314646,-0.181082882,-0.088839397,0.163280587,-0.958151257,0.323242267,-0.085740996,-0.141224304,-0.804030394
1264,-0.611512012,0.614306045,-0.142140053,-0.180902037,-0.088839397,0.163280587,-0.958151257,0.323242267,-0.085740996,-0.141224304,-0.804030394
1265,-0.611512012,0.614306045,-0.142140053,-0.180721192,-0.088839397,0.163280587,-0.958151257,0.323242267,-0.085740996,-0.141224304,-0.804030394
1266,-0.611512012,0.614306045,-0.142140053,-0.180540348,-0.088839397,0.163280587,-0.958151257,0.323242267,-0.085740996,-0.141224304,-0.804030394
1267,-0.611512012,0.614306045,-0.142140053,-0.180359503,-0.088839397,0.163280587,-0.958151257,0.323242267,-0.085740996,-0.141224304,-0.804030394
1268,-0.473911739,0.614306045,-0.142140053,-0.180178658,-0.088839397,0.163280587,-0.958151257,0.323242267,-0.085740996,-0.305089,-1.099685818
1269,-0.473911739,0.614306045,-0.142140053,-0.179997814,-0.088839397,0.163280587,-0.958151257,0.323242267,-0.085740996,-0.305089,-1.099685818
1270,-0.473911739,0.614306045,-0.142140053,-0.179816969,-0.088839397,0.163280587,-0.958151257,0.323242267,-0.085740996,-0.305089,-1.099685818
1271,-0.473911739,0.614306045,-0.142140053,-0.179636124,-0.088839397,0.163280587,-0.958151257,0.323242267,-0.085740996,-0.305089,-1.099685818
1272,-0.473911739,0.614306045,-0.142140053,-0.17945528,-0.088839397,0.163280587,-0.958151257,0.323242267,-0.085740996,-0.305089,-1.099685818
1273,-0.473911739,0.614306045,-0.142140053,-0.179274435,-0.088839397,0.163280587,-0.958151257,0.323242267,-0.085740996,-0.305089,-1.099685818
1274,-0.336311465,0.614306045,-0.142140053,-0.17909359,-0.088839397,0.163280587,-0.958151257,0.323242267,-0.085740996,-0.182551809,-1.556837493
1275,-0.336311465,0.614306045,-0.142140053,-0.178912746,-0.088839397,0.163280587,-0.958151257,0.323242267,-0.085740996,-0.182551809,-1.556837493
1276,-0.336311465,0.614306045,-0.142140053,-0.178731901,-0.088839397,0.163280587,-0.958151257,0.323242267,-0.085740996,-0.182551809,-1.556837493
1277,-0.336311465,0.614306045,-0.142140053,-0.178551056,-0.088839397,0.163280587,-0.958151257,0.323242267,-0.085740996,-0.182551809,-1.556837493
1278,-0.336311465,0.614306045,-0.142140053,-0.178370212,-0.088839397,0.163280587,-0.958151257,0.323242267,-0.085740996,-0.182551809,-1.556837493
1279,-0.336311465,0.614306045,-0.142140053,-0.178189367,-0.088839397,0.163280587,-0.958151257,0.323242267,-0.085740996,-0.182551809,-1.556837493
1280,-0.198711192,0.614306045,-0.142140053,-0.178008523,-0.088839397,0.163280587,-0.958151257,0.323242267,-0.085740996,-0.313471879,0.528647917
1281,-0.198711192,0.614306045,-0.142140053,-0.177827678,-0.088839397,0.163280587,-0.958151257,0.323242267,-0.085740996,-0.313471879,0.528647917
1282,-0.198711192,0.614306045,-0.142140053,-0.177646833,-0.088839397,0.163280587,-0.958151257,0.323242267,-0.085740996,-0.313471879,0.528647917
1283,-0.198711192,0.614306045,-0.142140053,-0.177465989,-0.088839397,0.163280587,-0.958151257,0.323242267,-0.085740996,-0.313471879,0.528647917
1284,-0.198711192,0.614306045,-0.142140053,-0.177285144,-0.088839397,0.163280587,-0.958151257,0.323242267,-0.085740996,-0.313471879,0.528647917
1285,-0.198711192,0.614306045,-0.142140053,-0.177104299,-0.088839397,0.163280587,-0.958151257,0.323242267,-0.085740996,-0.313471879,0.528647917
1286,-0.061110919,0.614306045,-0.142140053,-0.176923455,-0.088839397,0.163280587,-0.958151257,0.323242267,-0.085740996,-0.495418454,0.638409672
1287,-0.061110919,0.614306045,-0.142140053,-0.17674261,-0.088839397,0.163280587,-0.958151257,0.323242267,-0.085740996,-0.495418454,0.638409672
1288,-0.061110919,0.614306045,-0.142140053,-0.176561765,-0.088839397,0.163280587,-0.958151257,0.323242267,-0.085740996,-0.495418454,0.638409672
1289,-0.061110919,0.614306045,-0.142140053,-0.176380921,-0.088839397,0.163280587,-0.958151257,0.323242267,-0.085740996,-0.495418454,0.638409672
1290,-0.061110919,0.614306045,-0.142140053,-0.176200076,-0.088839397,0.163280587,-0.958151257,0.323242267,-0.085740996,-0.495418454,0.638409672
1291,-0.061110919,0.614306045,-0.142140053,-0.176019231,-0.088839397,0.163280587,-0.958151257,0.323242267,-0.085740996,-0.495418454,0.638409672
1292,0.076489355,0.614306045,-0.142140053,-0.175838387,-0.088839397,0.163280587,-0.958151257,0.323242267,-0.085740996,-0.287596201,0.475905898
1293,0.076489355,0.614306045,-0.142140053,-0.175657542,-0.088839397,0.163280587,-0.958151257,0.323242267,-0.085740996,-0.287596201,0.475905898
1294,0.076489355,0.614306045,-0.142140053,-0.175476697,-0.088839397,0.163280587,-0.958151257,0.323242267,-0.085740996,-0.287596201,0.475905898
1295,0.076489355,0.614306045,-0.142140053,-0.175295853,-0.088839397,0.163280587,-0.958151257,0.323242267,-0.085740996,-0.287596201,0.475905898
1296,0.076489355,-1.627853101,7.035314646,-0.181082882,-0.104113677,0.163280587,-1.13065116,0.323242267,-0.085740996,-0.287596201,0.475905898
1297,0.076489355,-1.627853101,-0.142140053,-0.180902037,-0.104113677,0.163280587,-1.13065116,0.323242267,-0.085740996,-0.287596201,0.475905898
1298,0.076489355,-1.627853101,-0.142140053,-0.180721192,-0.104113677,0.163280587,-1.13065116,0.323242267,-0.085740996,-0.287596201,0.475905898
1299,0.076489355,-1.627853101,-0.142140053,-0.180540348,-0.104113677,0.163280587,-1.13065116,0.323242267,-0.085740996,-0.287596201,0.475905898
1300,0.076489355,-1.627853101,-0.142140053,-0.180359503,-0.104113677,0.163280587,-1.13065116,0.323242267,-0.085740996,-0.287596201,0.475905898
1301,-0.061110919,-1.627853101,-0.142140053,-0.180178658,-0.104113677,0.163280587,-1.13065116,0.323242267,-0.085740996,-0.495418454,0.638409672
1302,-0.061110919,-1.627853101,-0.142140053,-0.179997814,-0.104113677,0.163280587,-1.13065116,0.323242267,-0.085740996,-0.495418454,0.638409672
1303,-0.061110919,-1.627853101,-0.142140053,-0.179816969,-0.104113677,0.163280587,-1.13065116,0.323242267,-0.085740996,-0.495418454,0.638409672
1304,-0.061110919,-1.627853101,-0.142140053,-0.179636124,-0.104113677,0.163280587,-1.13065116,0.323242267,-0.085740996,-0.495418454,0.638409672
1305,-0.061110919,-1.627853101,-0.142140053,-0.17945528,-0.104113677,0.163280587,-1.13065116,0.323242267,-0.085740996,-0.495418454,0.638409672
1306,-0.061110919,-1.627853101,-0.142140053,-0.179274435,-0.104113677,0.163280587,-1.13065116,0.323242267,-0.085740996,-0.495418454,0.638409672
1307,-0.198711192,-1.627853101,-0.142140053,-0.17909359,-0.104113677,0.163280587,-1.13065116,0.323242267,-0.085740996,-0.313471879,0.528647917
1308,-0.198711192,-1.627853101,-0.142140053,-0.178912746,-0.104113677,0.163280587,-1.13065116,0.323242267,-0.085740996,-0.313471879,0.528647917
1309,-0.198711192,-1.627853101,-0.142140053,-0.178731901,-0.104113677,0.163280587,-1.13065116,0.323242267,-0.085740996,-0.313471879,0.528647917
1310,-0.198711192,-1.627853101,-0.142140053,-0.178551056,-0.104113677,0.163280587,-1.13065116,0.323242267,-0.085740996,-0.313471879,0.528647917
1311,-0.198711192,-1.627853101,-0.142140053,-0.178370212,-0.104113677,0.163280587,-1.13065116,0.323242267,-0.085740996,-0.313471879,0.528647917
1312,-0.198711192,-1.627853101,-0.142140053,-0.178189367,-0.104113677,0.163280587,-1.13065116,0.323242267,-0.085740996,-0.313471879,0.528647917
1313,-0.336311465,-1.627853101,-0.142140053,-0.178008523,-0.104113677,0.163280587,-1.13065116,0.323242267,-0.085740996,-0.182551809,-1.556837493
1314,-0.336311465,-1.627853101,-0.142140053,-0.177827678,-0.104113677,0.163280587,-1.13065116,0.323242267,-0.085740996,-0.182551809,-1.556837493
1315,-0.336311465,-1.627853101,-0.142140053,-0.177646833,-0.104113677,0.163280587,-1.13065116,0.323242267,-0.085740996,-0.182551809,-1.556837493
1316,-0.336311465,-1.627853101,-0.142140053,-0.177465989,-0.104113677,0.163280587,-1.13065116,0.323242267,-0.085740996,-0.182551809,-1.556837493
1317,-0.336311465,-1.627853101,-0.142140053,-0.177285144,-0.104113677,0.163280587,-1.13065116,0.323242267,-0.085740996,-0.182551809,-1.556837493
1318,-0.336311465,-1.627853101,-0.142140053,-0.177104299,-0.104113677,0.163280587,-1.13065116,0.323242267,-0.085740996,-0.182551809,-1.556837493
1319,-0.473911739,-1.627853101,-0.142140053,-0.176923455,-0.104113677,0.163280587,-1.13065116,0.323242267,-0.085740996,-0.305089,-1.099685818
1320,-0.473911739,-1.627853101,-0.142140053,-0.17674261,-0.104113677,0.163280587,-1.13065116,0.323242267,-0.085740996,-0.305089,-1.099685818
1321,-0.473911739,-1.627853101,-0.142140053,-0.176561765,-0.104113677,0.163280587,-1.13065116,0.323242267,-0.085740996,-0.305089,-1.099685818
1322,-0.473911739,0.614306045,7.035314646,-0.181082882,-0.104113677,-0.06231606,-1.13065116,0.481257911,-0.085740996,-0.305089,-1.099685818
1323,-0.473911739,0.614306045,-0.142140053,-0.180902037,-0.104113677,-0.06231606,-1.13065116,0.481257911,-0.085740996,-0.305089,-1.099685818
1324,-0.473911739,0.614306045,-0.142140053,-0.180721192,-0.104113677,-0.06231606,-1.13065116,0.481257911,-0.085740996,-0.305089,-1.099685818
1325,-0.473911739,0.614306045,-0.142140053,-0.180540348,-0.104113677,-0.06231606,-1.13065116,0.481257911,-0.085740996,-0.305089,-1.099685818
1326,-0.473911739,0.614306045,-0.142140053,-0.180359503,-0.104113677,-0.06231606,-1.13065116,0.481257911,-0.085740996,-0.305089,-1.099685818
1327,-0.336311465,0.614306045,-0.142140053,-0.180178658,-0.104113677,-0.06231606,-1.13065116,0.481257911,-0.085740996,-0.182551809,-1.556837493
1328,-0.336311465,0.614306045,-0.142140053,-0.179997814,-0.104113677,-0.06231606,-1.13065116,0.481257911,-0.085740996,-0.182551809,-1.556837493
1329,-0.336311465,0.614306045,-0.142140053,-0.179816969,-0.104113677,-0.06231606,-1.13065116,0.481257911,-0.085740996,-0.182551809,-1.556837493
1330,-0.336311465,0.614306045,-0.142140053,-0.179636124,-0.104113677,-0.06231606,-1.13065116,0.481257911,-0.085740996,-0.182551809,-1.556837493
1331,-0.336311465,0.614306045,-0.142140053,-0.17945528,-0.104113677,-0.06231606,-1.13065116,0.481257911,-0.085740996,-0.182551809,-1.556837493
1332,-0.336311465,0.614306045,-0.142140053,-0.179274435,-0.104113677,-0.06231606,-1.13065116,0.481257911,-0.085740996,-0.182551809,-1.556837493
1333,-0.198711192,0.614306045,-0.142140053,-0.17909359,-0.104113677,-0.06231606,-1.13065116,0.481257911,-0.085740996,-0.313471879,0.528647917
1334,-0.198711192,0.614306045,-0.142140053,-0.178912746,-0.104113677,-0.06231606,-1.13065116,0.481257911,-0.085740996,-0.313471879,0.528647917
1335,-0.198711192,0.614306045,-0.142140053,-0.178731901,-0.104113677,-0.06231606,-1.13065116,0.481257911,-0.085740996,-0.313471879,0.528647917
1336,-0.198711192,0.614306045,-0.142140053,-0.178551056,-0.104113677,-0.06231606,-1.13065116,0.481257911,-0.085740996,-0.313471879,0.528647917
1337,-0.198711192,0.614306045,-0.142140053,-0.178370212,-0.104113677,-0.06231606,-1.13065116,0.481257911,-0.085740996,-0.313471879,0.528647917
1338,-0.198711192,0.614306045,-0.142140053,-0.178189367,-0.104113677,-0.06231606,-1.13065116,0.481257911,-0.085740996,-0.313471879,0.528647917
1339,-0.061110919,0.614306045,-0.142140053,-0.178008523,-0.104113677,-0.06231606,-1.13065116,0.481257911,-0.085740996,-0.495418454,0.638409672
1340,-0.061110919,0.614306045,-0.142140053,-0.177827678,-0.104113677,-0.06231606,-1.13065116,0.481257911,-0.085740996,-0.495418454,0.638409672
1341,-0.061110919,0.614306045,-0.142140053,-0.177646833,-0.104113677,-0.06231606,-1.13065116,0.481257911,-0.085740996,-0.495418454,0.638409672
1342,-0.061110919,0.614306045,-0.142140053,-0.177465989,-0.104113677,-0.06231606,-1.13065116,0.481257911,-0.085740996,-0.495418454,0.638409672
1343,-0.061110919,0.614306045,-0.142140053,-0.177285144,-0.104113677,-0.06231606,-1.13065116,0.481257911,-0.085740996,-0.495418454,0.638409672
1344,-0.061110919,0.614306045,-0.142140053,-0.177104299,-0.104113677,-0.06231606,-1.13065116,0.481257911,-0.085740996,-0.495418454,0.638409672
1345,0.076489355,0.614306045,-0.142140053,-0.176923455,-0.104113677,-0.06231606,-1.13065116,0.481257911,-0.085740996,-0.287596201,0.475905898
1346,0.076489355,0.614306045,-0.142140053,-0.17674261,-0.104113677,-0.06231606,-1.13065116,0.481257911,-0.085740996,-0.287596201,0.475905898
1347,0.076489355,0.614306045,-0.142140053,-0.176561765,-0.104113677,-0.06231606,-1.13065116,0.481257911,-0.085740996,-0.287596201,0.475905898
1348,0.076489355,0.614306045,-0.142140053,-0.176380921,-0.104113677,-0.06231606,-1.13065116,0.481257911,-0.085740996,-0.287596201,0.475905898
1349,0.076489355,0.614306045,-0.142140053,-0.176200076,-0.104113677,-0.06231606,-1.13065116,0.481257911,-0.085740996,-0.287596201,0.475905898
1350,0.076489355,0.614306045,-0.142140053,-0.176019231,-0.104113677,-0.06231606,-1.13065116,0.481257911,-0.085740996,-0.287596201,0.475905898
1351,0.076489355,-1.627853101,7.035314646,-0.181082882,-0.104953044,-0.06231606,-1.13065116,0.481257911,-0.085740996,-0.287596201,0.475905898
1352,0.076489355,-1.627853101,-0.142140053,-0.180902037,-0.104953044,-0.06231606,-1.13065116,0.481257911,-0.085740996,-0.287596201,0.475905898
1353,0.076489355,-1.627853101,-0.142140053,-0.180721192,-0.104953044,-0.06231606,-1.13065116,0.481257911,-0.085740996,-0.287596201,0.475905898
1354,0.076489355,-1.627853101,-0.142140053,-0.180540348,-0.104953044,-0.06231606,-1.13065116,0.481257911,-0.085740996,-0.287596201,0.475905898
1355,0.076489355,-1.627853101,-0.142140053,-0.180359503,-0.104953044,-0.06231606,-1.13065116,0.481257911,-0.085740996,-0.287596201,0.475905898
1356,-0.061110919,-1.627853101,-0.142140053,-0.180178658,-0.104953044,-0.06231606,-1.13065116,0.481257911,-0.085740996,-0.495418454,0.638409672
1357,-0.061110919,-1.627853101,-0.142140053,-0.179997814,-0.104953044,-0.06231606,-1.13065116,0.481257911,-0.085740996,-0.495418454,0.638409672
1358,-0.061110919,-1.627853101,-0.142140053,-0.179816969,-0.104953044,-0.06231606,-1.13065116,0.481257911,-0.085740996,-0.495418454,0.638409672
1359,-0.061110919,-1.627853101,-0.142140053,-0.179636124,-0.104953044,-0.06231606,-1.13065116,0.481257911,-0.085740996,-0.495418454,0.638409672
1360,-0.061110919,-1.627853101,-0.142140053,-0.17945528,-0.104953044,-0.06231606,-1.13065116,0.481257911,-0.085740996,-0.495418454,0.638409672
1361,-0.061110919,-1.627853101,-0.142140053,-0.179274435,-0.104953044,-0.06231606,-1.13065116,0.481257911,-0.085740996,-0.495418454,0.638409672
1362,-0.198711192,-1.627853101,-0.142140053,-0.17909359,-0.104953044,-0.06231606,-1.13065116,0.481257911,-0.085740996,-0.313471879,0.528647917
1363,-0.198711192,-1.627853101,-0.142140053,-0.178912746,-0.104953044,-0.06231606,-1.13065116,0.481257911,-0.085740996,-0.313471879,0.528647917
1364,-0.198711192,-1.627853101,-0.142140053,-0.178731901,-0.104953044,-0.06231606,-1.13065116,0.481257911,-0.085740996,-0.313471879,0.528647917
1365,-0.198711192,-1.627853101,-0.142140053,-0.178551056,-0.104953044,-0.06231606,-1.13065116,0.481257911,-0.085740996,-0.313471879,0.528647917
1366,-0.198711192,-1.627853101,-0.142140053,-0.178370212,-0.104953044,-0.06231606,-1.13065116,0.481257911,-0.085740996,-0.313471879,0.528647917
1367,-0.198711192,-1.627853101,-0.142140053,-0.178189367,-0.104953044,-0.06231606,-1.13065116,0.481257911,-0.085740996,-0.313471879,0.528647917
1368,-0.336311465,-1.627853101,-0.142140053,-0.178008523,-0.104953044,-0.06231606,-1.13065116,0.481257911,-0.085740996,-0.182551809,-1.556837493
1369,-0.336311465,-1.627853101,-0.142140053,-0.177827678,-0.104953044,-0.06231606,-1.13065116,0.481257911,-0.085740996,-0.182551809,-1.556837493
1370,-0.336311465,-1.627853101,-0.142140053,-0.177646833,-0.104953044,-0.06231606,-1.13065116,0.481257911,-0.085740996,-0.182551809,-1.556837493
1371,-0.336311465,-1.627853101,-0.142140053,-0.177465989,-0.104953044,-0.06231606,-1.13065116,0.481257911,-0.085740996,-0.182551809,-1.556837493
1372,-0.336311465,-1.627853101,-0.142140053,-0.177285144,-0.104953044,-0.06231606,-1.13065116,0.481257911,-0.085740996,-0.182551809,-1.556837493
1373,-0.336311465,-1.627853101,-0.142140053,-0.177104299,-0.104953044,-0.06231606,-1.13065116,0.481257911,-0.085740996,-0.182551809,-1.556837493
1374,-0.473911739,-1.627853101,-0.142140053,-0.176923455,-0.104953044,-0.06231606,-1.13065116,0.481257911,-0.085740996,-0.305089,-1.099685818
1375,-0.473911739,-1.627853101,-0.142140053,-0.17674261,-0.104953044,-0.06231606,-1.13065116,0.481257911,-0.085740996,-0.305089,-1.099685818
1376,-0.473911739,-1.627853101,-0.142140053,-0.176561765,-0.104953044,-0.06231606,-1.13065116,0.481257911,-0.085740996,-0.305089,-1.099685818
1377,-0.473911739,-1.627853101,-0.142140053,-0.176380921,-0.104953044,-0.06231606,-1.13065116,0.481257911,-0.085740996,-0.305089,-1.099685818
1378,-0.473911739,-1.627853101,-0.142140053,-0.176200076,-0.104953044,-0.06231606,-1.13065116,0.481257911,-0.085740996,-0.305089,-1.099685818
1379,-0.473911739,-1.627853101,-0.142140053,-0.176019231,-0.104953044,-0.06231606,-1.13065116,0.481257911,-0.085740996,-0.305089,-1.099685818
1380,-0.611512012,-1.627853101,-0.142140053,-0.175838387,-0.104953044,-0.06231606,-1.13065116,0.481257911,-0.085740996,-0.141224304,-0.804030394
1381,-0.611512012,-1.627853101,-0.142140053,-0.175657542,-0.104953044,-0.06231606,-1.13065116,0.481257911,-0.085740996,-0.141224304,-0.804030394
1382,-0.611512012,-1.627853101,-0.142140053,-0.175476697,-0.104953044,-0.06231606,-1.13065116,0.481257911,-0.085740996,-0.141224304,-0.804030394
1383,-0.611512012,-1.627853101,-0.142140053,-0.175295853,-0.104953044,-0.06231606,-1.13065116,0.481257911,-0.085740996,-0.141224304,-0.804030394
1384,-0.611512012,-1.627853101,-0.142140053,-0.175115008,-0.104953044,-0.06231606,-1.13065116,0.481257911,-0.085740996,-0.141224304,-0.804030394
1385,-0.611512012,-1.627853101,-0.142140053,-0.174934164,-0.104953044,-0.06231606,-1.13065116,0.481257911,-0.085740996,-0.141224304,-0.804030394
1386,-0.749112285,-1.627853101,-0.142140053,-0.174753319,-0.104953044,-0.06231606,-1.13065116,0.481257911,-0.085740996,-0.120378791,1.21211221
1387,-0.749112285,0.614306045,7.035314646,-0.181082882,-0.104953044,0.12560862,-1.13065116,0.165226622,-0.085740996,-0.120378791,1.21211221
1388,-0.749112285,0.614306045,-0.142140053,-0.180902037,-0.104953044,0.12560862,-1.13065116,0.165226622,-0.085740996,-0.120378791,1.21211221
1389,-0.749112285,0.614306045,-0.142140053,-0.180721192,-0.104953044,0.12560862,-1.13065116,0.165226622,-0.085740996,-0.120378791,1.21211221
1390,-0.749112285,0.614306045,-0.142140053,-0.180540348,-0.104953044,0.12560862,-1.13065116,0.165226622,-0.085740996,-0.120378791,1.21211221
1391,-0.749112285,0.614306045,-0.142140053,-0.180359503,-0.104953044,0.12560862,-1.13065116,0.165226622,-0.085740996,-0.120378791,1.21211221
1392,-0.611512012,0.614306045,-0.142140053,-0.180178658,-0.104953044,0.12560862,-1.13065116,0.165226622,-0.085740996,-0.141224304,-0.804030394
1393,-0.611512012,0.614306045,-0.142140053,-0.179997814,-0.104953044,0.12560862,-1.13065116,0.165226622,-0.085740996,-0.141224304,-0.804030394
1394,-0.611512012,0.614306045,-0.142140053,-0.179816969,-0.104953044,0.12560862,-1.13065116,0.165226622,-0.085740996,-0.141224304,-0.804030394
1395,-0.611512012,0.614306045,-0.142140053,-0.179636124,-0.104953044,0.12560862,-1.13065116,0.165226622,-0.085740996,-0.141224304,-0.804030394
1396,-0.611512012,0.614306045,-0.142140053,-0.17945528,-0.104953044,0.12560862,-1.13065116,0.165226622,-0.085740996,-0.141224304,-0.804030394
1397,-0.611512012,0.614306045,-0.142140053,-0.179274435,-0.104953044,0.12560862,-1.13065116,0.165226622,-0.085740996,-0.141224304,-0.804030394
1398,-0.473911739,0.614306045,-0.142140053,-0.17909359,-0.104953044,0.12560862,-1.13065116,0.165226622,-0.085740996,-0.305089,-1.099685818
1399,-0.473911739,0.614306045,-0.142140053,-0.178912746,-0.104953044,0.12560862,-1.13065116,0.165226622,-0.085740996,-0.305089,-1.099685818
1400,-0.473911739,0.614306045,-0.142140053,-0.178731901,-0.104953044,0.12560862,-1.13065116,0.165226622,-0.085740996,-0.305089,-1.099685818
1401,-0.473911739,0.614306045,-0.142140053,-0.178551056,-0.104953044,0.12560862,-1.13065116,0.165226622,-0.085740996,-0.305089,-1.099685818
1402,-0.473911739,0.614306045,-0.142140053,-0.178370212,-0.104953044,0.12560862,-1.13065116,0.165226622,-0.085740996,-0.305089,-1.099685818
1403,-0.473911739,0.614306045,-0.142140053,-0.178189367,-0.104953044,0.12560862,-1.13065116,0.165226622,-0.085740996,-0.305089,-1.099685818
1404,-0.336311465,0.614306045,-0.142140053,-0.178008523,-0.104953044,0.12560862,-1.13065116,0.165226622,-0.085740996,-0.182551809,-1.556837493
1405,-0.336311465,0.614306045,-0.142140053,-0.177827678,-0.104953044,0.12560862,-1.13065116,0.165226622,-0.085740996,-0.182551809,-1.556837493
1406,-0.336311465,0.614306045,-0.142140053,-0.177646833,-0.104953044,0.12560862,-1.13065116,0.165226622,-0.085740996,-0.182551809,-1.556837493
1407,-0.336311465,0.614306045,-0.142140053,-0.177465989,-0.104953044,0.12560862,-1.13065116,0.165226622,-0.085740996,-0.182551809,-1.556837493
1408,-0.336311465,0.614306045,-0.142140053,-0.177285144,-0.104953044,0.12560862,-1.13065116,0.165226622,-0.085740996,-0.182551809,-1.556837493
1409,-0.336311465,0.614306045,-0.142140053,-0.177104299,-0.104953044,0.12560862,-1.13065116,0.165226622,-0.085740996,-0.182551809,-1.556837493
1410,-0.198711192,0.614306045,-0.142140053,-0.176923455,-0.104953044,0.12560862,-1.13065116,0.165226622,-0.085740996,-0.313471879,0.528647917
1411,-0.198711192,0.614306045,-0.142140053,-0.17674261,-0.104953044,0.12560862,-1.13065116,0.165226622,-0.085740996,-0.313471879,0.528647917
1412,-0.198711192,0.614306045,-0.142140053,-0.176561765,-0.104953044,0.12560862,-1.13065116,0.165226622,-0.085740996,-0.313471879,0.528647917
1413,-0.198711192,0.614306045,-0.142140053,-0.176380921,-0.104953044,0.12560862,-1.13065116,0.165226622,-0.085740996,-0.313471879,0.528647917
1414,-0.198711192,0.614306045,-0.142140053,-0.176200076,-0.104953044,0.12560862,-1.13065116,0.165226622,-0.085740996,-0.313471879,0.528647917
1415,-0.198711192,0.614306045,-0.142140053,-0.176019231,-0.104953044,0.12560862,-1.13065116,0.165226622,-0.085740996,-0.313471879,0.528647917
1416,-0.061110919,0.614306045,-0.142140053,-0.175838387,-0.104953044,0.12560862,-1.13065116,0.165226622,-0.085740996,-0.495418454,0.638409672
1417,-0.061110919,0.614306045,-0.142140053,-0.175657542,-0.104953044,0.12560862,-1.13065116,0.165226622,-0.085740996,-0.495418454,0.638409672
1418,-0.061110919,0.614306045,-0.142140053,-0.175476697,-0.104953044,0.12560862,-1.13065116,0.165226622,-0.085740996,-0.495418454,0.638409672
1419,-0.061110919,0.614306045,-0.142140053,-0.175295853,-0.104953044,0.12560862,-1.13065116,0.165226622,-0.085740996,-0.495418454,0.638409672
1420,-0.061110919,0.614306045,-0.142140053,-0.175115008,-0.104953044,0.12560862,-1.13065116,0.165226622,-0.085740996,-0.495418454,0.638409672
1421,-0.061110919,0.614306045,-0.142140053,-0.174934164,-0.104953044,0.12560862,-1.13065116,0.165226622,-0.085740996,-0.495418454,0.638409672
1422,0.076489355,0.614306045,-0.142140053,-0.174753319,-0.104953044,0.12560862,-1.13065116,0.165226622,-0.085740996,-0.287596201,0.475905898
1423,0.076489355,0.614306045,-0.142140053,-0.174572474,-0.104953044,0.12560862,-1.13065116,0.165226622,-0.085740996,-0.287596201,0.475905898
1424,0.076489355,0.614306045,-0.142140053,-0.17439163,-0.104953044,0.12560862,-1.13065116,0.165226622,-0.085740996,-0.287596201,0.475905898
1425,0.076489355,0.614306045,-0.142140053,-0.174210785,-0.104953044,0.12560862,-1.13065116,0.165226622,-0.085740996,-0.287596201,0.475905898
1426,0.076489355,0.614306045,-0.142140053,-0.17402994,-0.104953044,0.12560862,-1.13065116,0.165226622,-0.085740996,-0.287596201,0.475905898
1427,0.076489355,0.614306045,-0.142140053,-0.173849096,-0.104953044,0.12560862,-1.13065116,0.165226622,-0.085740996,-0.287596201,0.475905898
1428,0.214089628,0.614306045,-0.142140053,-0.173668251,-0.104953044,0.12560862,-1.13065116,0.165226622,-0.085740996,-0.225276461,1.088460372
1429,0.214089628,-1.627853101,7.035314646,-0.181082882,-0.102228746,0.12560862,-0.958151257,0.165226622,-0.085740996,-0.225276461,1.088460372
1430,0.214089628,-1.627853101,-0.142140053,-0.180902037,-0.102228746,0.12560862,-0.958151257,0.165226622,-0.085740996,-0.225276461,1.088460372
1431,0.214089628,-1.627853101,-0.142140053,-0.180721192,-0.102228746,0.12560862,-0.958151257,0.165226622,-0.085740996,-0.225276461,1.088460372
1432,0.214089628,-1.627853101,-0.142140053,-0.180540348,-0.102228746,0.12560862,-0.958151257,0.165226622,-0.085740996,-0.225276461,1.088460372
1433,0.214089628,-1.627853101,-0.142140053,-0.180359503,-0.102228746,0.12560862,-0.958151257,0.165226622,-0.085740996,-0.225276461,1.088460372
1434,0.076489355,-1.627853101,-0.142140053,-0.180178658,-0.102228746,0.12560862,-0.958151257,0.165226622,-0.085740996,-0.287596201,0.475905898
1435,0.076489355,-1.627853101,-0.142140053,-0.179997814,-0.102228746,0.12560862,-0.958151257,0.165226622,-0.085740996,-0.287596201,0.475905898
1436,0.076489355,-1.627853101,-0.142140053,-0.179816969,-0.102228746,0.12560862,-0.958151257,0.165226622,-0.085740996,-0.287596201,0.475905898
1437,0.076489355,-1.627853101,-0.142140053,-0.179636124,-0.102228746,0.12560862,-0.958151257,0.165226622,-0.085740996,-0.287596201,0.475905898
1438,0.076489355,-1.627853101,-0.142140053,-0.17945528,-0.102228746,0.12560862,-0.958151257,0.165226622,-0.085740996,-0.287596201,0.475905898
1439,0.076489355,-1.627853101,-0.142140053,-0.179274435,-0.102228746,0.12560862,-0.958151257,0.165226622,-0.085740996,-0.287596201,0.475905898
1440,-0.061110919,-1.627853101,-0.142140053,-0.17909359,-0.102228746,0.12560862,-0.958151257,0.165226622,-0.085740996,-0.495418454,0.638409672
1441,-0.061110919,-1.627853101,-0.142140053,-0.178912746,-0.102228746,0.12560862,-0.958151257,0.165226622,-0.085740996,-0.495418454,0.638409672
1442,-0.061110919,-1.627853101,-0.142140053,-0.178731901,-0.102228746,0.12560862,-0.958151257,0.165226622,-0.085740996,-0.495418454,0.638409672
1443,-0.061110919,-1.627853101,-0.142140053,-0.178551056,-0.102228746,0.12560862,-0.958151257,0.165226622,1.560202687,-0.495418454,0.638409672
1444,-0.061110919,-1.627853101,-0.142140053,-0.178370212,-0.102228746,0.12560862,-0.958151257,0.165226622,1.560202687,-0.495418454,0.638409672
1445,-0.061110919,-1.627853101,-0.142140053,-0.178189367,-0.102228746,0.12560862,-0.958151257,0.165226622,1.560202687,-0.495418454,0.638409672
1446,-0.061110919,-1.627853101,-0.142140053,-0.178008523,-0.102228746,0.12560862,-0.958151257,0.165226622,1.560202687,-0.495418454,0.638409672
1447,-0.061110919,-1.627853101,-0.142140053,-0.177827678,-0.102228746,0.12560862,-0.958151257,0.165226622,1.560202687,-0.495418454,0.638409672
1448,-0.198711192,-1.627853101,-0.142140053,-0.177646833,-0.102228746,0.12560862,-0.958151257,0.165226622,1.560202687,-0.313471879,0.528647917
1449,-0.198711192,-1.627853101,-0.142140053,-0.177465989,-0.102228746,0.12560862,-0.958151257,0.165226622,1.560202687,-0.313471879,0.528647917
1450,-0.198711192,-1.627853101,-0.142140053,-0.177285144,-0.102228746,0.12560862,-0.958151257,0.165226622,1.560202687,-0.313471879,0.528647917
1451,-0.198711192,-1.627853101,-0.142140053,-0.177104299,-0.102228746,0.12560862,-0.958151257,0.165226622,1.560202687,-0.313471879,0.528647917
1452,-0.198711192,-1.627853101,-0.142140053,-0.176923455,-0.102228746,0.12560862,-0.958151257,0.165226622,1.560202687,-0.313471879,0.528647917
1453,-0.198711192,-1.627853101,-0.142140053,-0.17674261,-0.102228746,0.12560862,-0.958151257,0.165226622,1.560202687,-0.313471879,0.528647917
1454,-0.198711192,-1.627853101,-0.142140053,-0.176561765,-0.102228746,0.12560862,-0.958151257,0.165226622,1.560202687,-0.313471879,0.528647917
1455,-0.198711192,-1.627853101,-0.142140053,-0.176380921,-0.102228746,0.12560862,-0.958151257,0.165226622,1.560202687,-0.313471879,0.528647917
1456,-0.336311465,-1.627853101,-0.142140053,-0.176200076,-0.102228746,0.12560862,-0.958151257,0.165226622,1.560202687,-0.182551809,-1.556837493
1457,-0.336311465,-1.627853101,-0.142140053,-0.176019231,-0.102228746,0.12560862,-0.958151257,0.165226622,1.560202687,-0.182551809,-1.556837493
1458,-0.336311465,-1.627853101,-0.142140053,-0.175838387,-0.102228746,0.12560862,-0.958151257,0.165226622,1.560202687,-0.182551809,-1.556837493
1459,-0.336311465,-1.627853101,-0.142140053,-0.175657542,-0.102228746,0.12560862,-0.958151257,0.165226622,1.560202687,-0.182551809,-1.556837493
1460,-0.336311465,-1.627853101,-0.142140053,-0.175476697,-0.102228746,0.12560862,-0.958151257,0.165226622,1.560202687,-0.182551809,-1.556837493
1461,-0.336311465,-1.627853101,-0.142140053,-0.175295853,-0.102228746,0.12560862,-0.958151257,0.165226622,1.560202687,-0.182551809,-1.556837493
1462,-0.336311465,-1.627853101,-0.142140053,-0.175115008,-0.102228746,0.12560862,-0.958151257,0.165226622,1.560202687,-0.182551809,-1.556837493
1463,-0.336311465,-1.627853101,-0.142140053,-0.174934164,-0.102228746,0.12560862,-0.958151257,0.165226622,1.560202687,-0.182551809,-1.556837493
1464,-0.473911739,-1.627853101,-0.142140053,-0.174753319,-0.102228746,0.12560862,-0.958151257,0.165226622,1.560202687,-0.305089,-1.099685818
1465,-0.473911739,-1.627853101,-0.142140053,-0.174572474,-0.102228746,0.12560862,-0.958151257,0.165226622,1.560202687,-0.305089,-1.099685818
1466,-0.473911739,-1.627853101,-0.142140053,-0.17439163,-0.102228746,0.12560862,-0.958151257,0.165226622,1.560202687,-0.305089,-1.099685818
1467,-0.473911739,-1.627853101,-0.142140053,-0.174210785,-0.102228746,0.12560862,-0.958151257,0.165226622,1.560202687,-0.305089,-1.099685818
1468,-0.473911739,-1.627853101,-0.142140053,-0.17402994,-0.102228746,0.12560862,-0.958151257,0.165226622,1.560202687,-0.305089,-1.099685818
1469,-0.473911739,-1.627853101,-0.142140053,-0.173849096,-0.102228746,0.12560862,-0.958151257,0.165226622,1.560202687,-0.305089,-1.099685818
1470,-0.473911739,-1.627853101,-0.142140053,-0.173668251,-0.102228746,0.12560862,-0.958151257,0.165226622,1.560202687,-0.305089,-1.099685818
1471,-0.473911739,-1.627853101,-0.142140053,-0.173487406,-0.102228746,0.12560862,-0.958151257,0.165226622,1.560202687,-0.305089,-1.099685818
1472,-0.611512012,-1.627853101,-0.142140053,-0.173306562,-0.102228746,0.12560862,-0.958151257,0.165226622,1.560202687,-0.141224304,-0.804030394
1473,-0.611512012,-1.627853101,-0.142140053,-0.173125717,-0.102228746,0.12560862,-0.958151257,0.165226622,1.560202687,-0.141224304,-0.804030394
1474,-0.611512012,-1.627853101,-0.142140053,-0.172944872,-0.102228746,0.12560862,-0.958151257,0.165226622,1.560202687,-0.141224304,-0.804030394
1475,-0.611512012,-1.627853101,-0.142140053,-0.172764028,-0.102228746,0.12560862,-0.958151257,0.165226622,1.560202687,-0.141224304,-0.804030394
1476,-0.611512012,-1.627853101,-0.142140053,-0.172583183,-0.102228746,0.12560862,-0.958151257,0.165226622,1.560202687,-0.141224304,-0.804030394
1477,-0.611512012,-1.627853101,-0.142140053,-0.172402338,-0.102228746,0.12560862,-0.958151257,0.165226622,1.560202687,-0.141224304,-0.804030394
1478,-0.611512012,-1.627853101,-0.142140053,-0.172221494,-0.102228746,0.12560862,-0.958151257,0.165226622,1.560202687,-0.141224304,-0.804030394
1479,-0.611512012,-1.627853101,-0.142140053,-0.172040649,-0.102228746,0.12560862,-0.958151257,0.165226622,1.560202687,-0.141224304,-0.804030394
1480,-0.749112285,-1.627853101,-0.142140053,-0.171859804,-0.102228746,0.12560862,-0.958151257,0.165226622,1.560202687,-0.120378791,1.21211221
1481,-0.749112285,-1.627853101,-0.142140053,-0.17167896,-0.102228746,0.12560862,-0.958151257,0.165226622,1.560202687,-0.120378791,1.21211221
1482,-0.749112285,-1.627853101,-0.142140053,-0.171498115,-0.102228746,0.12560862,-0.958151257,0.165226622,1.560202687,-0.120378791,1.21211221
1483,-0.749112285,-1.627853101,-0.142140053,-0.171317271,-0.102228746,0.12560862,-0.958151257,0.165226622,1.560202687,-0.120378791,1.21211221
1484,-0.749112285,-1.627853101,-0.142140053,-0.171136426,-0.102228746,0.12560862,-0.958151257,0.165226622,1.560202687,-0.120378791,1.21211221
1485,-0.749112285,0.614306045,7.035314646,-0.181082882,-0.102228746,0.728829228,-0.958151257,0.165226622,1.560202687,-0.120378791,1.21211221
1486,-0.749112285,0.614306045,-0.142140053,-0.180902037,-0.102228746,0.728829228,-0.958151257,0.165226622,1.560202687,-0.120378791,1.21211221
1487,-0.749112285,0.614306045,-0.142140053,-0.180721192,-0.102228746,0.728829228,-0.958151257,0.165226622,1.560202687,-0.120378791,1.21211221
1488,-0.749112285,0.614306045,-0.142140053,-0.180540348,-0.102228746,0.728829228,-0.958151257,0.165226622,1.560202687,-0.120378791,1.21211221
1489,-0.749112285,0.614306045,-0.142140053,-0.180359503,-0.102228746,0.728829228,-0.958151257,0.165226622,1.560202687,-0.120378791,1.21211221
1490,-0.749112285,0.614306045,-0.142140053,-0.180178658,-0.102228746,0.728829228,-0.958151257,0.165226622,1.560202687,-0.120378791,1.21211221
1491,-0.749112285,0.614306045,-0.142140053,-0.179997814,-0.102228746,0.728829228,-0.958151257,0.165226622,1.560202687,-0.120378791,1.21211221
1492,-0.611512012,0.614306045,-0.142140053,-0.179816969,-0.102228746,0.728829228,-0.958151257,0.165226622,1.560202687,-0.141224304,-0.804030394
1493,-0.611512012,0.614306045,-0.142140053,-0.179636124,-0.102228746,0.728829228,-0.958151257,0.165226622,1.560202687,-0.141224304,-0.804030394
1494,-0.611512012,0.614306045,-0.142140053,-0.17945528,-0.102228746,0.728829228,-0.958151257,0.165226622,1.560202687,-0.141224304,-0.804030394
1495,-0.611512012,0.614306045,-0.142140053,-0.179274435,-0.102228746,0.728829228,-0.958151257,0.165226622,1.560202687,-0.141224304,-0.804030394
1496,-0.611512012,0.614306045,-0.142140053,-0.17909359,-0.102228746,0.728829228,-0.958151257,0.165226622,1.560202687,-0.141224304,-0.804030394
1497,-0.611512012,0.614306045,-0.142140053,-0.178912746,-0.102228746,0.728829228,-0.958151257,0.165226622,1.560202687,-0.141224304,-0.804030394
1498,-0.611512012,0.614306045,-0.142140053,-0.178731901,-0.102228746,0.728829228,-0.958151257,0.165226622,1.560202687,-0.141224304,-0.804030394
1499,-0.611512012,0.614306045,-0.142140053,-0.178551056,-0.102228746,0.728829228,-0.958151257,0.165226622,1.560202687,-0.141224304,-0.804030394
1500,-0.473911739,0.614306045,-0.142140053,-0.178370212,-0.102228746,0.728829228,-0.958151257,0.165226622,1.560202687,-0.305089,-1.099685818
1501,-0.473911739,0.614306045,-0.142140053,-0.178189367,-0.102228746,0.728829228,-0.958151257,0.165226622,1.560202687,-0.305089,-1.099685818
1502,-0.473911739,0.614306045,-0.142140053,-0.178008523,-0.102228746,0.728829228,-0.958151257,0.165226622,1.560202687,-0.305089,-1.099685818
1503,-0.473911739,0.614306045,-0.142140053,-0.177827678,-0.102228746,0.728829228,-0.958151257,0.165226622,1.560202687,-0.305089,-1.099685818
1504,-0.473911739,0.614306045,-0.142140053,-0.177646833,-0.102228746,0.728829228,-0.958151257,0.165226622,1.560202687,-0.305089,-1.099685818
1505,-0.473911739,0.614306045,-0.142140053,-0.177465989,-0.102228746,0.728829228,-0.958151257,0.165226622,1.560202687,-0.305089,-1.099685818
1506,-0.473911739,0.614306045,-0.142140053,-0.177285144,-0.102228746,0.728829228,-0.958151257,0.165226622,1.560202687,-0.305089,-1.099685818
1507,-0.473911739,0.614306045,-0.142140053,-0.177104299,-0.102228746,0.728829228,-0.958151257,0.165226622,1.560202687,-0.305089,-1.099685818
1508,-0.336311465,0.614306045,-0.142140053,-0.176923455,-0.102228746,0.728829228,-0.958151257,0.165226622,1.560202687,-0.182551809,-1.556837493
1509,-0.336311465,0.614306045,-0.142140053,-0.17674261,-0.102228746,0.728829228,-0.958151257,0.165226622,1.560202687,-0.182551809,-1.556837493
1510,-0.336311465,0.614306045,-0.142140053,-0.176561765,-0.102228746,0.728829228,-0.958151257,0.165226622,1.560202687,-0.182551809,-1.556837493
1511,-0.336311465,0.614306045,-0.142140053,-0.176380921,-0.102228746,0.728829228,-0.958151257,0.165226622,1.560202687,-0.182551809,-1.556837493
1512,-0.336311465,0.614306045,-0.142140053,-0.176200076,-0.102228746,0.728829228,-0.958151257,0.165226622,1.560202687,-0.182551809,-1.556837493
1513,-0.336311465,0.614306045,-0.142140053,-0.176019231,-0.102228746,0.728829228,-0.958151257,0.165226622,1.560202687,-0.182551809,-1.556837493
1514,-0.336311465,0.614306045,-0.142140053,-0.175838387,-0.102228746,0.728829228,-0.958151257,0.165226622,1.560202687,-0.182551809,-1.556837493
1515,-0.336311465,0.614306045,-0.142140053,-0.175657542,-0.102228746,0.728829228,-0.958151257,0.165226622,1.560202687,-0.182551809,-1.556837493
1516,-0.198711192,0.614306045,-0.142140053,-0.175476697,-0.102228746,0.728829228,-0.958151257,0.165226622,1.560202687,-0.313471879,0.528647917
1517,-0.198711192,0.614306045,-0.142140053,-0.175295853,-0.102228746,0.728829228,-0.958151257,0.165226622,1.560202687,-0.313471879,0.528647917
1518,-0.198711192,0.614306045,-0.142140053,-0.175115008,-0.102228746,0.728829228,-0.958151257,0.165226622,1.560202687,-0.313471879,0.528647917
1519,-0.198711192,0.614306045,-0.142140053,-0.174934164,-0.102228746,0.728829228,-0.958151257,0.165226622,1.560202687,-0.313471879,0.528647917
1520,-0.198711192,0.614306045,-0.142140053,-0.174753319,-0.102228746,0.728829228,-0.958151257,0.165226622,1.560202687,-0.313471879,0.528647917
1521,-0.198711192,0.614306045,-0.142140053,-0.174572474,-0.102228746,0.728829228,-0.958151257,0.165226622,1.560202687,-0.313471879,0.528647917
1522,-0.198711192,0.614306045,-0.142140053,-0.17439163,-0.102228746,0.728829228,-0.958151257,0.165226622,1.560202687,-0.313471879,0.528647917
1523,-0.198711192,0.614306045,-0.142140053,-0.174210785,-0.102228746,0.728829228,-0.958151257,0.165226622,1.560202687,-0.313471879,0.528647917
1524,-0.061110919,0.614306045,-0.142140053,-0.17402994,-0.102228746,0.728829228,-0.958151257,0.165226622,1.560202687,-0.495418454,0.638409672
1525,-0.061110919,0.614306045,-0.142140053,-0.173849096,-0.102228746,0.728829228,-0.958151257,0.165226622,1.560202687,-0.495418454,0.638409672
1526,-0.061110919,0.614306045,-0.142140053,-0.173668251,-0.102228746,0.728829228,-0.958151257,0.165226622,1.560202687,-0.495418454,0.638409672
1527,-0.061110919,0.614306045,-0.142140053,-0.173487406,-0.102228746,0.728829228,-0.958151257,0.165226622,1.560202687,-0.495418454,0.638409672
1528,-0.061110919,0.614306045,-0.142140053,-0.173306562,-0.102228746,0.728829228,-0.958151257,0.165226622,1.560202687,-0.495418454,0.638409672
1529,-0.061110919,0.614306045,-0.142140053,-0.173125717,-0.102228746,0.728829228,-0.958151257,0.165226622,1.560202687,-0.495418454,0.638409672
1530,-0.061110919,0.614306045,-0.142140053,-0.172944872,-0.102228746,0.728829228,-0.958151257,0.165226622,1.560202687,-0.495418454,0.638409672
1531,-0.061110919,0.614306045,-0.142140053,-0.172764028,-0.102228746,0.728829228,-0.958151257,0.165226622,1.560202687,-0.495418454,0.638409672
1532,0.076489355,0.614306045,-0.142140053,-0.172583183,-0.102228746,0.728829228,-0.958151257,0.165226622,1.560202687,-0.287596201,0.475905898
1533,0.076489355,0.614306045,-0.142140053,-0.172402338,-0.102228746,0.728829228,-0.958151257,0.165226622,1.560202687,-0.287596201,0.475905898
1534,0.076489355,0.614306045,-0.142140053,-0.172221494,-0.102228746,0.728829228,-0.958151257,0.165226622,1.560202687,-0.287596201,0.475905898
1535,0.076489355,0.614306045,-0.142140053,-0.172040649,-0.102228746,0.728829228,-0.958151257,0.165226622,1.560202687,-0.287596201,0.475905898
1536,0.076489355,0.614306045,-0.142140053,-0.171859804,-0.102228746,0.728829228,-0.958151257,0.165226622,1.560202687,-0.287596201,0.475905898
1537,0.076489355,0.614306045,-0.142140053,-0.17167896,-0.102228746,0.728829228,-0.958151257,0.165226622,1.560202687,-0.287596201,0.475905898
1538,0.076489355,0.614306045,-0.142140053,-0.171498115,-0.102228746,0.728829228,-0.958151257,0.165226622,1.560202687,-0.287596201,0.475905898
1539,0.076489355,0.614306045,-0.142140053,-0.171317271,-0.102228746,0.728829228,-0.958151257,0.165226622,1.560202687,-0.287596201,0.475905898
1540,0.076489355,-1.627853101,7.035314646,-0.181082882,-0.099508105,0.728829228,-1.13065116,0.165226622,1.560202687,-0.287596201,0.475905898
1541,0.076489355,-1.627853101,-0.142140053,-0.180902037,-0.099508105,0.728829228,-1.13065116,0.165226622,1.560202687,-0.287596201,0.475905898
1542,0.076489355,-1.627853101,-0.142140053,-0.180721192,-0.099508105,0.728829228,-1.13065116,0.165226622,1.560202687,-0.287596201,0.475905898
1543,0.076489355,-1.627853101,-0.142140053,-0.180540348,-0.099508105,0.728829228,-1.13065116,0.165226622,1.560202687,-0.287596201,0.475905898
1544,0.076489355,-1.627853101,-0.142140053,-0.180359503,-0.099508105,0.728829228,-1.13065116,0.165226622,1.560202687,-0.287596201,0.475905898
1545,0.076489355,-1.627853101,-0.142140053,-0.180178658,-0.099508105,0.728829228,-1.13065116,0.165226622,1.560202687,-0.287596201,0.475905898
1546,0.076489355,-1.627853101,-0.142140053,-0.179997814,-0.099508105,0.728829228,-1.13065116,0.165226622,1.560202687,-0.287596201,0.475905898
1547,-0.061110919,-1.627853101,-0.142140053,-0.179816969,-0.099508105,0.728829228,-1.13065116,0.165226622,1.560202687,-0.495418454,0.638409672
1548,-0.061110919,-1.627853101,-0.142140053,-0.179636124,-0.099508105,0.728829228,-1.13065116,0.165226622,1.560202687,-0.495418454,0.638409672
1549,-0.061110919,-1.627853101,-0.142140053,-0.17945528,-0.099508105,0.728829228,-1.13065116,0.165226622,1.560202687,-0.495418454,0.638409672
1550,-0.061110919,-1.627853101,-0.142140053,-0.179274435,-0.099508105,0.728829228,-1.13065116,0.165226622,1.560202687,-0.495418454,0.638409672
1551,-0.061110919,-1.627853101,-0.142140053,-0.17909359,-0.099508105,0.728829228,-1.13065116,0.165226622,1.560202687,-0.495418454,0.638409672
1552,-0.061110919,-1.627853101,-0.142140053,-0.178912746,-0.099508105,0.728829228,-1.13065116,0.165226622,1.560202687,-0.495418454,0.638409672
1553,-0.061110919,-1.627853101,-0.142140053,-0.178731901,-0.099508105,0.728829228,-1.13065116,0.165226622,1.560202687,-0.495418454,0.638409672
1554,-0.061110919,-1.627853101,-0.142140053,-0.178551056,-0.099508105,0.728829228,-1.13065116,0.165226622,1.560202687,-0.495418454,0.638409672
1555,-0.198711192,-1.627853101,-0.142140053,-0.178370212,-0.099508105,0.728829228,-1.13065116,0.165226622,1.560202687,-0.313471879,0.528647917
1556,-0.198711192,-1.627853101,-0.142140053,-0.178189367,-0.099508105,0.728829228,-1.13065116,0.165226622,1.560202687,-0.313471879,0.528647917
1557,-0.198711192,-1.627853101,-0.142140053,-0.178008523,-0.099508105,0.728829228,-1.13065116,0.165226622,1.560202687,-0.313471879,0.528647917
1558,-0.198711192,-1.627853101,-0.142140053,-0.177827678,-0.099508105,0.728829228,-1.13065116,0.165226622,1.560202687,-0.313471879,0.528647917
1559,-0.198711192,-1.627853101,-0.142140053,-0.177646833,-0.099508105,0.728829228,-1.13065116,0.165226622,1.560202687,-0.313471879,0.528647917
1560,-0.198711192,-1.627853101,-0.142140053,-0.177465989,-0.099508105,0.728829228,-1.13065116,0.165226622,1.560202687,-0.313471879,0.528647917
1561,-0.198711192,-1.627853101,-0.142140053,-0.177285144,-0.099508105,0.728829228,-1.13065116,0.165226622,1.560202687,-0.313471879,0.528647917
1562,-0.198711192,-1.627853101,-0.142140053,-0.177104299,-0.099508105,0.728829228,-1.13065116,0.165226622,1.560202687,-0.313471879,0.528647917
1563,-0.336311465,-1.627853101,-0.142140053,-0.176923455,-0.099508105,0.728829228,-1.13065116,0.165226622,1.560202687,-0.182551809,-1.556837493
1564,-0.336311465,-1.627853101,-0.142140053,-0.17674261,-0.099508105,0.728829228,-1.13065116,0.165226622,1.560202687,-0.182551809,-1.556837493
1565,-0.336311465,-1.627853101,-0.142140053,-0.176561765,-0.099508105,0.728829228,-1.13065116,0.165226622,1.560202687,-0.182551809,-1.556837493
1566,-0.336311465,-1.627853101,-0.142140053,-0.176380921,-0.099508105,0.728829228,-1.13065116,0.165226622,1.560202687,-0.182551809,-1.556837493
1567,-0.336311465,-1.627853101,-0.142140053,-0.176200076,-0.099508105,0.728829228,-1.13065116,0.165226622,1.560202687,-0.182551809,-1.556837493
1568,-0.336311465,-1.627853101,-0.142140053,-0.176019231,-0.099508105,0.728829228,-1.13065116,0.165226622,1.560202687,-0.182551809,-1.556837493
1569,-0.336311465,-1.627853101,-0.142140053,-0.175838387,-0.099508105,0.728829228,-1.13065116,0.165226622,1.560202687,-0.182551809,-1.556837493
1570,-0.336311465,-1.627853101,-0.142140053,-0.175657542,-0.099508105,0.728829228,-1.13065116,0.165226622,1.560202687,-0.182551809,-1.556837493
1571,-0.473911739,-1.627853101,-0.142140053,-0.175476697,-0.099508105,0.728829228,-1.13065116,0.165226622,1.560202687,-0.305089,-1.099685818
1572,-0.473911739,-1.627853101,-0.142140053,-0.175295853,-0.099508105,0.728829228,-1.13065116,0.165226622,1.560202687,-0.305089,-1.099685818
1573,-0.473911739,-1.627853101,-0.142140053,-0.175115008,-0.099508105,0.728829228,-1.13065116,0.165226622,1.560202687,-0.305089,-1.099685818
1574,-0.473911739,-1.627853101,-0.142140053,-0.174934164,-0.099508105,0.728829228,-1.13065116,0.165226622,1.560202687,-0.305089,-1.099685818
1575,-0.473911739,-1.627853101,-0.142140053,-0.174753319,-0.099508105,0.728829228,-1.13065116,0.165226622,1.560202687,-0.305089,-1.099685818
1576,-0.473911739,-1.627853101,-0.142140053,-0.174572474,-0.099508105,0.728829228,-1.13065116,0.165226622,1.560202687,-0.305089,-1.099685818
1577,-0.473911739,-1.627853101,-0.142140053,-0.17439163,-0.099508105,0.728829228,-1.13065116,0.165226622,1.560202687,-0.305089,-1.099685818
1578,-0.473911739,-1.627853101,-0.142140053,-0.174210785,-0.099508105,0.728829228,-1.13065116,0.165226622,1.560202687,-0.305089,-1.099685818
1579,-0.611512012,-1.627853101,-0.142140053,-0.17402994,-0.099508105,0.728829228,-1.13065116,0.165226622,1.560202687,-0.141224304,-0.804030394
1580,-0.611512012,-1.627853101,-0.142140053,-0.173849096,-0.099508105,0.728829228,-1.13065116,0.165226622,1.560202687,-0.141224304,-0.804030394
1581,-0.611512012,-1.627853101,-0.142140053,-0.173668251,-0.099508105,0.728829228,-1.13065116,0.165226622,1.560202687,-0.141224304,-0.804030394
1582,-0.611512012,-1.627853101,-0.142140053,-0.173487406,-0.099508105,0.728829228,-1.13065116,0.165226622,1.560202687,-0.141224304,-0.804030394
1583,-0.611512012,-1.627853101,-0.142140053,-0.173306562,-0.099508105,0.728829228,-1.13065116,0.165226622,1.560202687,-0.141224304,-0.804030394
1584,-0.611512012,-1.627853101,-0.142140053,-0.173125717,-0.099508105,0.728829228,-1.13065116,0.165226622,1.560202687,-0.141224304,-0.804030394
1585,-0.611512012,-1.627853101,-0.142140053,-0.172944872,-0.099508105,0.728829228,-1.13065116,0.165226622,1.560202687,-0.141224304,-0.804030394
1586,-0.611512012,-1.627853101,-0.142140053,-0.172764028,-0.099508105,0.728829228,-1.13065116,0.165226622,1.560202687,-0.141224304,-0.804030394
1587,-0.749112285,-1.627853101,-0.142140053,-0.172583183,-0.099508105,0.728829228,-1.13065116,0.165226622,1.560202687,-0.120378791,1.21211221
1588,-0.749112285,-1.627853101,-0.142140053,-0.172402338,-0.099508105,0.728829228,-1.13065116,0.165226622,1.560202687,-0.120378791,1.21211221
1589,-0.749112285,-1.627853101,-0.142140053,-0.172221494,-0.099508105,0.728829228,-1.13065116,0.165226622,1.560202687,-0.120378791,1.21211221
1590,-0.749112285,-1.627853101,-0.142140053,-0.172040649,-0.099508105,0.728829228,-1.13065116,0.165226622,1.560202687,-0.120378791,1.21211221
1591,-0.749112285,-1.627853101,-0.142140053,-0.171859804,-0.099508105,0.728829228,-1.13065116,0.165226622,1.560202687,-0.120378791,1.21211221
1592,-0.749112285,0.614306045,7.035314646,-0.181082882,-0.099508105,0.427358486,-1.13065116,0.165226622,1.560202687,-0.120378791,1.21211221
1593,-0.749112285,0.614306045,-0.142140053,-0.180902037,-0.099508105,0.427358486,-1.13065116,0.165226622,1.560202687,-0.120378791,1.21211221
1594,-0.749112285,0.614306045,-0.142140053,-0.180721192,-0.099508105,0.427358486,-1.13065116,0.165226622,1.560202687,-0.120378791,1.21211221
1595,-0.749112285,0.614306045,-0.142140053,-0.180540348,-0.099508105,0.427358486,-1.13065116,0.165226622,1.560202687,-0.120378791,1.21211221
1596,-0.749112285,0.614306045,-0.142140053,-0.180359503,-0.099508105,0.427358486,-1.13065116,0.165226622,1.560202687,-0.120378791,1.21211221
1597,-0.749112285,0.614306045,-0.142140053,-0.180178658,-0.099508105,0.427358486,-1.13065116,0.165226622,1.560202687,-0.120378791,1.21211221
1598,-0.749112285,0.614306045,-0.142140053,-0.179997814,-0.099508105,0.427358486,-1.13065116,0.165226622,1.560202687,-0.120378791,1.21211221
1599,-0.611512012,0.614306045,-0.142140053,-0.179816969,-0.099508105,0.427358486,-1.13065116,0.165226622,1.560202687,-0.141224304,-0.804030394
1600,-0.611512012,0.614306045,-0.142140053,-0.179636124,-0.099508105,0.427358486,-1.13065116,0.165226622,1.560202687,-0.141224304,-0.804030394
1601,-0.611512012,0.614306045,-0.142140053,-0.17945528,-0.099508105,0.427358486,-1.13065116,0.165226622,1.560202687,-0.141224304,-0.804030394
1602,-0.611512012,0.614306045,-0.142140053,-0.179274435,-0.099508105,0.427358486,-1.13065116,0.165226622,1.560202687,-0.141224304,-0.804030394
1603,-0.611512012,0.614306045,-0.142140053,-0.17909359,-0.099508105,0.427358486,-1.13065116,0.165226622,1.560202687,-0.141224304,-0.804030394
1604,-0.611512012,0.614306045,-0.142140053,-0.178912746,-0.099508105,0.427358486,-1.13065116,0.165226622,1.560202687,-0.141224304,-0.804030394
1605,-0.611512012,0.614306045,-0.142140053,-0.178731901,-0.099508105,0.427358486,-1.13065116,0.165226622,1.560202687,-0.141224304,-0.804030394
1606,-0.611512012,0.614306045,-0.142140053,-0.178551056,-0.099508105,0.427358486,-1.13065116,0.165226622,1.560202687,-0.141224304,-0.804030394
1607,-0.473911739,0.614306045,-0.142140053,-0.178370212,-0.099508105,0.427358486,-1.13065116,0.165226622,1.560202687,-0.305089,-1.099685818
1608,-0.473911739,0.614306045,-0.142140053,-0.178189367,-0.099508105,0.427358486,-1.13065116,0.165226622,1.560202687,-0.305089,-1.099685818
1609,-0.473911739,0.614306045,-0.142140053,-0.178008523,-0.099508105,0.427358486,-1.13065116,0.165226622,1.560202687,-0.305089,-1.099685818
1610,-0.473911739,0.614306045,-0.142140053,-0.177827678,-0.099508105,0.427358486,-1.13065116,0.165226622,1.560202687,-0.305089,-1.099685818
1611,-0.473911739,0.614306045,-0.142140053,-0.177646833,-0.099508105,0.427358486,-1.13065116,0.165226622,1.560202687,-0.305089,-1.099685818
1612,-0.473911739,0.614306045,-0.142140053,-0.177465989,-0.099508105,0.427358486,-1.13065116,0.165226622,1.560202687,-0.305089,-1.099685818
1613,-0.473911739,0.614306045,-0.142140053,-0.177285144,-0.099508105,0.427358486,-1.13065116,0.165226622,1.560202687,-0.305089,-1.099685818
1614,-0.473911739,0.614306045,-0.142140053,-0.177104299,-0.099508105,0.427358486,-1.13065116,0.165226622,1.560202687,-0.305089,-1.099685818
1615,-0.336311465,0.614306045,-0.142140053,-0.176923455,-0.099508105,0.427358486,-1.13065116,0.165226622,1.560202687,-0.182551809,-1.556837493
1616,-0.336311465,0.614306045,-0.142140053,-0.17674261,-0.099508105,0.427358486,-1.13065116,0.165226622,1.560202687,-0.182551809,-1.556837493
1617,-0.336311465,0.614306045,-0.142140053,-0.176561765,-0.099508105,0.427358486,-1.13065116,0.165226622,1.560202687,-0.182551809,-1.556837493
1618,-0.336311465,0.614306045,-0.142140053,-0.176380921,-0.099508105,0.427358486,-1.13065116,0.165226622,1.560202687,-0.182551809,-1.556837493
1619,-0.611512012,0.614306045,-0.142140053,-0.181082882,-0.088840754,-0.307511425,-1.303151062,-1.414929824,-0.085740996,-0.141224304,-0.804030394
1620,-0.611512012,0.614306045,-0.142140053,-0.180902037,-0.088840754,-0.307511425,-1.303151062,-1.414929824,-0.085740996,-0.141224304,-0.804030394
1621,-0.611512012,0.614306045,-0.142140053,-0.180721192,-0.088840754,-0.307511425,-1.303151062,-1.414929824,-0.085740996,-0.141224304,-0.804030394
1622,-0.611512012,0.614306045,-0.142140053,-0.180540348,-0.088840754,-0.307511425,-1.303151062,-1.414929824,-0.085740996,-0.141224304,-0.804030394
1623,-0.611512012,0.614306045,-0.142140053,-0.180359503,-0.088840754,-0.307511425,-1.303151062,-1.414929824,-0.085740996,-0.141224304,-0.804030394
1624,-0.611512012,0.614306045,-0.142140053,-0.180178658,-0.088840754,-0.307511425,-1.303151062,-1.414929824,-0.085740996,-0.141224304,-0.804030394
1625,-0.473911739,0.614306045,-0.142140053,-0.179997814,-0.088840754,-0.307511425,-1.303151062,-1.414929824,-0.085740996,-0.305089,-1.099685818
1626,-0.473911739,0.614306045,-0.142140053,-0.179816969,-0.088840754,-0.307511425,-1.303151062,-1.414929824,-0.085740996,-0.305089,-1.099685818
1627,-0.473911739,0.614306045,-0.142140053,-0.179636124,-0.088840754,-0.307511425,-1.303151062,-1.414929824,-0.085740996,-0.305089,-1.099685818
1628,-0.473911739,0.614306045,-0.142140053,-0.17945528,-0.088840754,-0.307511425,-1.303151062,-1.414929824,-0.085740996,-0.305089,-1.099685818
1629,-0.473911739,0.614306045,-0.142140053,-0.179274435,-0.088840754,-0.307511425,-1.303151062,-1.414929824,-0.085740996,-0.305089,-1.099685818
1630,-0.473911739,0.614306045,-0.142140053,-0.17909359,-0.088840754,-0.307511425,-1.303151062,-1.414929824,-0.085740996,-0.305089,-1.099685818
1631,-0.336311465,0.614306045,-0.142140053,-0.178912746,-0.088840754,-0.307511425,-1.303151062,-1.414929824,-0.085740996,-0.182551809,-1.556837493
1632,-0.336311465,0.614306045,-0.142140053,-0.178731901,-0.088840754,-0.307511425,-1.303151062,-1.414929824,-0.085740996,-0.182551809,-1.556837493
1633,-0.336311465,0.614306045,-0.142140053,-0.178551056,-0.088840754,-0.307511425,-1.303151062,-1.414929824,-0.085740996,-0.182551809,-1.556837493
1634,-0.336311465,0.614306045,-0.142140053,-0.178370212,-0.088840754,-0.307511425,-1.303151062,-1.414929824,-0.085740996,-0.182551809,-1.556837493
1635,-0.336311465,0.614306045,-0.142140053,-0.178189367,-0.088840754,-0.307511425,-1.303151062,-1.414929824,-0.085740996,-0.182551809,-1.556837493
1636,-0.336311465,0.614306045,-0.142140053,-0.178008523,-0.088840754,-0.307511425,-1.303151062,-1.414929824,-0.085740996,-0.182551809,-1.556837493
1637,-0.198711192,0.614306045,-0.142140053,-0.177827678,-0.088840754,-0.307511425,-1.303151062,-1.414929824,-0.085740996,-0.313471879,0.528647917
1638,-0.198711192,0.614306045,-0.142140053,-0.177646833,-0.088840754,-0.307511425,-1.303151062,-1.414929824,-0.085740996,-0.313471879,0.528647917
1639,-0.198711192,0.614306045,-0.142140053,-0.177465989,-0.088840754,-0.307511425,-1.303151062,-1.414929824,-0.085740996,-0.313471879,0.528647917
1640,-0.198711192,0.614306045,-0.142140053,-0.177285144,-0.088840754,-0.307511425,-1.303151062,-1.414929824,-0.085740996,-0.313471879,0.528647917
1641,-0.198711192,0.614306045,-0.142140053,-0.177104299,-0.088840754,-0.307511425,-1.303151062,-1.414929824,-0.085740996,-0.313471879,0.528647917
1642,-0.198711192,0.614306045,-0.142140053,-0.176923455,-0.088840754,-0.307511425,-1.303151062,-1.414929824,-0.085740996,-0.313471879,0.528647917
1643,-0.061110919,0.614306045,-0.142140053,-0.17674261,-0.088840754,-0.307511425,-1.303151062,-1.414929824,-0.085740996,-0.495418454,0.638409672
1644,-0.061110919,0.614306045,-0.142140053,-0.176561765,-0.088840754,-0.307511425,-1.303151062,-1.414929824,-0.085740996,-0.495418454,0.638409672
1645,-0.061110919,-1.627853101,7.035314646,-0.181082882,-0.088840754,-0.307511425,-1.303151062,-1.414929824,-1.731684679,-0.495418454,0.638409672
1646,-0.061110919,-1.627853101,-0.142140053,-0.180902037,-0.088840754,-0.307511425,-1.303151062,-1.414929824,-1.731684679,-0.495418454,0.638409672
1647,-0.061110919,-1.627853101,-0.142140053,-0.180721192,-0.088840754,-0.307511425,-1.303151062,-1.414929824,-1.731684679,-0.495418454,0.638409672
1648,-2.125115018,-1.627853101,-0.142140053,-0.180540348,-0.088840754,-0.307511425,-1.303151062,-1.414929824,-1.731684679,3.214156532,-0.786329294
1649,-2.125115018,-1.627853101,-0.142140053,-0.180359503,-0.088840754,-0.307511425,-1.303151062,-1.414929824,-1.731684679,3.214156532,-0.786329294
1650,-2.125115018,-1.627853101,-0.142140053,-0.180178658,-0.088840754,-0.307511425,-1.303151062,-1.414929824,-1.731684679,3.214156532,-0.786329294
1651,-2.125115018,-1.627853101,-0.142140053,-0.179997814,-0.088840754,-0.307511425,-1.303151062,-1.414929824,-1.731684679,3.214156532,-0.786329294
1652,-2.125115018,-1.627853101,-0.142140053,-0.179816969,-0.088840754,-0.307511425,-1.303151062,-1.414929824,-1.731684679,3.214156532,-0.786329294
1653,-2.125115018,-1.627853101,-0.142140053,-0.179636124,-0.088840754,-0.307511425,-1.303151062,-1.414929824,-1.731684679,3.214156532,-0.786329294
1654,-2.125115018,-1.627853101,-0.142140053,-0.17945528,-0.088840754,-0.307511425,-1.303151062,-1.414929824,-1.731684679,3.214156532,-0.786329294
1655,-2.125115018,-1.627853101,-0.142140053,-0.179274435,-0.088840754,-0.307511425,-1.303151062,-1.414929824,-1.731684679,3.214156532,-0.786329294
1656,-2.125115018,-1.627853101,-0.142140053,-0.17909359,-0.088840754,-0.307511425,-1.303151062,-1.414929824,-1.731684679,3.214156532,-0.786329294
1657,-2.125115018,-1.627853101,-0.142140053,-0.178912746,-0.088840754,-0.307511425,-1.303151062,-1.414929824,-1.731684679,3.214156532,-0.786329294
1658,-2.125115018,0.614306045,7.035314646,-0.181082882,-0.088840754,-0.307511425,-1.303151062,-1.414929824,-0.085740996,3.214156532,-0.786329294
1659,-2.125115018,0.614306045,-0.142140053,-0.180902037,-0.088840754,-0.307511425,-1.303151062,-1.414929824,-0.085740996,3.214156532,-0.786329294
1660,-2.125115018,0.614306045,-0.142140053,-0.180721192,-0.088840754,-0.307511425,-1.303151062,-1.414929824,-0.085740996,3.214156532,-0.786329294
1661,-2.125115018,0.614306045,-0.142140053,-0.180540348,-0.088840754,-0.307511425,-1.303151062,-1.414929824,-0.085740996,3.214156532,-0.786329294
1662,-2.125115018,0.614306045,-0.142140053,-0.180359503,-0.088840754,-0.307511425,-1.303151062,-1.414929824,-0.085740996,3.214156532,-0.786329294
1663,-1.987514745,0.614306045,-0.142140053,-0.180178658,-0.088840754,-0.307511425,-1.303151062,-1.414929824,-0.085740996,3.05253165,-1.059116976
1664,-1.987514745,0.614306045,-0.142140053,-0.179997814,-0.088840754,-0.307511425,-1.303151062,-1.414929824,-0.085740996,3.05253165,-1.059116976
1665,-1.987514745,0.614306045,-0.142140053,-0.179816969,-0.088840754,-0.307511425,-1.303151062,-1.414929824,-0.085740996,3.05253165,-1.059116976
1666,-1.987514745,0.614306045,-0.142140053,-0.179636124,-0.088840754,-0.307511425,-1.303151062,-1.414929824,-0.085740996,3.05253165,-1.059116976
1667,-1.987514745,0.614306045,-0.142140053,-0.17945528,-0.088840754,-0.307511425,-1.303151062,-1.414929824,-0.085740996,3.05253165,-1.059116976
1668,-1.987514745,0.614306045,-0.142140053,-0.179274435,-0.088840754,-0.307511425,-1.303151062,-1.414929824,-0.085740996,3.05253165,-1.059116976
1669,-1.849914471,0.614306045,-0.142140053,-0.17909359,-0.088840754,-0.307511425,-1.303151062,-1.414929824,-0.085740996,2.640927919,0.565173491
1670,-1.849914471,0.614306045,-0.142140053,-0.178912746,-0.088840754,-0.307511425,-1.303151062,-1.414929824,-0.085740996,2.640927919,0.565173491
1671,-1.849914471,0.614306045,-0.142140053,-0.178731901,-0.088840754,-0.307511425,-1.303151062,-1.414929824,-0.085740996,2.640927919,0.565173491
1672,-1.849914471,0.614306045,-0.142140053,-0.178551056,-0.088840754,-0.307511425,-1.303151062,-1.414929824,-0.085740996,2.640927919,0.565173491
1673,-1.849914471,0.614306045,-0.142140053,-0.178370212,-0.088840754,-0.307511425,-1.303151062,-1.414929824,-0.085740996,2.640927919,0.565173491
1674,-1.849914471,0.614306045,-0.142140053,-0.178189367,-0.088840754,-0.307511425,-1.303151062,-1.414929824,-0.085740996,2.640927919,0.565173491
1675,-1.712314198,0.614306045,-0.142140053,-0.178008523,-0.088840754,-0.307511425,-1.303151062,-1.414929824,-0.085740996,1.926914244,1.433251598
1676,-1.712314198,0.614306045,-0.142140053,-0.177827678,-0.088840754,-0.307511425,-1.303151062,-1.414929824,-0.085740996,1.926914244,1.433251598
1677,-1.712314198,0.614306045,-0.142140053,-0.177646833,-0.088840754,-0.307511425,-1.303151062,-1.414929824,-0.085740996,1.926914244,1.433251598
1678,-1.712314198,0.614306045,-0.142140053,-0.177465989,-0.088840754,-0.307511425,-1.303151062,-1.414929824,-0.085740996,1.926914244,1.433251598
1679,-1.712314198,0.614306045,-0.142140053,-0.177285144,-0.088840754,-0.307511425,-1.303151062,-1.414929824,-0.085740996,1.926914244,1.433251598
1680,-1.712314198,0.614306045,-0.142140053,-0.177104299,-0.088840754,-0.307511425,-1.303151062,-1.414929824,-0.085740996,1.926914244,1.433251598
1681,-1.574713925,0.614306045,-0.142140053,-0.176923455,-0.088840754,-0.307511425,-1.303151062,-1.414929824,-0.085740996,1.849648102,-0.158675159
1682,-1.574713925,0.614306045,-0.142140053,-0.17674261,-0.088840754,-0.307511425,-1.303151062,-1.414929824,-0.085740996,1.849648102,-0.158675159
1683,-1.574713925,0.614306045,-0.142140053,-0.176561765,-0.088840754,-0.307511425,-1.303151062,-1.414929824,-0.085740996,1.849648102,-0.158675159
1684,-1.574713925,0.614306045,-0.142140053,-0.176380921,-0.088840754,-0.307511425,-1.303151062,-1.414929824,-0.085740996,1.849648102,-0.158675159
1685,-1.574713925,0.614306045,-0.142140053,-0.176200076,-0.088840754,-0.307511425,-1.303151062,-1.414929824,-0.085740996,1.849648102,-0.158675159
1686,-1.574713925,0.614306045,-0.142140053,-0.176019231,-0.088840754,-0.307511425,-1.303151062,-1.414929824,-0.085740996,1.849648102,-0.158675159
1687,-1.437113651,0.614306045,-0.142140053,-0.175838387,-0.088840754,-0.307511425,-1.303151062,-1.414929824,-0.085740996,1.088790164,-2.108568903
1688,-1.437113651,0.614306045,-0.142140053,-0.175657542,-0.088840754,-0.307511425,-1.303151062,-1.414929824,-0.085740996,1.088790164,-2.108568903
1689,-1.437113651,0.614306045,-0.142140053,-0.175476697,-0.088840754,-0.307511425,-1.303151062,-1.414929824,-0.085740996,1.088790164,-2.108568903
1690,-1.437113651,0.614306045,-0.142140053,-0.175295853,-0.088840754,-0.307511425,-1.303151062,-1.414929824,-0.085740996,1.088790164,-2.108568903
1691,-1.437113651,0.614306045,-0.142140053,-0.175115008,-0.088840754,-0.307511425,-1.303151062,-1.414929824,-0.085740996,1.088790164,-2.108568903
1692,-1.437113651,0.614306045,-0.142140053,-0.174934164,-0.088840754,-0.307511425,-1.303151062,-1.414929824,-0.085740996,1.088790164,-2.108568903
1693,-1.299513378,0.614306045,-0.142140053,-0.174753319,-0.088840754,-0.307511425,-1.303151062,-1.414929824,-0.085740996,0.900403138,0.776703805
1694,-1.299513378,0.614306045,-0.142140053,-0.174572474,-0.088840754,-0.307511425,-1.303151062,-1.414929824,-0.085740996,0.900403138,0.776703805
1695,-1.299513378,0.614306045,-0.142140053,-0.17439163,-0.088840754,-0.307511425,-1.303151062,-1.414929824,-0.085740996,0.900403138,0.776703805
1696,-1.299513378,0.614306045,-0.142140053,-0.174210785,-0.088840754,-0.307511425,-1.303151062,-1.414929824,-0.085740996,0.900403138,0.776703805
1697,-1.299513378,0.614306045,-0.142140053,-0.17402994,-0.088840754,-0.307511425,-1.303151062,-1.414929824,-0.085740996,0.900403138,0.776703805
1698,-1.299513378,0.614306045,-0.142140053,-0.173849096,-0.088840754,-0.307511425,-1.303151062,-1.414929824,-0.085740996,0.900403138,0.776703805
1699,-1.161913105,0.614306045,-0.142140053,-0.173668251,-0.088840754,-0.307511425,-1.303151062,-1.414929824,-0.085740996,0.579662106,0.804610257
1700,-1.161913105,0.614306045,-0.142140053,-0.173487406,-0.088840754,-0.307511425,-1.303151062,-1.414929824,-0.085740996,0.579662106,0.804610257
1701,-1.161913105,0.614306045,-0.142140053,-0.173306562,-0.088840754,-0.307511425,-1.303151062,-1.414929824,-0.085740996,0.579662106,0.804610257
1702,-1.161913105,0.614306045,-0.142140053,-0.173125717,-0.088840754,-0.307511425,-1.303151062,-1.414929824,-0.085740996,0.579662106,0.804610257
1703,-1.161913105,0.614306045,-0.142140053,-0.172944872,-0.088840754,-0.307511425,-1.303151062,-1.414929824,-0.085740996,0.579662106,0.804610257
1704,-1.161913105,0.614306045,-0.142140053,-0.172764028,-0.088840754,-0.307511425,-1.303151062,-1.414929824,-0.085740996,0.579662106,0.804610257
1705,-1.024312832,0.614306045,-0.142140053,-0.172583183,-0.088840754,-0.307511425,-1.303151062,-1.414929824,-0.085740996,0.453916295,-1.000632353
1706,-1.024312832,0.614306045,-0.142140053,-0.172402338,-0.088840754,-0.307511425,-1.303151062,-1.414929824,-0.085740996,0.453916295,-1.000632353
1707,-1.024312832,0.614306045,-0.142140053,-0.172221494,-0.088840754,-0.307511425,-1.303151062,-1.414929824,-0.085740996,0.453916295,-1.000632353
1708,-1.024312832,0.614306045,-0.142140053,-0.172040649,-0.088840754,-0.307511425,-1.303151062,-1.414929824,-0.085740996,0.453916295,-1.000632353
1709,-1.024312832,0.614306045,-0.142140053,-0.171859804,-0.088840754,-0.307511425,-1.303151062,-1.414929824,-0.085740996,0.453916295,-1.000632353
1710,-1.024312832,0.614306045,-0.142140053,-0.17167896,-0.088840754,-0.307511425,-1.303151062,-1.414929824,-0.085740996,0.453916295,-1.000632353
1711,-0.886712558,0.614306045,-0.142140053,-0.171498115,-0.088840754,-0.307511425,-1.303151062,-1.414929824,-0.085740996,0.024554351,0.03805528
1712,-0.886712558,0.614306045,-0.142140053,-0.171317271,-0.088840754,-0.307511425,-1.303151062,-1.414929824,-0.085740996,0.024554351,0.03805528
1713,-0.886712558,0.614306045,-0.142140053,-0.171136426,-0.088840754,-0.307511425,-1.303151062,-1.414929824,-0.085740996,0.024554351,0.03805528
1714,-0.886712558,0.614306045,-0.142140053,-0.170955581,-0.088840754,-0.307511425,-1.303151062,-1.414929824,-0.085740996,0.024554351,0.03805528
1715,-0.886712558,0.614306045,-0.142140053,-0.170774737,-0.088840754,-0.307511425,-1.303151062,-1.414929824,-0.085740996,0.024554351,0.03805528
1716,-0.886712558,0.614306045,-0.142140053,-0.170593892,-0.088840754,-0.307511425,-1.303151062,-1.414929824,-0.085740996,0.024554351,0.03805528
1717,-0.749112285,0.614306045,-0.142140053,-0.170413047,-0.088840754,-0.307511425,-1.303151062,-1.414929824,-0.085740996,-0.120378791,1.21211221
1718,-0.749112285,0.614306045,-0.142140053,-0.170232203,-0.088840754,-0.307511425,-1.303151062,-1.414929824,-0.085740996,-0.120378791,1.21211221
1719,-0.749112285,0.614306045,-0.142140053,-0.170051358,-0.088840754,-0.307511425,-1.303151062,-1.414929824,-0.085740996,-0.120378791,1.21211221
1720,-0.749112285,0.614306045,-0.142140053,-0.169870513,-0.088840754,-0.307511425,-1.303151062,-1.414929824,-0.085740996,-0.120378791,1.21211221
1721,-0.749112285,0.614306045,-0.142140053,-0.169689669,-0.088840754,-0.307511425,-1.303151062,-1.414929824,-0.085740996,-0.120378791,1.21211221
1722,-0.749112285,0.614306045,-0.142140053,-0.169508824,-0.088840754,-0.307511425,-1.303151062,-1.414929824,-0.085740996,-0.120378791,1.21211221
1723,-0.611512012,0.614306045,-0.142140053,-0.169327979,-0.088840754,-0.307511425,-1.303151062,-1.414929824,-0.085740996,-0.141224304,-0.804030394
1724,-0.611512012,0.614306045,-0.142140053,-0.169147135,-0.088840754,-0.307511425,-1.303151062,-1.414929824,-0.085740996,-0.141224304,-0.804030394
1725,-0.611512012,0.614306045,-0.142140053,-0.16896629,-0.088840754,-0.307511425,-1.303151062,-1.414929824,-0.085740996,-0.141224304,-0.804030394
1726,-0.611512012,0.614306045,-0.142140053,-0.168785445,-0.088840754,-0.307511425,-1.303151062,-1.414929824,-0.085740996,-0.141224304,-0.804030394
1727,-0.611512012,0.614306045,-0.142140053,-0.168604601,-0.088840754,-0.307511425,-1.303151062,-1.414929824,-0.085740996,-0.141224304,-0.804030394
1728,-0.611512012,0.614306045,-0.142140053,-0.168423756,-0.088840754,-0.307511425,-1.303151062,-1.414929824,-0.085740996,-0.141224304,-0.804030394
1729,-0.473911739,0.614306045,-0.142140053,-0.168242912,-0.088840754,-0.307511425,-1.303151062,-1.414929824,-0.085740996,-0.305089,-1.099685818
1730,-0.473911739,0.614306045,-0.142140053,-0.168062067,-0.088840754,-0.307511425,-1.303151062,-1.414929824,-0.085740996,-0.305089,-1.099685818
1731,-0.473911739,0.614306045,-0.142140053,-0.167881222,-0.088840754,-0.307511425,-1.303151062,-1.414929824,-0.085740996,-0.305089,-1.099685818
1732,-0.473911739,0.614306045,-0.142140053,-0.167700378,-0.088840754,-0.307511425,-1.303151062,-1.414929824,-0.085740996,-0.305089,-1.099685818
1733,-0.473911739,0.614306045,-0.142140053,-0.167519533,-0.088840754,-0.307511425,-1.303151062,-1.414929824,-0.085740996,-0.305089,-1.099685818
1734,-0.473911739,0.614306045,-0.142140053,-0.167338688,-0.088840754,-0.307511425,-1.303151062,-1.414929824,-0.085740996,-0.305089,-1.099685818
1735,-0.336311465,0.614306045,-0.142140053,-0.167157844,-0.088840754,-0.307511425,-1.303151062,-1.414929824,-0.085740996,-0.182551809,-1.556837493
1736,-0.336311465,0.614306045,-0.142140053,-0.166976999,-0.088840754,-0.307511425,-1.303151062,-1.414929824,-0.085740996,-0.182551809,-1.556837493
1737,-0.336311465,0.614306045,-0.142140053,-0.166796154,-0.088840754,-0.307511425,-1.303151062,-1.414929824,-0.085740996,-0.182551809,-1.556837493
1738,-0.336311465,0.614306045,-0.142140053,-0.16661531,-0.088840754,-0.307511425,-1.303151062,-1.414929824,-0.085740996,-0.182551809,-1.556837493
1739,-0.336311465,0.614306045,-0.142140053,-0.166434465,-0.088840754,-0.307511425,-1.303151062,-1.414929824,-0.085740996,-0.182551809,-1.556837493
1740,-0.336311465,0.614306045,-0.142140053,-0.16625362,-0.088840754,-0.307511425,-1.303151062,-1.414929824,-0.085740996,-0.182551809,-1.556837493
1741,-0.198711192,0.614306045,-0.142140053,-0.166072776,-0.088840754,-0.307511425,-1.303151062,-1.414929824,-0.085740996,-0.313471879,0.528647917
1742,-0.198711192,0.614306045,-0.142140053,-0.165891931,-0.088840754,-0.307511425,-1.303151062,-1.414929824,-0.085740996,-0.313471879,0.528647917
1743,-0.198711192,0.614306045,-0.142140053,-0.165711086,-0.088840754,-0.307511425,-1.303151062,-1.414929824,-0.085740996,-0.313471879,0.528647917
1744,-0.198711192,0.614306045,-0.142140053,-0.165530242,-0.088840754,-0.307511425,-1.303151062,-1.414929824,-0.085740996,-0.313471879,0.528647917
1745,-0.198711192,0.614306045,-0.142140053,-0.165349397,-0.088840754,-0.307511425,-1.303151062,-1.414929824,-0.085740996,-0.313471879,0.528647917
1746,-0.198711192,0.614306045,-0.142140053,-0.165168553,-0.088840754,-0.307511425,-1.303151062,-1.414929824,-0.085740996,-0.313471879,0.528647917
1747,-0.061110919,0.614306045,-0.142140053,-0.164987708,-0.088840754,-0.307511425,-1.303151062,-1.414929824,-0.085740996,-0.495418454,0.638409672
1748,-0.061110919,0.614306045,-0.142140053,-0.164806863,-0.088840754,-0.307511425,-1.303151062,-1.414929824,-0.085740996,-0.495418454,0.638409672
1749,-0.061110919,0.614306045,-0.142140053,-0.164626019,-0.088840754,-0.307511425,-1.303151062,-1.414929824,-0.085740996,-0.495418454,0.638409672
1750,-0.061110919,0.614306045,-0.142140053,-0.164445174,-0.088840754,-0.307511425,-1.303151062,-1.414929824,-0.085740996,-0.495418454,0.638409672
1751,-0.061110919,0.614306045,-0.142140053,-0.164264329,-0.088840754,-0.307511425,-1.303151062,-1.414929824,-0.085740996,-0.495418454,0.638409672
1752,-0.061110919,0.614306045,-0.142140053,-0.164083485,-0.088840754,-0.307511425,-1.303151062,-1.414929824,-0.085740996,-0.495418454,0.638409672
1753,0.076489355,0.614306045,-0.142140053,-0.16390264,-0.088840754,-0.307511425,-1.303151062,-1.414929824,-0.085740996,-0.287596201,0.475905898
1754,0.076489355,0.614306045,-0.142140053,-0.163721795,-0.088840754,-0.307511425,-1.303151062,-1.414929824,-0.085740996,-0.287596201,0.475905898
1755,0.076489355,0.614306045,-0.142140053,-0.163540951,-0.088840754,-0.307511425,-1.303151062,-1.414929824,-0.085740996,-0.287596201,0.475905898
1756,0.076489355,0.614306045,-0.142140053,-0.163360106,-0.088840754,-0.307511425,-1.303151062,-1.414929824,-0.085740996,-0.287596201,0.475905898
1757,0.076489355,0.614306045,-0.142140053,-0.163179261,-0.088840754,-0.307511425,-1.303151062,-1.414929824,-0.085740996,-0.287596201,0.475905898
1758,0.076489355,0.614306045,-0.142140053,-0.162998417,-0.088840754,-0.307511425,-1.303151062,-1.414929824,-0.085740996,-0.287596201,0.475905898
1759,0.214089628,0.614306045,-0.142140053,-0.162817572,-0.088840754,-0.307511425,-1.303151062,-1.414929824,-0.085740996,-0.225276461,1.088460372
1760,0.214089628,0.614306045,-0.142140053,-0.162636727,-0.088840754,-0.307511425,-1.303151062,-1.414929824,-0.085740996,-0.225276461,1.088460372
1761,0.214089628,0.614306045,-0.142140053,-0.162455883,-0.088840754,-0.307511425,-1.303151062,-1.414929824,-0.085740996,-0.225276461,1.088460372
1762,0.214089628,0.614306045,-0.142140053,-0.162275038,-0.088840754,-0.307511425,-1.303151062,-1.414929824,-0.085740996,-0.225276461,1.088460372
1763,0.214089628,0.614306045,-0.142140053,-0.162094194,-0.088840754,-0.307511425,-1.303151062,-1.414929824,-0.085740996,-0.225276461,1.088460372
1764,0.214089628,-1.627853101,7.035314646,-0.181082882,-0.088840754,-0.307511425,-0.958151257,-1.414929824,-1.731684679,-0.225276461,1.088460372
1765,0.214089628,-1.627853101,-0.142140053,-0.180902037,-0.088840754,-0.307511425,-0.958151257,-1.414929824,-1.731684679,-0.225276461,1.088460372
1766,0.214089628,-1.627853101,-0.142140053,-0.180721192,-0.088840754,-0.307511425,-0.958151257,-1.414929824,-1.731684679,-0.225276461,1.088460372
1767,-2.125115018,-1.627853101,-0.142140053,-0.180540348,-0.088840754,-0.307511425,-0.958151257,-1.414929824,-1.731684679,3.214156532,-0.786329294
1768,-2.125115018,-1.627853101,-0.142140053,-0.180359503,-0.088840754,-0.307511425,-0.958151257,-1.414929824,-1.731684679,3.214156532,-0.786329294
1769,-2.125115018,-1.627853101,-0.142140053,-0.180178658,-0.088840754,-0.307511425,-0.958151257,-1.414929824,-1.731684679,3.214156532,-0.786329294
1770,-2.125115018,-1.627853101,-0.142140053,-0.179997814,-0.088840754,-0.307511425,-0.958151257,-1.414929824,-1.731684679,3.214156532,-0.786329294
1771,-2.125115018,-1.627853101,-0.142140053,-0.179816969,-0.088840754,-0.307511425,-0.958151257,-1.414929824,-1.731684679,3.214156532,-0.786329294
1772,-2.125115018,-1.627853101,-0.142140053,-0.179636124,-0.088840754,-0.307511425,-0.958151257,-1.414929824,-1.731684679,3.214156532,-0.786329294
1773,-2.125115018,-1.627853101,-0.142140053,-0.17945528,-0.088840754,-0.307511425,-0.958151257,-1.414929824,-1.731684679,3.214156532,-0.786329294
1774,-2.125115018,-1.627853101,-0.142140053,-0.179274435,-0.088840754,-0.307511425,-0.958151257,-1.414929824,-1.731684679,3.214156532,-0.786329294
1775,-2.125115018,-1.627853101,-0.142140053,-0.17909359,-0.088840754,-0.307511425,-0.958151257,-1.414929824,-1.731684679,3.214156532,-0.786329294
1776,-2.125115018,-1.627853101,-0.142140053,-0.178912746,-0.088840754,-0.307511425,-0.958151257,-1.414929824,-1.731684679,3.214156532,-0.786329294
1777,-2.125115018,0.614306045,7.035314646,-0.181082882,-0.088840754,-0.307556376,-0.958151257,-1.414929824,-0.085740996,3.214156532,-0.786329294
1778,-2.125115018,0.614306045,-0.142140053,-0.180902037,-0.088840754,-0.307556376,-0.958151257,-1.414929824,-0.085740996,3.214156532,-0.786329294
1779,-2.125115018,0.614306045,-0.142140053,-0.180721192,-0.088840754,-0.307556376,-0.958151257,-1.414929824,-0.085740996,3.214156532,-0.786329294
1780,-2.125115018,0.614306045,-0.142140053,-0.180540348,-0.088840754,-0.307556376,-0.958151257,-1.414929824,-0.085740996,3.214156532,-0.786329294
1781,-2.125115018,0.614306045,-0.142140053,-0.180359503,-0.088840754,-0.307556376,-0.958151257,-1.414929824,-0.085740996,3.214156532,-0.786329294
1782,-0.611512012,0.614306045,-0.142140053,-0.181082882,-0.096791108,-0.307425762,-1.993150672,-1.414929824,-0.085740996,-0.141224304,-0.804030394
1783,-0.611512012,0.614306045,-0.142140053,-0.180902037,-0.096791108,-0.307425762,-1.993150672,-1.414929824,-0.085740996,-0.141224304,-0.804030394
1784,-0.611512012,0.614306045,-0.142140053,-0.180721192,-0.096791108,-0.307425762,-1.993150672,-1.414929824,-0.085740996,-0.141224304,-0.804030394
1785,-0.611512012,0.614306045,-0.142140053,-0.180540348,-0.096791108,-0.307425762,-1.993150672,-1.414929824,-0.085740996,-0.141224304,-0.804030394
1786,-0.611512012,-1.627853101,7.035314646,-0.181082882,-0.096791108,-0.307425762,-1.993150672,-1.414929824,-1.731684679,-0.141224304,-0.804030394
1787,-0.611512012,-1.627853101,-0.142140053,-0.180902037,-0.096791108,-0.307425762,-1.993150672,-1.414929824,-1.731684679,-0.141224304,-0.804030394
1788,-0.611512012,-1.627853101,-0.142140053,-0.180721192,-0.096791108,-0.307425762,-1.993150672,-1.414929824,-1.731684679,-0.141224304,-0.804030394
1789,-2.125115018,-1.627853101,-0.142140053,-0.180540348,-0.096791108,-0.307425762,-1.993150672,-1.414929824,-1.731684679,3.214156532,-0.786329294
1790,-2.125115018,-1.627853101,-0.142140053,-0.180359503,-0.096791108,-0.307425762,-1.993150672,-1.414929824,-1.731684679,3.214156532,-0.786329294
1791,-2.125115018,-1.627853101,-0.142140053,-0.180178658,-0.096791108,-0.307425762,-1.993150672,-1.414929824,-1.731684679,3.214156532,-0.786329294
1792,-2.125115018,-1.627853101,-0.142140053,-0.179997814,-0.096791108,-0.307425762,-1.993150672,-1.414929824,-1.731684679,3.214156532,-0.786329294
1793,-2.125115018,-1.627853101,-0.142140053,-0.179816969,-0.096791108,-0.307425762,-1.993150672,-1.414929824,-1.731684679,3.214156532,-0.786329294
1794,-2.125115018,-1.627853101,-0.142140053,-0.179636124,-0.096791108,-0.307425762,-1.993150672,-1.414929824,-1.731684679,3.214156532,-0.786329294
1795,-2.125115018,-1.627853101,-0.142140053,-0.17945528,-0.096791108,-0.307425762,-1.993150672,-1.414929824,-1.731684679,3.214156532,-0.786329294
1796,-2.125115018,-1.627853101,-0.142140053,-0.179274435,-0.096791108,-0.307425762,-1.993150672,-1.414929824,-1.731684679,3.214156532,-0.786329294
1797,-2.125115018,-1.627853101,-0.142140053,-0.17909359,-0.096791108,-0.307425762,-1.993150672,-1.414929824,-1.731684679,3.214156532,-0.786329294
1798,-2.125115018,-1.627853101,-0.142140053,-0.178912746,-0.096791108,-0.307425762,-1.993150672,-1.414929824,-1.731684679,3.214156532,-0.786329294
1799,-2.125115018,0.614306045,7.035314646,-0.181082882,-0.096791108,-0.307425762,-1.993150672,-1.414929824,-0.085740996,3.214156532,-0.786329294
1800,-2.125115018,0.614306045,-0.142140053,-0.180902037,-0.096791108,-0.307425762,-1.993150672,-1.414929824,-0.085740996,3.214156532,-0.786329294
1801,-2.125115018,0.614306045,-0.142140053,-0.180721192,-0.096791108,-0.307425762,-1.993150672,-1.414929824,-0.085740996,3.214156532,-0.786329294
1802,-2.125115018,0.614306045,-0.142140053,-0.180540348,-0.096791108,-0.307425762,-1.993150672,-1.414929824,-0.085740996,3.214156532,-0.786329294
1803,-2.125115018,0.614306045,-0.142140053,-0.180359503,-0.096791108,-0.307425762,-1.993150672,-1.414929824,-0.085740996,3.214156532,-0.786329294
1804,-1.987514745,0.614306045,-0.142140053,-0.180178658,-0.096791108,-0.307425762,-1.993150672,-1.414929824,-0.085740996,3.05253165,-1.059116976
1805,-1.987514745,0.614306045,-0.142140053,-0.179997814,-0.096791108,-0.307425762,-1.993150672,-1.414929824,-0.085740996,3.05253165,-1.059116976
1806,-1.987514745,0.614306045,-0.142140053,-0.179816969,-0.096791108,-0.307425762,-1.993150672,-1.414929824,-0.085740996,3.05253165,-1.059116976
1807,-1.987514745,0.614306045,-0.142140053,-0.179636124,-0.096791108,-0.307425762,-1.993150672,-1.414929824,-0.085740996,3.05253165,-1.059116976
1808,-1.987514745,0.614306045,-0.142140053,-0.17945528,-0.096791108,-0.307425762,-1.993150672,-1.414929824,-0.085740996,3.05253165,-1.059116976
1809,-1.987514745,0.614306045,-0.142140053,-0.179274435,-0.096791108,-0.307425762,-1.993150672,-1.414929824,-0.085740996,3.05253165,-1.059116976
1810,-1.849914471,0.614306045,-0.142140053,-0.17909359,-0.096791108,-0.307425762,-1.993150672,-1.414929824,-0.085740996,2.640927919,0.565173491
1811,-1.849914471,0.614306045,-0.142140053,-0.178912746,-0.096791108,-0.307425762,-1.993150672,-1.414929824,-0.085740996,2.640927919,0.565173491
1812,-1.849914471,0.614306045,-0.142140053,-0.178731901,-0.096791108,-0.307425762,-1.993150672,-1.414929824,-0.085740996,2.640927919,0.565173491
1813,-1.849914471,0.614306045,-0.142140053,-0.178551056,-0.096791108,-0.307425762,-1.993150672,-1.414929824,-0.085740996,2.640927919,0.565173491
1814,-1.849914471,0.614306045,-0.142140053,-0.178370212,-0.096791108,-0.307425762,-1.993150672,-1.414929824,-0.085740996,2.640927919,0.565173491
1815,-1.849914471,0.614306045,-0.142140053,-0.178189367,-0.096791108,-0.307425762,-1.993150672,-1.414929824,-0.085740996,2.640927919,0.565173491
1816,-1.712314198,0.614306045,-0.142140053,-0.178008523,-0.096791108,-0.307425762,-1.993150672,-1.414929824,-0.085740996,1.926914244,1.433251598
1817,-1.712314198,0.614306045,-0.142140053,-0.177827678,-0.096791108,-0.307425762,-1.993150672,-1.414929824,-0.085740996,1.926914244,1.433251598
1818,-1.712314198,0.614306045,-0.142140053,-0.177646833,-0.096791108,-0.307425762,-1.993150672,-1.414929824,-0.085740996,1.926914244,1.433251598
1819,-1.712314198,0.614306045,-0.142140053,-0.177465989,-0.096791108,-0.307425762,-1.993150672,-1.414929824,-0.085740996,1.926914244,1.433251598
1820,-1.712314198,0.614306045,-0.142140053,-0.177285144,-0.096791108,-0.307425762,-1.993150672,-1.414929824,-0.085740996,1.926914244,1.433251598
1821,-1.712314198,0.614306045,-0.142140053,-0.177104299,-0.096791108,-0.307425762,-1.993150672,-1.414929824,-0.085740996,1.926914244,1.433251598
1822,-1.574713925,0.614306045,-0.142140053,-0.176923455,-0.096791108,-0.307425762,-1.993150672,-1.414929824,-0.085740996,1.849648102,-0.158675159
1823,-1.574713925,0.614306045,-0.142140053,-0.17674261,-0.096791108,-0.307425762,-1.993150672,-1.414929824,-0.085740996,1.849648102,-0.158675159
1824,-1.574713925,0.614306045,-0.142140053,-0.176561765,-0.096791108,-0.307425762,-1.993150672,-1.414929824,-0.085740996,1.849648102,-0.158675159
1825,-1.574713925,0.614306045,-0.142140053,-0.176380921,-0.096791108,-0.307425762,-1.993150672,-1.414929824,-0.085740996,1.849648102,-0.158675159
1826,-1.574713925,0.614306045,-0.142140053,-0.176200076,-0.096791108,-0.307425762,-1.993150672,-1.414929824,-0.085740996,1.849648102,-0.158675159
1827,-1.574713925,0.614306045,-0.142140053,-0.176019231,-0.096791108,-0.307425762,-1.993150672,-1.414929824,-0.085740996,1.849648102,-0.158675159
1828,-1.437113651,0.614306045,-0.142140053,-0.175838387,-0.096791108,-0.307425762,-1.993150672,-1.414929824,-0.085740996,1.088790164,-2.108568903
1829,-1.437113651,0.614306045,-0.142140053,-0.175657542,-0.096791108,-0.307425762,-1.993150672,-1.414929824,-0.085740996,1.088790164,-2.108568903
1830,-1.437113651,0.614306045,-0.142140053,-0.175476697,-0.096791108,-0.307425762,-1.993150672,-1.414929824,-0.085740996,1.088790164,-2.108568903
1831,-1.437113651,0.614306045,-0.142140053,-0.175295853,-0.096791108,-0.307425762,-1.993150672,-1.414929824,-0.085740996,1.088790164,-2.108568903
1832,-1.437113651,0.614306045,-0.142140053,-0.175115008,-0.096791108,-0.307425762,-1.993150672,-1.414929824,-0.085740996,1.088790164,-2.108568903
1833,-1.437113651,0.614306045,-0.142140053,-0.174934164,-0.096791108,-0.307425762,-1.993150672,-1.414929824,-0.085740996,1.088790164,-2.108568903
1834,-1.299513378,0.614306045,-0.142140053,-0.174753319,-0.096791108,-0.307425762,-1.993150672,-1.414929824,-0.085740996,0.900403138,0.776703805
1835,-1.299513378,0.614306045,-0.142140053,-0.174572474,-0.096791108,-0.307425762,-1.993150672,-1.414929824,-0.085740996,0.900403138,0.776703805
1836,-1.299513378,0.614306045,-0.142140053,-0.17439163,-0.096791108,-0.307425762,-1.993150672,-1.414929824,-0.085740996,0.900403138,0.776703805
1837,-1.299513378,0.614306045,-0.142140053,-0.174210785,-0.096791108,-0.307425762,-1.993150672,-1.414929824,-0.085740996,0.900403138,0.776703805
1838,-1.299513378,0.614306045,-0.142140053,-0.17402994,-0.096791108,-0.307425762,-1.993150672,-1.414929824,-0.085740996,0.900403138,0.776703805
1839,-1.299513378,0.614306045,-0.142140053,-0.173849096,-0.096791108,-0.307425762,-1.993150672,-1.414929824,-0.085740996,0.900403138,0.776703805
1840,-1.161913105,0.614306045,-0.142140053,-0.173668251,-0.096791108,-0.307425762,-1.993150672,-1.414929824,-0.085740996,0.579662106,0.804610257
1841,-1.161913105,0.614306045,-0.142140053,-0.173487406,-0.096791108,-0.307425762,-1.993150672,-1.414929824,-0.085740996,0.579662106,0.804610257
1842,-1.161913105,0.614306045,-0.142140053,-0.173306562,-0.096791108,-0.307425762,-1.993150672,-1.414929824,-0.085740996,0.579662106,0.804610257
1843,-1.161913105,0.614306045,-0.142140053,-0.173125717,-0.096791108,-0.307425762,-1.993150672,-1.414929824,-0.085740996,0.579662106,0.804610257
1844,-1.161913105,0.614306045,-0.142140053,-0.172944872,-0.096791108,-0.307425762,-1.993150672,-1.414929824,-0.085740996,0.579662106,0.804610257
1845,-1.161913105,0.614306045,-0.142140053,-0.172764028,-0.096791108,-0.307425762,-1.993150672,-1.414929824,-0.085740996,0.579662106,0.804610257
1846,-1.024312832,0.614306045,-0.142140053,-0.172583183,-0.096791108,-0.307425762,-1.993150672,-1.414929824,-0.085740996,0.453916295,-1.000632353
1847,-1.024312832,0.614306045,-0.142140053,-0.172402338,-0.096791108,-0.307425762,-1.993150672,-1.414929824,-0.085740996,0.453916295,-1.000632353
1848,-1.024312832,0.614306045,-0.142140053,-0.172221494,-0.096791108,-0.307425762,-1.993150672,-1.414929824,-0.085740996,0.453916295,-1.000632353
1849,-1.024312832,0.614306045,-0.142140053,-0.172040649,-0.096791108,-0.307425762,-1.993150672,-1.414929824,-0.085740996,0.453916295,-1.000632353
1850,-1.024312832,0.614306045,-0.142140053,-0.171859804,-0.096791108,-0.307425762,-1.993150672,-1.414929824,-0.085740996,0.453916295,-1.000632353
1851,-1.024312832,0.614306045,-0.142140053,-0.17167896,-0.096791108,-0.307425762,-1.993150672,-1.414929824,-0.085740996,0.453916295,-1.000632353
1852,-0.886712558,0.614306045,-0.142140053,-0.171498115,-0.096791108,-0.307425762,-1.993150672,-1.414929824,-0.085740996,0.024554351,0.03805528
1853,-0.886712558,0.614306045,-0.142140053,-0.171317271,-0.096791108,-0.307425762,-1.993150672,-1.414929824,-0.085740996,0.024554351,0.03805528
1854,-0.886712558,0.614306045,-0.142140053,-0.171136426,-0.096791108,-0.307425762,-1.993150672,-1.414929824,-0.085740996,0.024554351,0.03805528
1855,-0.886712558,0.614306045,-0.142140053,-0.170955581,-0.096791108,-0.307425762,-1.993150672,-1.414929824,-0.085740996,0.024554351,0.03805528
1856,-0.886712558,0.614306045,-0.142140053,-0.170774737,-0.096791108,-0.307425762,-1.993150672,-1.414929824,-0.085740996,0.024554351,0.03805528
1857,-0.886712558,0.614306045,-0.142140053,-0.170593892,-0.096791108,-0.307425762,-1.993150672,-1.414929824,-0.085740996,0.024554351,0.03805528
1858,-0.749112285,0.614306045,-0.142140053,-0.170413047,-0.096791108,-0.307425762,-1.993150672,-1.414929824,-0.085740996,-0.120378791,1.21211221
1859,-0.749112285,0.614306045,-0.142140053,-0.170232203,-0.096791108,-0.307425762,-1.993150672,-1.414929824,-0.085740996,-0.120378791,1.21211221
1860,-0.749112285,0.614306045,-0.142140053,-0.170051358,-0.096791108,-0.307425762,-1.993150672,-1.414929824,-0.085740996,-0.120378791,1.21211221
1861,-0.749112285,0.614306045,-0.142140053,-0.169870513,-0.096791108,-0.307425762,-1.993150672,-1.414929824,-0.085740996,-0.120378791,1.21211221
1862,-0.749112285,0.614306045,-0.142140053,-0.169689669,-0.096791108,-0.307425762,-1.993150672,-1.414929824,-0.085740996,-0.120378791,1.21211221
1863,-0.749112285,0.614306045,-0.142140053,-0.169508824,-0.096791108,-0.307425762,-1.993150672,-1.414929824,-0.085740996,-0.120378791,1.21211221
1864,-0.611512012,0.614306045,-0.142140053,-0.169327979,-0.096791108,-0.307425762,-1.993150672,-1.414929824,-0.085740996,-0.141224304,-0.804030394
1865,-0.611512012,0.614306045,-0.142140053,-0.169147135,-0.096791108,-0.307425762,-1.993150672,-1.414929824,-0.085740996,-0.141224304,-0.804030394
1866,-0.611512012,0.614306045,-0.142140053,-0.16896629,-0.096791108,-0.307425762,-1.993150672,-1.414929824,-0.085740996,-0.141224304,-0.804030394
1867,-0.611512012,-1.627853101,7.035314646,-0.181082882,-0.096791108,-0.307425762,-1.993150672,-1.414929824,-1.731684679,-0.141224304,-0.804030394
1868,-0.611512012,-1.627853101,-0.142140053,-0.180902037,-0.096791108,-0.307425762,-1.993150672,-1.414929824,-1.731684679,-0.141224304,-0.804030394
1869,-0.611512012,-1.627853101,-0.142140053,-0.180721192,-0.096791108,-0.307425762,-1.993150672,-1.414929824,-1.731684679,-0.141224304,-0.804030394
1870,-2.125115018,-1.627853101,-0.142140053,-0.180540348,-0.096791108,-0.307425762,-1.993150672,-1.414929824,-1.731684679,3.214156532,-0.786329294
1871,-2.125115018,-1.627853101,-0.142140053,-0.180359503,-0.096791108,-0.307425762,-1.993150672,-1.414929824,-1.731684679,3.214156532,-0.786329294
1872,-2.125115018,-1.627853101,-0.142140053,-0.180178658,-0.096791108,-0.307425762,-1.993150672,-1.414929824,-1.731684679,3.214156532,-0.786329294
1873,-2.125115018,-1.627853101,-0.142140053,-0.179997814,-0.096791108,-0.307425762,-1.993150672,-1.414929824,-1.731684679,3.214156532,-0.786329294
1874,-2.125115018,-1.627853101,-0.142140053,-0.179816969,-0.096791108,-0.307425762,-1.993150672,-1.414929824,-1.731684679,3.214156532,-0.786329294
1875,-2.125115018,-1.627853101,-0.142140053,-0.179636124,-0.096791108,-0.307425762,-1.993150672,-1.414929824,-1.731684679,3.214156532,-0.786329294
1876,-2.125115018,-1.627853101,-0.142140053,-0.17945528,-0.096791108,-0.307425762,-1.993150672,-1.414929824,-1.731684679,3.214156532,-0.786329294
1877,-2.125115018,-1.627853101,-0.142140053,-0.179274435,-0.096791108,-0.307425762,-1.993150672,-1.414929824,-1.731684679,3.214156532,-0.786329294
1878,-2.125115018,-1.627853101,-0.142140053,-0.17909359,-0.096791108,-0.307425762,-1.993150672,-1.414929824,-1.731684679,3.214156532,-0.786329294
1879,-2.125115018,-1.627853101,-0.142140053,-0.178912746,-0.096791108,-0.307425762,-1.993150672,-1.414929824,-1.731684679,3.214156532,-0.786329294
1880,-2.125115018,-1.627853101,-0.142140053,-0.178731901,-0.096791108,-0.307425762,-1.993150672,-1.414929824,-1.731684679,3.214156532,-0.786329294
1881,-2.125115018,0.614306045,7.035314646,-0.181082882,-0.096791108,-0.288633015,-1.993150672,-1.414929824,-0.085740996,3.214156532,-0.786329294
1882,-2.125115018,0.614306045,-0.142140053,-0.180902037,-0.096791108,-0.288633015,-1.993150672,-1.414929824,-0.085740996,3.214156532,-0.786329294
1883,-2.125115018,0.614306045,-0.142140053,-0.180721192,-0.096791108,-0.288633015,-1.993150672,-1.414929824,-0.085740996,3.214156532,-0.786329294
1884,-2.125115018,0.614306045,-0.142140053,-0.180540348,-0.096791108,-0.288633015,-1.993150672,-1.414929824,-0.085740996,3.214156532,-0.786329294
1885,-2.125115018,0.614306045,-0.142140053,-0.180359503,-0.096791108,-0.288633015,-1.993150672,-1.414929824,-0.085740996,3.214156532,-0.786329294
1886,-1.987514745,0.614306045,-0.142140053,-0.180178658,-0.096791108,-0.288633015,-1.993150672,-1.414929824,-0.085740996,3.05253165,-1.059116976
1887,-1.987514745,0.614306045,-0.142140053,-0.179997814,-0.096791108,-0.288633015,-1.993150672,-1.414929824,-0.085740996,3.05253165,-1.059116976
1888,-1.987514745,0.614306045,-0.142140053,-0.179816969,-0.096791108,-0.288633015,-1.993150672,-1.414929824,-0.085740996,3.05253165,-1.059116976
1889,-1.987514745,0.614306045,-0.142140053,-0.179636124,-0.096791108,-0.288633015,-1.993150672,-1.414929824,-0.085740996,3.05253165,-1.059116976
1890,-1.987514745,0.614306045,-0.142140053,-0.17945528,-0.096791108,-0.288633015,-1.993150672,-1.414929824,-0.085740996,3.05253165,-1.059116976
1891,-1.987514745,0.614306045,-0.142140053,-0.179274435,-0.096791108,-0.288633015,-1.993150672,-1.414929824,-0.085740996,3.05253165,-1.059116976
1892,-1.849914471,0.614306045,-0.142140053,-0.17909359,-0.096791108,-0.288633015,-1.993150672,-1.414929824,-0.085740996,2.640927919,0.565173491
1893,-1.849914471,0.614306045,-0.142140053,-0.178912746,-0.096791108,-0.288633015,-1.993150672,-1.414929824,-0.085740996,2.640927919,0.565173491
1894,-1.849914471,0.614306045,-0.142140053,-0.178731901,-0.096791108,-0.288633015,-1.993150672,-1.414929824,-0.085740996,2.640927919,0.565173491
1895,-1.849914471,0.614306045,-0.142140053,-0.178551056,-0.096791108,-0.288633015,-1.993150672,-1.414929824,-0.085740996,2.640927919,0.565173491
1896,-1.849914471,0.614306045,-0.142140053,-0.178370212,-0.096791108,-0.288633015,-1.993150672,-1.414929824,-0.085740996,2.640927919,0.565173491
1897,-1.849914471,0.614306045,-0.142140053,-0.178189367,-0.096791108,-0.288633015,-1.993150672,-1.414929824,-0.085740996,2.640927919,0.565173491
1898,-1.712314198,0.614306045,-0.142140053,-0.178008523,-0.096791108,-0.288633015,-1.993150672,-1.414929824,-0.085740996,1.926914244,1.433251598
1899,-1.712314198,0.614306045,-0.142140053,-0.177827678,-0.096791108,-0.288633015,-1.993150672,-1.414929824,-0.085740996,1.926914244,1.433251598
1900,-1.712314198,0.614306045,-0.142140053,-0.177646833,-0.096791108,-0.288633015,-1.993150672,-1.414929824,-0.085740996,1.926914244,1.433251598
1901,-1.712314198,0.614306045,-0.142140053,-0.177465989,-0.096791108,-0.288633015,-1.993150672,-1.414929824,-0.085740996,1.926914244,1.433251598
1902,-1.712314198,0.614306045,-0.142140053,-0.177285144,-0.096791108,-0.288633015,-1.993150672,-1.414929824,-0.085740996,1.926914244,1.433251598
1903,-1.712314198,0.614306045,-0.142140053,-0.177104299,-0.096791108,-0.288633015,-1.993150672,-1.414929824,-0.085740996,1.926914244,1.433251598
1904,-1.574713925,0.614306045,-0.142140053,-0.176923455,-0.096791108,-0.288633015,-1.993150672,-1.414929824,-0.085740996,1.849648102,-0.158675159
1905,-1.574713925,0.614306045,-0.142140053,-0.17674261,-0.096791108,-0.288633015,-1.993150672,-1.414929824,-0.085740996,1.849648102,-0.158675159
1906,-1.574713925,0.614306045,-0.142140053,-0.176561765,-0.096791108,-0.288633015,-1.993150672,-1.414929824,-0.085740996,1.849648102,-0.158675159
1907,-1.574713925,0.614306045,-0.142140053,-0.176380921,-0.096791108,-0.288633015,-1.993150672,-1.414929824,-0.085740996,1.849648102,-0.158675159
1908,-1.574713925,0.614306045,-0.142140053,-0.176200076,-0.096791108,-0.288633015,-1.993150672,-1.414929824,-0.085740996,1.849648102,-0.158675159
1909,-1.574713925,0.614306045,-0.142140053,-0.176019231,-0.096791108,-0.288633015,-1.993150672,-1.414929824,-0.085740996,1.849648102,-0.158675159
1910,-1.437113651,0.614306045,-0.142140053,-0.175838387,-0.096791108,-0.288633015,-1.993150672,-1.414929824,-0.085740996,1.088790164,-2.108568903
1911,-1.437113651,0.614306045,-0.142140053,-0.175657542,-0.096791108,-0.288633015,-1.993150672,-1.414929824,-0.085740996,1.088790164,-2.108568903
1912,-1.437113651,0.614306045,-0.142140053,-0.175476697,-0.096791108,-0.288633015,-1.993150672,-1.414929824,-0.085740996,1.088790164,-2.108568903
1913,-1.437113651,0.614306045,-0.142140053,-0.175295853,-0.096791108,-0.288633015,-1.993150672,-1.414929824,-0.085740996,1.088790164,-2.108568903
1914,-1.437113651,0.614306045,-0.142140053,-0.175115008,-0.096791108,-0.288633015,-1.993150672,-1.414929824,-0.085740996,1.088790164,-2.108568903
1915,-1.437113651,0.614306045,-0.142140053,-0.174934164,-0.096791108,-0.288633015,-1.993150672,-1.414929824,-0.085740996,1.088790164,-2.108568903
1916,-1.299513378,0.614306045,-0.142140053,-0.174753319,-0.096791108,-0.288633015,-1.993150672,-1.414929824,-0.085740996,0.900403138,0.776703805
1917,-1.299513378,0.614306045,-0.142140053,-0.174572474,-0.096791108,-0.288633015,-1.993150672,-1.414929824,-0.085740996,0.900403138,0.776703805
1918,-1.299513378,0.614306045,-0.142140053,-0.17439163,-0.096791108,-0.288633015,-1.993150672,-1.414929824,-0.085740996,0.900403138,0.776703805
1919,-1.299513378,0.614306045,-0.142140053,-0.174210785,-0.096791108,-0.288633015,-1.993150672,-1.414929824,-0.085740996,0.900403138,0.776703805
1920,-1.299513378,0.614306045,-0.142140053,-0.17402994,-0.096791108,-0.288633015,-1.993150672,-1.414929824,-0.085740996,0.900403138,0.776703805
1921,-1.299513378,0.614306045,-0.142140053,-0.173849096,-0.096791108,-0.288633015,-1.993150672,-1.414929824,-0.085740996,0.900403138,0.776703805
1922,-1.161913105,0.614306045,-0.142140053,-0.173668251,-0.096791108,-0.288633015,-1.993150672,-1.414929824,-0.085740996,0.579662106,0.804610257
1923,-1.161913105,0.614306045,-0.142140053,-0.173487406,-0.096791108,-0.288633015,-1.993150672,-1.414929824,-0.085740996,0.579662106,0.804610257
1924,-1.161913105,0.614306045,-0.142140053,-0.173306562,-0.096791108,-0.288633015,-1.993150672,-1.414929824,-0.085740996,0.579662106,0.804610257
1925,-1.161913105,0.614306045,-0.142140053,-0.173125717,-0.096791108,-0.288633015,-1.993150672,-1.414929824,-0.085740996,0.579662106,0.804610257
1926,-1.161913105,0.614306045,-0.142140053,-0.172944872,-0.096791108,-0.288633015,-1.993150672,-1.414929824,-0.085740996,0.579662106,0.804610257
1927,-1.161913105,0.614306045,-0.142140053,-0.172764028,-0.096791108,-0.288633015,-1.993150672,-1.414929824,-0.085740996,0.579662106,0.804610257
1928,-1.024312832,0.614306045,-0.142140053,-0.172583183,-0.096791108,-0.288633015,-1.993150672,-1.414929824,-0.085740996,0.453916295,-1.000632353
1929,-1.024312832,0.614306045,-0.142140053,-0.172402338,-0.096791108,-0.288633015,-1.993150672,-1.414929824,-0.085740996,0.453916295,-1.000632353
1930,-1.024312832,0.614306045,-0.142140053,-0.172221494,-0.096791108,-0.288633015,-1.993150672,-1.414929824,-0.085740996,0.453916295,-1.000632353
1931,-1.024312832,0.614306045,-0.142140053,-0.172040649,-0.096791108,-0.288633015,-1.993150672,-1.414929824,-0.085740996,0.453916295,-1.000632353
1932,-1.024312832,0.614306045,-0.142140053,-0.171859804,-0.096791108,-0.288633015,-1.993150672,-1.414929824,-0.085740996,0.453916295,-1.000632353
1933,-1.024312832,0.614306045,-0.142140053,-0.17167896,-0.096791108,-0.288633015,-1.993150672,-1.414929824,-0.085740996,0.453916295,-1.000632353
1934,-0.886712558,0.614306045,-0.142140053,-0.171498115,-0.096791108,-0.288633015,-1.993150672,-1.414929824,-0.085740996,0.024554351,0.03805528
1935,-0.886712558,0.614306045,-0.142140053,-0.171317271,-0.096791108,-0.288633015,-1.993150672,-1.414929824,-0.085740996,0.024554351,0.03805528
1936,-0.886712558,0.614306045,-0.142140053,-0.171136426,-0.096791108,-0.288633015,-1.993150672,-1.414929824,-0.085740996,0.024554351,0.03805528
1937,-0.886712558,0.614306045,-0.142140053,-0.170955581,-0.096791108,-0.288633015,-1.993150672,-1.414929824,-0.085740996,0.024554351,0.03805528
1938,-0.886712558,0.614306045,-0.142140053,-0.170774737,-0.096791108,-0.288633015,-1.993150672,-1.414929824,-0.085740996,0.024554351,0.03805528
1939,-0.886712558,0.614306045,-0.142140053,-0.170593892,-0.096791108,-0.288633015,-1.993150672,-1.414929824,-0.085740996,0.024554351,0.03805528
1940,-0.749112285,0.614306045,-0.142140053,-0.170413047,-0.096791108,-0.288633015,-1.993150672,-1.414929824,-0.085740996,-0.120378791,1.21211221
1941,-0.749112285,0.614306045,-0.142140053,-0.170232203,-0.096791108,-0.288633015,-1.993150672,-1.414929824,-0.085740996,-0.120378791,1.21211221
1942,-0.749112285,0.614306045,-0.142140053,-0.170051358,-0.096791108,-0.288633015,-1.993150672,-1.414929824,-0.085740996,-0.120378791,1.21211221
1943,-0.749112285,0.614306045,-0.142140053,-0.169870513,-0.096791108,-0.288633015,-1.993150672,-1.414929824,-0.085740996,-0.120378791,1.21211221
1944,-0.749112285,0.614306045,-0.142140053,-0.169689669,-0.096791108,-0.288633015,-1.993150672,-1.414929824,-0.085740996,-0.120378791,1.21211221
1945,-0.749112285,0.614306045,-0.142140053,-0.169508824,-0.096791108,-0.288633015,-1.993150672,-1.414929824,-0.085740996,-0.120378791,1.21211221
1946,-0.611512012,0.614306045,-0.142140053,-0.169327979,-0.096791108,-0.288633015,-1.993150672,-1.414929824,-0.085740996,-0.141224304,-0.804030394
1947,-0.611512012,0.614306045,-0.142140053,-0.169147135,-0.096791108,-0.288633015,-1.993150672,-1.414929824,-0.085740996,-0.141224304,-0.804030394
1948,-0.611512012,0.614306045,-0.142140053,-0.16896629,-0.096791108,-0.288633015,-1.993150672,-1.414929824,-0.085740996,-0.141224304,-0.804030394
1949,-0.611512012,0.614306045,-0.142140053,-0.168785445,-0.096791108,-0.288633015,-1.993150672,-1.414929824,-0.085740996,-0.141224304,-0.804030394
1950,-0.611512012,0.614306045,-0.142140053,-0.168604601,-0.096791108,-0.288633015,-1.993150672,-1.414929824,-0.085740996,-0.141224304,-0.804030394
1951,-0.611512012,-1.627853101,7.035314646,-0.181082882,-0.096375011,-0.288633015,-1.993150672,-1.414929824,-1.731684679,-0.141224304,-0.804030394
1952,-0.611512012,-1.627853101,-0.142140053,-0.180902037,-0.096375011,-0.288633015,-1.993150672,-1.414929824,-1.731684679,-0.141224304,-0.804030394
1953,-0.611512012,-1.627853101,-0.142140053,-0.180721192,-0.096375011,-0.288633015,-1.993150672,-1.414929824,-1.731684679,-0.141224304,-0.804030394
1954,-2.125115018,-1.627853101,-0.142140053,-0.180540348,-0.096375011,-0.288633015,-1.993150672,-1.414929824,-1.731684679,3.214156532,-0.786329294
1955,-2.125115018,-1.627853101,-0.142140053,-0.180359503,-0.096375011,-0.288633015,-1.993150672,-1.414929824,-1.731684679,3.214156532,-0.786329294
1956,-2.125115018,-1.627853101,-0.142140053,-0.180178658,-0.096375011,-0.288633015,-1.993150672,-1.414929824,-1.731684679,3.214156532,-0.786329294
1957,-2.125115018,-1.627853101,-0.142140053,-0.179997814,-0.096375011,-0.288633015,-1.993150672,-1.414929824,-1.731684679,3.214156532,-0.786329294
1958,-2.125115018,-1.627853101,-0.142140053,-0.179816969,-0.096375011,-0.288633015,-1.993150672,-1.414929824,-1.731684679,3.214156532,-0.786329294
1959,-2.125115018,-1.627853101,-0.142140053,-0.179636124,-0.096375011,-0.288633015,-1.993150672,-1.414929824,-1.731684679,3.214156532,-0.786329294
1960,-2.125115018,-1.627853101,-0.142140053,-0.17945528,-0.096375011,-0.288633015,-1.993150672,-1.414929824,-1.731684679,3.214156532,-0.786329294
1961,-2.125115018,-1.627853101,-0.142140053,-0.179274435,-0.096375011,-0.288633015,-1.993150672,-1.414929824,-1.731684679,3.214156532,-0.786329294
1962,-2.125115018,-1.627853101,-0.142140053,-0.17909359,-0.096375011,-0.288633015,-1.993150672,-1.414929824,-1.731684679,3.214156532,-0.786329294
1963,-2.125115018,-1.627853101,-0.142140053,-0.178912746,-0.096375011,-0.288633015,-1.993150672,-1.414929824,-1.731684679,3.214156532,-0.786329294
1964,-2.125115018,0.614306045,7.035314646,-0.181082882,-0.096375011,-0.307674499,-1.993150672,-1.414929824,-0.085740996,3.214156532,-0.786329294
1965,-2.125115018,0.614306045,-0.142140053,-0.180902037,-0.096375011,-0.307674499,-1.993150672,-1.414929824,-0.085740996,3.214156532,-0.786329294
1966,-2.125115018,0.614306045,-0.142140053,-0.180721192,-0.096375011,-0.307674499,-1.993150672,-1.414929824,-0.085740996,3.214156532,-0.786329294
1967,-2.125115018,0.614306045,-0.142140053,-0.180540348,-0.096375011,-0.307674499,-1.993150672,-1.414929824,-0.085740996,3.214156532,-0.786329294
1968,-2.125115018,0.614306045,-0.142140053,-0.180359503,-0.096375011,-0.307674499,-1.993150672,-1.414929824,-0.085740996,3.214156532,-0.786329294
1969,-1.987514745,0.614306045,-0.142140053,-0.180178658,-0.096375011,-0.307674499,-1.993150672,-1.414929824,-0.085740996,3.05253165,-1.059116976
1970,-1.987514745,0.614306045,-0.142140053,-0.179997814,-0.096375011,-0.307674499,-1.993150672,-1.414929824,-0.085740996,3.05253165,-1.059116976
1971,-1.987514745,0.614306045,-0.142140053,-0.179816969,-0.096375011,-0.307674499,-1.993150672,-1.414929824,-0.085740996,3.05253165,-1.059116976
1972,-1.987514745,0.614306045,-0.142140053,-0.179636124,-0.096375011,-0.307674499,-1.993150672,-1.414929824,-0.085740996,3.05253165,-1.059116976
1973,-1.987514745,0.614306045,-0.142140053,-0.17945528,-0.096375011,-0.307674499,-1.993150672,-1.414929824,-0.085740996,3.05253165,-1.059116976
1974,-1.987514745,0.614306045,-0.142140053,-0.179274435,-0.096375011,-0.307674499,-1.993150672,-1.414929824,-0.085740996,3.05253165,-1.059116976
1975,-1.849914471,0.614306045,-0.142140053,-0.17909359,-0.096375011,-0.307674499,-1.993150672,-1.414929824,-0.085740996,2.640927919,0.565173491
1976,-1.849914471,0.614306045,-0.142140053,-0.178912746,-0.096375011,-0.307674499,-1.993150672,-1.414929824,-0.085740996,2.640927919,0.565173491
1977,-1.849914471,0.614306045,-0.142140053,-0.178731901,-0.096375011,-0.307674499,-1.993150672,-1.414929824,-0.085740996,2.640927919,0.565173491
1978,-1.849914471,0.614306045,-0.142140053,-0.178551056,-0.096375011,-0.307674499,-1.993150672,-1.414929824,-0.085740996,2.640927919,0.565173491
1979,-1.849914471,0.614306045,-0.142140053,-0.178370212,-0.096375011,-0.307674499,-1.993150672,-1.414929824,-0.085740996,2.640927919,0.565173491
1980,-1.849914471,0.614306045,-0.142140053,-0.178189367,-0.096375011,-0.307674499,-1.993150672,-1.414929824,-0.085740996,2.640927919,0.565173491
1981,-1.712314198,0.614306045,-0.142140053,-0.178008523,-0.096375011,-0.307674499,-1.993150672,-1.414929824,-0.085740996,1.926914244,1.433251598
1982,-1.712314198,0.614306045,-0.142140053,-0.177827678,-0.096375011,-0.307674499,-1.993150672,-1.414929824,-0.085740996,1.926914244,1.433251598
1983,-1.712314198,0.614306045,-0.142140053,-0.177646833,-0.096375011,-0.307674499,-1.993150672,-1.414929824,-0.085740996,1.926914244,1.433251598
1984,-1.712314198,0.614306045,-0.142140053,-0.177465989,-0.096375011,-0.307674499,-1.993150672,-1.414929824,-0.085740996,1.926914244,1.433251598
1985,-1.712314198,0.614306045,-0.142140053,-0.177285144,-0.096375011,-0.307674499,-1.993150672,-1.414929824,-0.085740996,1.926914244,1.433251598
1986,-1.712314198,0.614306045,-0.142140053,-0.177104299,-0.096375011,-0.307674499,-1.993150672,-1.414929824,-0.085740996,1.926914244,1.433251598
1987,-1.574713925,0.614306045,-0.142140053,-0.176923455,-0.096375011,-0.307674499,-1.993150672,-1.414929824,-0.085740996,1.849648102,-0.158675159
1988,-1.574713925,0.614306045,-0.142140053,-0.17674261,-0.096375011,-0.307674499,-1.993150672,-1.414929824,-0.085740996,1.849648102,-0.158675159
1989,-1.574713925,0.614306045,-0.142140053,-0.176561765,-0.096375011,-0.307674499,-1.993150672,-1.414929824,-0.085740996,1.849648102,-0.158675159
1990,-1.574713925,0.614306045,-0.142140053,-0.176380921,-0.096375011,-0.307674499,-1.993150672,-1.414929824,-0.085740996,1.849648102,-0.158675159
1991,-1.574713925,0.614306045,-0.142140053,-0.176200076,-0.096375011,-0.307674499,-1.993150672,-1.414929824,-0.085740996,1.849648102,-0.158675159
1992,-1.574713925,0.614306045,-0.142140053,-0.176019231,-0.096375011,-0.307674499,-1.993150672,-1.414929824,-0.085740996,1.849648102,-0.158675159
1993,-1.437113651,0.614306045,-0.142140053,-0.175838387,-0.096375011,-0.307674499,-1.993150672,-1.414929824,-0.085740996,1.088790164,-2.108568903
1994,-1.437113651,0.614306045,-0.142140053,-0.175657542,-0.096375011,-0.307674499,-1.993150672,-1.414929824,-0.085740996,1.088790164,-2.108568903
1995,-1.437113651,0.614306045,-0.142140053,-0.175476697,-0.096375011,-0.307674499,-1.993150672,-1.414929824,-0.085740996,1.088790164,-2.108568903
1996,-1.437113651,0.614306045,-0.142140053,-0.175295853,-0.096375011,-0.307674499,-1.993150672,-1.414929824,-0.085740996,1.088790164,-2.108568903
1997,-1.437113651,0.614306045,-0.142140053,-0.175115008,-0.096375011,-0.307674499,-1.993150672,-1.414929824,-0.085740996,1.088790164,-2.108568903
1998,-1.437113651,0.614306045,-0.142140053,-0.174934164,-0.096375011,-0.307674499,-1.993150672,-1.414929824,-0.085740996,1.088790164,-2.108568903
1999,-1.299513378,0.614306045,-0.142140053,-0.174753319,-0.096375011,-0.307674499,-1.993150672,-1.414929824,-0.085740996,0.900403138,0.776703805
2000,-1.299513378,0.614306045,-0.142140053,-0.174572474,-0.096375011,-0.307674499,-1.993150672,-1.414929824,-0.085740996,0.900403138,0.776703805
2001,-1.299513378,0.614306045,-0.142140053,-0.17439163,-0.096375011,-0.307674499,-1.993150672,-1.414929824,-0.085740996,0.900403138,0.776703805
2002,-1.299513378,0.614306045,-0.142140053,-0.174210785,-0.096375011,-0.307674499,-1.993150672,-1.414929824,-0.085740996,0.900403138,0.776703805
2003,-1.299513378,0.614306045,-0.142140053,-0.17402994,-0.096375011,-0.307674499,-1.993150672,-1.414929824,-0.085740996,0.900403138,0.776703805
2004,-1.299513378,0.614306045,-0.142140053,-0.173849096,-0.096375011,-0.307674499,-1.993150672,-1.414929824,-0.085740996,0.900403138,0.776703805
2005,-1.161913105,0.614306045,-0.142140053,-0.173668251,-0.096375011,-0.307674499,-1.993150672,-1.414929824,-0.085740996,0.579662106,0.804610257
2006,-1.161913105,0.614306045,-0.142140053,-0.173487406,-0.096375011,-0.307674499,-1.993150672,-1.414929824,-0.085740996,0.579662106,0.804610257
2007,-1.161913105,0.614306045,-0.142140053,-0.173306562,-0.096375011,-0.307674499,-1.993150672,-1.414929824,-0.085740996,0.579662106,0.804610257
2008,-1.161913105,-1.627853101,7.035314646,-0.181082882,-0.101809514,-0.307674499,-2.683150282,-1.414929824,-1.731684679,0.579662106,0.804610257
2009,-1.161913105,-1.627853101,-0.142140053,-0.180902037,-0.101809514,-0.307674499,-2.683150282,-1.414929824,-0.085740996,0.579662106,0.804610257
2010,-1.161913105,-1.627853101,-0.142140053,-0.180721192,-0.101809514,-0.307674499,-2.683150282,-1.414929824,-0.085740996,0.579662106,0.804610257
2011,-1.161913105,-1.627853101,-0.142140053,-0.180540348,-0.101809514,-0.307674499,-2.683150282,-1.414929824,-0.085740996,0.579662106,0.804610257
2012,-1.161913105,-1.627853101,-0.142140053,-0.180359503,-0.101809514,-0.307674499,-2.683150282,-1.414929824,-0.085740996,0.579662106,0.804610257
2013,-2.125115018,-1.627853101,-0.142140053,-0.180178658,-0.101809514,-0.307674499,-2.683150282,-1.414929824,-0.085740996,3.214156532,-0.786329294
2014,-2.125115018,-1.627853101,-0.142140053,-0.179997814,-0.101809514,-0.307674499,-2.683150282,-1.414929824,-0.085740996,3.214156532,-0.786329294
2015,-2.125115018,-1.627853101,-0.142140053,-0.179816969,-0.101809514,-0.307674499,-2.683150282,-1.414929824,-0.085740996,3.214156532,-0.786329294
2016,-2.125115018,-1.627853101,-0.142140053,-0.179636124,-0.101809514,-0.307674499,-2.683150282,-1.414929824,-0.085740996,3.214156532,-0.786329294
2017,-2.125115018,-1.627853101,-0.142140053,-0.17945528,-0.101809514,-0.307674499,-2.683150282,-1.414929824,-0.085740996,3.214156532,-0.786329294
2018,-2.125115018,-1.627853101,-0.142140053,-0.179274435,-0.101809514,-0.307674499,-2.683150282,-1.414929824,-0.085740996,3.214156532,-0.786329294
2019,-2.125115018,-1.627853101,-0.142140053,-0.17909359,-0.101809514,-0.307674499,-2.683150282,-1.414929824,-0.085740996,3.214156532,-0.786329294
2020,-2.125115018,-1.627853101,-0.142140053,-0.178912746,-0.101809514,-0.307674499,-2.683150282,-1.414929824,-0.085740996,3.214156532,-0.786329294
2021,-2.125115018,-1.627853101,-0.142140053,-0.178731901,-0.101809514,-0.307674499,-2.683150282,-1.414929824,-0.085740996,3.214156532,-0.786329294
2022,-2.125115018,-1.627853101,-0.142140053,-0.178551056,-0.101809514,-0.307674499,-2.683150282,-1.414929824,-0.085740996,3.214156532,-0.786329294
2023,-2.125115018,-1.627853101,-0.142140053,-0.178370212,-0.101809514,-0.307674499,-2.683150282,-1.414929824,-0.085740996,3.214156532,-0.786329294
2024,-2.125115018,-1.627853101,-0.142140053,-0.178189367,-0.101809514,-0.307674499,-2.683150282,-1.414929824,-0.085740996,3.214156532,-0.786329294
2025,-2.125115018,-1.627853101,-0.142140053,-0.178008523,-0.101809514,-0.307674499,-2.683150282,-1.414929824,-0.085740996,3.214156532,-0.786329294
2026,-2.125115018,-1.627853101,-0.142140053,-0.177827678,-0.101809514,-0.307674499,-2.683150282,-1.414929824,-0.085740996,3.214156532,-0.786329294
2027,-2.125115018,-1.627853101,-0.142140053,-0.177646833,-0.101809514,-0.307674499,-2.683150282,-1.414929824,-0.085740996,3.214156532,-0.786329294
2028,-2.125115018,-1.627853101,-0.142140053,-0.177465989,-0.101809514,-0.307674499,-2.683150282,-1.414929824,-0.085740996,3.214156532,-0.786329294
2029,-2.125115018,-1.627853101,-0.142140053,-0.177285144,-0.101809514,-0.307674499,-2.683150282,-1.414929824,-0.085740996,3.214156532,-0.786329294
2030,-2.125115018,-1.627853101,-0.142140053,-0.177104299,-0.101809514,-0.307674499,-2.683150282,-1.414929824,-0.085740996,3.214156532,-0.786329294
2031,-2.125115018,-1.627853101,-0.142140053,-0.176923455,-0.101809514,-0.307674499,-2.683150282,-1.414929824,-0.085740996,3.214156532,-0.786329294
2032,-2.125115018,-1.627853101,-0.142140053,-0.17674261,-0.101809514,-0.307674499,-2.683150282,-1.414929824,-0.085740996,3.214156532,-0.786329294
2033,-2.125115018,-1.627853101,-0.142140053,-0.176561765,-0.101809514,-0.307674499,-2.683150282,-1.414929824,-0.085740996,3.214156532,-0.786329294
2034,-2.125115018,-1.627853101,-0.142140053,-0.176380921,-0.101809514,-0.307674499,-2.683150282,-1.414929824,-0.085740996,3.214156532,-0.786329294
2035,-2.125115018,-1.627853101,-0.142140053,-0.176200076,-0.101809514,-0.307674499,-2.683150282,-1.414929824,-0.085740996,3.214156532,-0.786329294
2036,-2.125115018,-1.627853101,-0.142140053,-0.176019231,-0.101809514,-0.307674499,-2.683150282,-1.414929824,-0.085740996,3.214156532,-0.786329294
2037,-2.125115018,-1.627853101,-0.142140053,-0.175838387,-0.101809514,-0.307674499,-2.683150282,-1.414929824,-0.085740996,3.214156532,-0.786329294
2038,-2.125115018,-1.627853101,-0.142140053,-0.175657542,-0.101809514,-0.307674499,-2.683150282,-1.414929824,-0.085740996,3.214156532,-0.786329294
2039,-2.125115018,-1.627853101,-0.142140053,-0.175476697,-0.101809514,-0.307674499,-2.683150282,-1.414929824,-0.085740996,3.214156532,-0.786329294
2040,-2.125115018,-1.627853101,-0.142140053,-0.175295853,-0.101809514,-0.307674499,-2.683150282,-1.414929824,-0.085740996,3.214156532,-0.786329294
2041,-2.125115018,-1.627853101,-0.142140053,-0.175115008,-0.101809514,-0.307674499,-2.683150282,-1.414929824,-0.085740996,3.214156532,-0.786329294
2042,-2.125115018,-1.627853101,-0.142140053,-0.174934164,-0.101809514,-0.307674499,-2.683150282,-1.414929824,-0.085740996,3.214156532,-0.786329294
2043,-2.125115018,-1.627853101,-0.142140053,-0.174753319,-0.101809514,-0.307674499,-2.683150282,-1.414929824,-0.085740996,3.214156532,-0.786329294
2044,-2.125115018,-1.627853101,-0.142140053,-0.174572474,-0.101809514,-0.307674499,-2.683150282,-1.414929824,-0.085740996,3.214156532,-0.786329294
2045,-2.125115018,-1.627853101,-0.142140053,-0.17439163,-0.101809514,-0.307674499,-2.683150282,-1.414929824,-0.085740996,3.214156532,-0.786329294
2046,-2.125115018,-1.627853101,-0.142140053,-0.174210785,-0.101809514,-0.307674499,-2.683150282,-1.414929824,-0.085740996,3.214156532,-0.786329294
2047,-2.125115018,-1.627853101,-0.142140053,-0.17402994,-0.101809514,-0.307674499,-2.683150282,-1.414929824,-0.085740996,3.214156532,-0.786329294
2048,-2.125115018,-1.627853101,-0.142140053,-0.173849096,-0.101809514,-0.307674499,-2.683150282,-1.414929824,-0.085740996,3.214156532,-0.786329294
2049,-2.125115018,-1.627853101,-0.142140053,-0.173668251,-0.101809514,-0.307674499,-2.683150282,-1.414929824,-0.085740996,3.214156532,-0.786329294
2050,-2.125115018,-1.627853101,-0.142140053,-0.173487406,-0.101809514,-0.307674499,-2.683150282,-1.414929824,-0.085740996,3.214156532,-0.786329294
2051,-2.125115018,-1.627853101,-0.142140053,-0.173306562,-0.101809514,-0.307674499,-2.683150282,-1.414929824,-0.085740996,3.214156532,-0.786329294
2052,-2.125115018,-1.627853101,-0.142140053,-0.173125717,-0.101809514,-0.307674499,-2.683150282,-1.414929824,-0.085740996,3.214156532,-0.786329294
2053,-2.125115018,-1.627853101,-0.142140053,-0.172944872,-0.101809514,-0.307674499,-2.683150282,-1.414929824,-0.085740996,3.214156532,-0.786329294
2054,-2.125115018,-1.627853101,-0.142140053,-0.172764028,-0.101809514,-0.307674499,-2.683150282,-1.414929824,-0.085740996,3.214156532,-0.786329294
2055,-2.125115018,-1.627853101,-0.142140053,-0.172583183,-0.101809514,-0.307674499,-2.683150282,-1.414929824,-0.085740996,3.214156532,-0.786329294
2056,-2.125115018,-1.627853101,-0.142140053,-0.172402338,-0.101809514,-0.307674499,-2.683150282,-1.414929824,-0.085740996,3.214156532,-0.786329294
2057,-2.125115018,-1.627853101,-0.142140053,-0.172221494,-0.101809514,-0.307674499,-2.683150282,-1.414929824,-0.085740996,3.214156532,-0.786329294
2058,-2.125115018,-1.627853101,-0.142140053,-0.172040649,-0.101809514,-0.307674499,-2.683150282,-1.414929824,-0.085740996,3.214156532,-0.786329294
2059,-2.125115018,-1.627853101,-0.142140053,-0.171859804,-0.101809514,-0.307674499,-2.683150282,-1.414929824,-0.085740996,3.214156532,-0.786329294
2060,-2.125115018,-1.627853101,-0.142140053,-0.17167896,-0.101809514,-0.307674499,-2.683150282,-1.414929824,-0.085740996,3.214156532,-0.786329294
2061,-2.125115018,-1.627853101,-0.142140053,-0.171498115,-0.101809514,-0.307674499,-2.683150282,-1.414929824,-0.085740996,3.214156532,-0.786329294
2062,-2.125115018,-1.627853101,-0.142140053,-0.171317271,-0.101809514,-0.307674499,-2.683150282,-1.414929824,-0.085740996,3.214156532,-0.786329294
2063,-2.125115018,-1.627853101,-0.142140053,-0.171136426,-0.101809514,-0.307674499,-2.683150282,-1.414929824,-0.085740996,3.214156532,-0.786329294
2064,-2.125115018,-1.627853101,-0.142140053,-0.170955581,-0.101809514,-0.307674499,-2.683150282,-1.414929824,-0.085740996,3.214156532,-0.786329294
2065,-2.125115018,-1.627853101,-0.142140053,-0.170774737,-0.101809514,-0.307674499,-2.683150282,-1.414929824,-0.085740996,3.214156532,-0.786329294
2066,-2.125115018,-1.627853101,-0.142140053,-0.170593892,-0.101809514,-0.307674499,-2.683150282,-1.414929824,-0.085740996,3.214156532,-0.786329294
2067,-2.125115018,-1.627853101,-0.142140053,-0.170413047,-0.101809514,-0.307674499,-2.683150282,-1.414929824,-0.085740996,3.214156532,-0.786329294
2068,-2.125115018,-1.627853101,-0.142140053,-0.170232203,-0.101809514,-0.307674499,-2.683150282,-1.414929824,-0.085740996,3.214156532,-0.786329294
2069,-2.125115018,-1.627853101,-0.142140053,-0.170051358,-0.101809514,-0.307674499,-2.683150282,-1.414929824,-0.085740996,3.214156532,-0.786329294
2070,-2.125115018,-1.627853101,-0.142140053,-0.169870513,-0.101809514,-0.307674499,-2.683150282,-1.414929824,-0.085740996,3.214156532,-0.786329294
2071,-2.125115018,-1.627853101,-0.142140053,-0.169689669,-0.101809514,-0.307674499,-2.683150282,-1.414929824,-0.085740996,3.214156532,-0.786329294
2072,-2.125115018,-1.627853101,-0.142140053,-0.169508824,-0.101809514,-0.307674499,-2.683150282,-1.414929824,-0.085740996,3.214156532,-0.786329294
2073,-2.125115018,-1.627853101,-0.142140053,-0.169327979,-0.101809514,-0.307674499,-2.683150282,-1.414929824,-0.085740996,3.214156532,-0.786329294
2074,-2.125115018,-1.627853101,-0.142140053,-0.169147135,-0.101809514,-0.307674499,-2.683150282,-1.414929824,-0.085740996,3.214156532,-0.786329294
2075,-2.125115018,-1.627853101,-0.142140053,-0.16896629,-0.101809514,-0.307674499,-2.683150282,-1.414929824,-0.085740996,3.214156532,-0.786329294
2076,-2.125115018,-1.627853101,-0.142140053,-0.168785445,-0.101809514,-0.307674499,-2.683150282,-1.414929824,-0.085740996,3.214156532,-0.786329294
2077,-2.125115018,-1.627853101,-0.142140053,-0.168604601,-0.101809514,-0.307674499,-2.683150282,-1.414929824,-0.085740996,3.214156532,-0.786329294
2078,-2.125115018,-1.627853101,-0.142140053,-0.168423756,-0.101809514,-0.307674499,-2.683150282,-1.414929824,-0.085740996,3.214156532,-0.786329294
2079,-2.125115018,-1.627853101,-0.142140053,-0.168242912,-0.101809514,-0.307674499,-2.683150282,-1.414929824,-0.085740996,3.214156532,-0.786329294
2080,-2.125115018,-1.627853101,-0.142140053,-0.168062067,-0.101809514,-0.307674499,-2.683150282,-1.414929824,-0.085740996,3.214156532,-0.786329294
2081,-2.125115018,-1.627853101,-0.142140053,-0.167881222,-0.101809514,-0.307674499,-2.683150282,-1.414929824,-0.085740996,3.214156532,-0.786329294
2082,-2.125115018,-1.627853101,-0.142140053,-0.167700378,-0.101809514,-0.307674499,-2.683150282,-1.414929824,-0.085740996,3.214156532,-0.786329294
2083,-2.125115018,-1.627853101,-0.142140053,-0.167519533,-0.101809514,-0.307674499,-2.683150282,-1.414929824,-0.085740996,3.214156532,-0.786329294
2084,-2.125115018,-1.627853101,-0.142140053,-0.167338688,-0.101809514,-0.307674499,-2.683150282,-1.414929824,-0.085740996,3.214156532,-0.786329294
2085,-2.125115018,-1.627853101,-0.142140053,-0.167157844,-0.101809514,-0.307674499,-2.683150282,-1.414929824,-0.085740996,3.214156532,-0.786329294
2086,-2.125115018,-1.627853101,-0.142140053,-0.166976999,-0.101809514,-0.307674499,-2.683150282,-1.414929824,-0.085740996,3.214156532,-0.786329294
2087,-2.125115018,-1.627853101,-0.142140053,-0.166796154,-0.101809514,-0.307674499,-2.683150282,-1.414929824,-0.085740996,3.214156532,-0.786329294
2088,-2.125115018,-1.627853101,-0.142140053,-0.16661531,-0.101809514,-0.307674499,-2.683150282,-1.414929824,-0.085740996,3.214156532,-0.786329294
2089,-2.125115018,-1.627853101,-0.142140053,-0.166434465,-0.101809514,-0.307674499,-2.683150282,-1.414929824,-0.085740996,3.214156532,-0.786329294
2090,-2.125115018,-1.627853101,-0.142140053,-0.16625362,-0.101809514,-0.307674499,-2.683150282,-1.414929824,-0.085740996,3.214156532,-0.786329294
2091,-2.125115018,-1.627853101,-0.142140053,-0.166072776,-0.101809514,-0.307674499,-2.683150282,-1.414929824,-0.085740996,3.214156532,-0.786329294
2092,-2.125115018,-1.627853101,-0.142140053,-0.165891931,-0.101809514,-0.307674499,-2.683150282,-1.414929824,-0.085740996,3.214156532,-0.786329294
2093,-2.125115018,-1.627853101,-0.142140053,-0.165711086,-0.101809514,-0.307674499,-2.683150282,-1.414929824,-0.085740996,3.214156532,-0.786329294
2094,-2.125115018,-1.627853101,-0.142140053,-0.165530242,-0.101809514,-0.307674499,-2.683150282,-1.414929824,-0.085740996,3.214156532,-0.786329294
2095,-2.125115018,-1.627853101,-0.142140053,-0.165349397,-0.101809514,-0.307674499,-2.683150282,-1.414929824,-0.085740996,3.214156532,-0.786329294
2096,-2.125115018,-1.627853101,-0.142140053,-0.165168553,-0.101809514,-0.307674499,-2.683150282,-1.414929824,-0.085740996,3.214156532,-0.786329294
2097,-2.125115018,-1.627853101,-0.142140053,-0.164987708,-0.101809514,-0.307674499,-2.683150282,-1.414929824,-0.085740996,3.214156532,-0.786329294
2098,-2.125115018,-1.627853101,-0.142140053,-0.164806863,-0.101809514,-0.307674499,-2.683150282,-1.414929824,-0.085740996,3.214156532,-0.786329294
2099,-2.125115018,-1.627853101,-0.142140053,-0.164626019,-0.101809514,-0.307674499,-2.683150282,-1.414929824,-0.085740996,3.214156532,-0.786329294
2100,-2.125115018,-1.627853101,-0.142140053,-0.164445174,-0.101809514,-0.307674499,-2.683150282,-1.414929824,-0.085740996,3.214156532,-0.786329294
2101,-2.125115018,-1.627853101,-0.142140053,-0.164264329,-0.101809514,-0.307674499,-2.683150282,-1.414929824,-0.085740996,3.214156532,-0.786329294
2102,-2.125115018,-1.627853101,-0.142140053,-0.164083485,-0.101809514,-0.307674499,-2.683150282,-1.414929824,-0.085740996,3.214156532,-0.786329294
2103,-2.125115018,-1.627853101,-0.142140053,-0.16390264,-0.101809514,-0.307674499,-2.683150282,-1.414929824,-0.085740996,3.214156532,-0.786329294
2104,-2.125115018,-1.627853101,-0.142140053,-0.163721795,-0.101809514,-0.307674499,-2.683150282,-1.414929824,-0.085740996,3.214156532,-0.786329294
2105,-2.125115018,-1.627853101,-0.142140053,-0.163540951,-0.101809514,-0.307674499,-2.683150282,-1.414929824,-0.085740996,3.214156532,-0.786329294
2106,-2.125115018,-1.627853101,-0.142140053,-0.163360106,-0.101809514,-0.307674499,-2.683150282,-1.414929824,-0.085740996,3.214156532,-0.786329294
2107,-2.125115018,-1.627853101,-0.142140053,-0.163179261,-0.101809514,-0.307674499,-2.683150282,-1.414929824,-0.085740996,3.214156532,-0.786329294
2108,-2.125115018,-1.627853101,-0.142140053,-0.162998417,-0.101809514,-0.307674499,-2.683150282,-1.414929824,-0.085740996,3.214156532,-0.786329294
2109,-2.125115018,-1.627853101,-0.142140053,-0.162817572,-0.101809514,-0.307674499,-2.683150282,-1.414929824,-0.085740996,3.214156532,-0.786329294
2110,-2.125115018,-1.627853101,-0.142140053,-0.162636727,-0.101809514,-0.307674499,-2.683150282,-1.414929824,-0.085740996,3.214156532,-0.786329294
2111,-2.125115018,-1.627853101,-0.142140053,-0.162455883,-0.101809514,-0.307674499,-2.683150282,-1.414929824,-0.085740996,3.214156532,-0.786329294
2112,-2.125115018,-1.627853101,-0.142140053,-0.162275038,-0.101809514,-0.307674499,-2.683150282,-1.414929824,-0.085740996,3.214156532,-0.786329294
2113,-2.125115018,-1.627853101,-0.142140053,-0.162094194,-0.101809514,-0.307674499,-2.683150282,-1.414929824,-0.085740996,3.214156532,-0.786329294
2114,-2.125115018,-1.627853101,-0.142140053,-0.161913349,-0.101809514,-0.307674499,-2.683150282,-1.414929824,-0.085740996,3.214156532,-0.786329294
2115,-2.125115018,-1.627853101,-0.142140053,-0.161732504,-0.101809514,-0.307674499,-2.683150282,-1.414929824,-0.085740996,3.214156532,-0.786329294
2116,-2.125115018,-1.627853101,-0.142140053,-0.16155166,-0.101809514,-0.307674499,-2.683150282,-1.414929824,-0.085740996,3.214156532,-0.786329294
2117,-2.125115018,-1.627853101,-0.142140053,-0.161370815,-0.101809514,-0.307674499,-2.683150282,-1.414929824,-0.085740996,3.214156532,-0.786329294
2118,-2.125115018,-1.627853101,-0.142140053,-0.16118997,-0.101809514,-0.307674499,-2.683150282,-1.414929824,-0.085740996,3.214156532,-0.786329294
2119,-2.125115018,-1.627853101,-0.142140053,-0.161009126,-0.101809514,-0.307674499,-2.683150282,-1.414929824,-0.085740996,3.214156532,-0.786329294
2120,-2.125115018,-1.627853101,-0.142140053,-0.160828281,-0.101809514,-0.307674499,-2.683150282,-1.414929824,-0.085740996,3.214156532,-0.786329294
2121,-2.125115018,-1.627853101,-0.142140053,-0.160647436,-0.101809514,-0.307674499,-2.683150282,-1.414929824,-0.085740996,3.214156532,-0.786329294
2122,-2.125115018,-1.627853101,-0.142140053,-0.160466592,-0.101809514,-0.307674499,-2.683150282,-1.414929824,-0.085740996,3.214156532,-0.786329294
2123,-2.125115018,-1.627853101,-0.142140053,-0.160285747,-0.101809514,-0.307674499,-2.683150282,-1.414929824,-0.085740996,3.214156532,-0.786329294
2124,-2.125115018,-1.627853101,-0.142140053,-0.160104902,-0.101809514,-0.307674499,-2.683150282,-1.414929824,-0.085740996,3.214156532,-0.786329294
2125,-2.125115018,-1.627853101,-0.142140053,-0.159924058,-0.101809514,-0.307674499,-2.683150282,-1.414929824,-0.085740996,3.214156532,-0.786329294
2126,-2.125115018,-1.627853101,-0.142140053,-0.159743213,-0.101809514,-0.307674499,-2.683150282,-1.414929824,-0.085740996,3.214156532,-0.786329294
2127,-2.125115018,-1.627853101,-0.142140053,-0.159562368,-0.101809514,-0.307674499,-2.683150282,-1.414929824,-0.085740996,3.214156532,-0.786329294
2128,-2.125115018,-1.627853101,-0.142140053,-0.159381524,-0.101809514,-0.307674499,-2.683150282,-1.414929824,-0.085740996,3.214156532,-0.786329294
2129,-2.125115018,-1.627853101,-0.142140053,-0.159200679,-0.101809514,-0.307674499,-2.683150282,-1.414929824,-0.085740996,3.214156532,-0.786329294
2130,-2.125115018,-1.627853101,-0.142140053,-0.159019834,-0.101809514,-0.307674499,-2.683150282,-1.414929824,-0.085740996,3.214156532,-0.786329294
2131,-2.125115018,-1.627853101,-0.142140053,-0.15883899,-0.101809514,-0.307674499,-2.683150282,-1.414929824,-0.085740996,3.214156532,-0.786329294
2132,-2.125115018,-1.627853101,-0.142140053,-0.158658145,-0.101809514,-0.307674499,-2.683150282,-1.414929824,-0.085740996,3.214156532,-0.786329294
2133,-2.125115018,-1.627853101,-0.142140053,-0.158477301,-0.101809514,-0.307674499,-2.683150282,-1.414929824,-0.085740996,3.214156532,-0.786329294
2134,-2.125115018,-1.627853101,-0.142140053,-0.158296456,-0.101809514,-0.307674499,-2.683150282,-1.414929824,-0.085740996,3.214156532,-0.786329294
2135,-2.125115018,-1.627853101,-0.142140053,-0.158115611,-0.101809514,-0.307674499,-2.683150282,-1.414929824,-0.085740996,3.214156532,-0.786329294
2136,-2.125115018,-1.627853101,-0.142140053,-0.157934767,-0.101809514,-0.307674499,-2.683150282,-1.414929824,-0.085740996,3.214156532,-0.786329294
2137,-2.125115018,-1.627853101,-0.142140053,-0.157753922,-0.101809514,-0.307674499,-2.683150282,-1.414929824,-0.085740996,3.214156532,-0.786329294
2138,-2.125115018,-1.627853101,-0.142140053,-0.157573077,-0.101809514,-0.307674499,-2.683150282,-1.414929824,-0.085740996,3.214156532,-0.786329294
2139,-2.125115018,-1.627853101,-0.142140053,-0.157392233,-0.101809514,-0.307674499,-2.683150282,-1.414929824,-0.085740996,3.214156532,-0.786329294
2140,-2.125115018,-1.627853101,-0.142140053,-0.157211388,-0.101809514,-0.307674499,-2.683150282,-1.414929824,-0.085740996,3.214156532,-0.786329294
2141,-2.125115018,-1.627853101,-0.142140053,-0.157030543,-0.101809514,-0.307674499,-2.683150282,-1.414929824,-0.085740996,3.214156532,-0.786329294
2142,-2.125115018,-1.627853101,-0.142140053,-0.156849699,-0.101809514,-0.307674499,-2.683150282,-1.414929824,-0.085740996,3.214156532,-0.786329294
2143,-2.125115018,-1.627853101,-0.142140053,-0.156668854,-0.101809514,-0.307674499,-2.683150282,-1.414929824,-0.085740996,3.214156532,-0.786329294
2144,-2.125115018,-1.627853101,-0.142140053,-0.156488009,-0.101809514,-0.307674499,-2.683150282,-1.414929824,-0.085740996,3.214156532,-0.786329294
2145,-2.125115018,-1.627853101,-0.142140053,-0.156307165,-0.101809514,-0.307674499,-2.683150282,-1.414929824,-0.085740996,3.214156532,-0.786329294
2146,-2.125115018,-1.627853101,-0.142140053,-0.15612632,-0.101809514,-0.307674499,-2.683150282,-1.414929824,-0.085740996,3.214156532,-0.786329294
2147,-2.125115018,-1.627853101,-0.142140053,-0.155945475,-0.101809514,-0.307674499,-2.683150282,-1.414929824,-0.085740996,3.214156532,-0.786329294
2148,-2.125115018,-1.627853101,-0.142140053,-0.155764631,-0.101809514,-0.307674499,-2.683150282,-1.414929824,-0.085740996,3.214156532,-0.786329294
2149,-2.125115018,-1.627853101,-0.142140053,-0.155583786,-0.101809514,-0.307674499,-2.683150282,-1.414929824,-0.085740996,3.214156532,-0.786329294
2150,-2.125115018,-1.627853101,-0.142140053,-0.155402942,-0.101809514,-0.307674499,-2.683150282,-1.414929824,-0.085740996,3.214156532,-0.786329294
2151,-2.125115018,-1.627853101,-0.142140053,-0.155222097,-0.101809514,-0.307674499,-2.683150282,-1.414929824,-0.085740996,3.214156532,-0.786329294
2152,-2.125115018,-1.627853101,-0.142140053,-0.155041252,-0.101809514,-0.307674499,-2.683150282,-1.414929824,-0.085740996,3.214156532,-0.786329294
2153,-2.125115018,-1.627853101,-0.142140053,-0.154860408,-0.101809514,-0.307674499,-2.683150282,-1.414929824,-0.085740996,3.214156532,-0.786329294
2154,-2.125115018,-1.627853101,-0.142140053,-0.154679563,-0.101809514,-0.307674499,-2.683150282,-1.414929824,-0.085740996,3.214156532,-0.786329294
2155,-2.125115018,-1.627853101,-0.142140053,-0.154498718,-0.101809514,-0.307674499,-2.683150282,-1.414929824,-0.085740996,3.214156532,-0.786329294
2156,-2.125115018,-1.627853101,-0.142140053,-0.154317874,-0.101809514,-0.307674499,-2.683150282,-1.414929824,-0.085740996,3.214156532,-0.786329294
2157,-2.125115018,-1.627853101,-0.142140053,-0.154137029,-0.101809514,-0.307674499,-2.683150282,-1.414929824,-0.085740996,3.214156532,-0.786329294
2158,-2.125115018,-1.627853101,-0.142140053,-0.153956184,-0.101809514,-0.307674499,-2.683150282,-1.414929824,-0.085740996,3.214156532,-0.786329294
2159,-2.125115018,-1.627853101,-0.142140053,-0.15377534,-0.101809514,-0.307674499,-2.683150282,-1.414929824,-0.085740996,3.214156532,-0.786329294
2160,-2.125115018,-1.627853101,-0.142140053,-0.153594495,-0.101809514,-0.307674499,-2.683150282,-1.414929824,-0.085740996,3.214156532,-0.786329294
2161,-2.125115018,-1.627853101,-0.142140053,-0.15341365,-0.101809514,-0.307674499,-2.683150282,-1.414929824,-0.085740996,3.214156532,-0.786329294
2162,-2.125115018,-1.627853101,-0.142140053,-0.153232806,-0.101809514,-0.307674499,-2.683150282,-1.414929824,-0.085740996,3.214156532,-0.786329294
2163,-2.125115018,-1.627853101,-0.142140053,-0.153051961,-0.101809514,-0.307674499,-2.683150282,-1.414929824,-0.085740996,3.214156532,-0.786329294
2164,-2.125115018,-1.627853101,-0.142140053,-0.152871116,-0.101809514,-0.307674499,-2.683150282,-1.414929824,-0.085740996,3.214156532,-0.786329294
2165,-2.125115018,-1.627853101,-0.142140053,-0.152690272,-0.101809514,-0.307674499,-2.683150282,-1.414929824,-0.085740996,3.214156532,-0.786329294
2166,-2.125115018,-1.627853101,-0.142140053,-0.152509427,-0.101809514,-0.307674499,-2.683150282,-1.414929824,-0.085740996,3.214156532,-0.786329294
2167,-2.125115018,-1.627853101,-0.142140053,-0.152328583,-0.101809514,-0.307674499,-2.683150282,-1.414929824,-0.085740996,3.214156532,-0.786329294
2168,-2.125115018,-1.627853101,-0.142140053,-0.152147738,-0.101809514,-0.307674499,-2.683150282,-1.414929824,-0.085740996,3.214156532,-0.786329294
2169,-2.125115018,-1.627853101,-0.142140053,-0.151966893,-0.101809514,-0.307674499,-2.683150282,-1.414929824,-0.085740996,3.214156532,-0.786329294
2170,-2.125115018,-1.627853101,-0.142140053,-0.151786049,-0.101809514,-0.307674499,-2.683150282,-1.414929824,-0.085740996,3.214156532,-0.786329294
2171,-2.125115018,-1.627853101,-0.142140053,-0.151605204,-0.101809514,-0.307674499,-2.683150282,-1.414929824,-0.085740996,3.214156532,-0.786329294
2172,-2.125115018,-1.627853101,-0.142140053,-0.151424359,-0.101809514,-0.307674499,-2.683150282,-1.414929824,-0.085740996,3.214156532,-0.786329294
2173,-2.125115018,-1.627853101,-0.142140053,-0.151243515,-0.101809514,-0.307674499,-2.683150282,-1.414929824,-0.085740996,3.214156532,-0.786329294
2174,-2.125115018,-1.627853101,-0.142140053,-0.15106267,-0.101809514,-0.307674499,-2.683150282,-1.414929824,-0.085740996,3.214156532,-0.786329294
2175,-2.125115018,-1.627853101,-0.142140053,-0.150881825,-0.101809514,-0.307674499,-2.683150282,-1.414929824,-0.085740996,3.214156532,-0.786329294
2176,-2.125115018,-1.627853101,-0.142140053,-0.150700981,-0.101809514,-0.307674499,-2.683150282,-1.414929824,-0.085740996,3.214156532,-0.786329294
2177,-2.125115018,-1.627853101,-0.142140053,-0.150520136,-0.101809514,-0.307674499,-2.683150282,-1.414929824,-0.085740996,3.214156532,-0.786329294
2178,-2.125115018,-1.627853101,-0.142140053,-0.150339291,-0.101809514,-0.307674499,-2.683150282,-1.414929824,-0.085740996,3.214156532,-0.786329294
2179,-2.125115018,-1.627853101,-0.142140053,-0.150158447,-0.101809514,-0.307674499,-2.683150282,-1.414929824,-0.085740996,3.214156532,-0.786329294
2180,-2.125115018,-1.627853101,-0.142140053,-0.149977602,-0.101809514,-0.307674499,-2.683150282,-1.414929824,-0.085740996,3.214156532,-0.786329294
2181,-2.125115018,-1.627853101,-0.142140053,-0.149796757,-0.101809514,-0.307674499,-2.683150282,-1.414929824,-0.085740996,3.214156532,-0.786329294
2182,-2.125115018,-1.627853101,-0.142140053,-0.149615913,-0.101809514,-0.307674499,-2.683150282,-1.414929824,-0.085740996,3.214156532,-0.786329294
2183,-2.125115018,-1.627853101,-0.142140053,-0.149435068,-0.101809514,-0.307674499,-2.683150282,-1.414929824,-0.085740996,3.214156532,-0.786329294
2184,-2.125115018,-1.627853101,-0.142140053,-0.149254224,-0.101809514,-0.307674499,-2.683150282,-1.414929824,-0.085740996,3.214156532,-0.786329294
2185,-2.125115018,-1.627853101,-0.142140053,-0.149073379,-0.101809514,-0.307674499,-2.683150282,-1.414929824,-0.085740996,3.214156532,-0.786329294
2186,-2.125115018,-1.627853101,-0.142140053,-0.148892534,-0.101809514,-0.307674499,-2.683150282,-1.414929824,-0.085740996,3.214156532,-0.786329294
2187,-2.125115018,-1.627853101,-0.142140053,-0.14871169,-0.101809514,-0.307674499,-2.683150282,-1.414929824,-0.085740996,3.214156532,-0.786329294
2188,-2.125115018,-1.627853101,-0.142140053,-0.148530845,-0.101809514,-0.307674499,-2.683150282,-1.414929824,-0.085740996,3.214156532,-0.786329294
2189,-2.125115018,-1.627853101,-0.142140053,-0.14835,-0.101809514,-0.307674499,-2.683150282,-1.414929824,-0.085740996,3.214156532,-0.786329294
2190,-2.125115018,-1.627853101,-0.142140053,-0.148169156,-0.101809514,-0.307674499,-2.683150282,-1.414929824,-0.085740996,3.214156532,-0.786329294
2191,-2.125115018,-1.627853101,-0.142140053,-0.147988311,-0.101809514,-0.307674499,-2.683150282,-1.414929824,-0.085740996,3.214156532,-0.786329294
2192,-2.125115018,-1.627853101,-0.142140053,-0.147807466,-0.101809514,-0.307674499,-2.683150282,-1.414929824,-0.085740996,3.214156532,-0.786329294
2193,-2.125115018,-1.627853101,-0.142140053,-0.147626622,-0.101809514,-0.307674499,-2.683150282,-1.414929824,-0.085740996,3.214156532,-0.786329294
2194,-2.125115018,-1.627853101,-0.142140053,-0.147445777,-0.101809514,-0.307674499,-2.683150282,-1.414929824,-0.085740996,3.214156532,-0.786329294
2195,-2.125115018,-1.627853101,-0.142140053,-0.147264932,-0.101809514,-0.307674499,-2.683150282,-1.414929824,-0.085740996,3.214156532,-0.786329294
2196,-2.125115018,-1.627853101,-0.142140053,-0.147084088,-0.101809514,-0.307674499,-2.683150282,-1.414929824,-0.085740996,3.214156532,-0.786329294
2197,-0.611512012,0.614306045,-0.142140053,5.6544152,-0.075808771,-0.307761066,0.076848157,-1.414929824,-0.085740996,-0.141224304,-0.804030394
2198,-0.611512012,0.614306045,-0.142140053,5.654716676,-0.075808771,-0.307761066,0.076848157,-1.414929824,-0.085740996,-0.141224304,-0.804030394
2199,-0.611512012,0.614306045,-0.142140053,5.654900654,-0.075808771,-0.307761066,0.076848157,-1.414929824,-0.085740996,-0.141224304,-0.804030394
2200,-0.611512012,0.614306045,-0.142140053,5.655079343,-0.075808771,-0.307761066,0.076848157,-1.414929824,-0.085740996,-0.141224304,-0.804030394
2201,-0.611512012,0.614306045,-0.142140053,5.655261069,-0.075808771,-0.307761066,0.076848157,-1.414929824,-0.085740996,-0.141224304,-0.804030394
2202,-0.611512012,0.614306045,-0.142140053,5.655445836,-0.075808771,-0.307761066,0.076848157,-1.414929824,-0.085740996,-0.141224304,-0.804030394
2203,-0.473911739,0.614306045,-0.142140053,5.655624405,-0.075808771,-0.307761066,0.076848157,-1.414929824,-0.085740996,-0.305089,-1.099685818
2204,-0.473911739,0.614306045,-0.142140053,5.655800441,-0.075808771,-0.307761066,0.076848157,-1.414929824,-0.085740996,-0.305089,-1.099685818
2205,-0.473911739,0.614306045,-0.142140053,5.655987431,-0.075808771,-0.307761066,0.076848157,-1.414929824,-0.085740996,-0.305089,-1.099685818
2206,-0.473911739,0.614306045,-0.142140053,5.656164006,-0.075808771,-0.307761066,0.076848157,-1.414929824,-0.085740996,-0.305089,-1.099685818
2207,-0.473911739,0.614306045,-0.142140053,5.656347704,-0.075808771,-0.307761066,0.076848157,-1.414929824,-0.085740996,-0.305089,-1.099685818
2208,-0.473911739,0.614306045,-0.142140053,5.656527459,-0.075808771,-0.307761066,0.076848157,-1.414929824,-0.085740996,-0.305089,-1.099685818
2209,-0.336311465,0.614306045,-0.142140053,5.656708003,-0.075808771,-0.307761066,0.076848157,-1.414929824,-0.085740996,-0.182551809,-1.556837493
2210,-0.336311465,0.614306045,-0.142140053,5.656892732,-0.075808771,-0.307761066,0.076848157,-1.414929824,-0.085740996,-0.182551809,-1.556837493
2211,-0.336311465,0.614306045,-0.142140053,5.657071304,-0.075808771,-0.307761066,0.076848157,-1.414929824,-0.085740996,-0.182551809,-1.556837493
2212,-0.336311465,0.614306045,-0.142140053,5.657251258,-0.075808771,-0.307761066,0.076848157,-1.414929824,-0.085740996,-0.182551809,-1.556837493
2213,-0.336311465,0.614306045,-0.142140053,5.657433129,-0.075808771,-0.307761066,0.076848157,-1.414929824,-0.085740996,-0.182551809,-1.556837493
2214,-0.336311465,0.614306045,-0.142140053,5.657613648,-0.075808771,-0.307761066,0.076848157,-1.414929824,-0.085740996,-0.182551809,-1.556837493
2215,-0.198711192,0.614306045,-0.142140053,5.657795552,-0.075808771,-0.307761066,0.076848157,-1.414929824,-0.085740996,-0.313471879,0.528647917
2216,-0.198711192,0.614306045,-0.142140053,5.657975771,-0.075808771,-0.307761066,0.076848157,-1.414929824,-0.085740996,-0.313471879,0.528647917
2217,-0.198711192,0.614306045,-0.142140053,5.658159985,-0.075808771,-0.307761066,0.076848157,-1.414929824,-0.085740996,-0.313471879,0.528647917
2218,-0.198711192,0.614306045,-0.142140053,5.65833707,-0.075808771,-0.307761066,0.076848157,-1.414929824,-0.085740996,-0.313471879,0.528647917
2219,-0.198711192,0.614306045,-0.142140053,5.658515198,-0.075808771,-0.307761066,0.076848157,-1.414929824,-0.085740996,-0.313471879,0.528647917
2220,-0.198711192,0.614306045,-0.142140053,5.658702689,-0.075808771,-0.307761066,0.076848157,-1.414929824,-0.085740996,-0.313471879,0.528647917
2221,-0.061110919,0.614306045,-0.142140053,5.658883262,-0.075808771,-0.307761066,0.076848157,-1.414929824,-0.085740996,-0.495418454,0.638409672
2222,-0.061110919,0.614306045,-0.142140053,5.659065432,-0.075808771,-0.307761066,0.076848157,-1.414929824,-0.085740996,-0.495418454,0.638409672
2223,-0.061110919,0.614306045,-0.142140053,5.659244657,-0.075808771,-0.307761066,0.076848157,-1.414929824,-0.085740996,-0.495418454,0.638409672
2224,-0.061110919,0.614306045,-0.142140053,5.659422018,-0.075808771,-0.307761066,0.076848157,-1.414929824,-0.085740996,-0.495418454,0.638409672
2225,-0.061110919,0.614306045,-0.142140053,5.659600774,-0.075808771,-0.307761066,0.076848157,-1.414929824,-0.085740996,-0.495418454,0.638409672
2226,-0.061110919,0.614306045,-0.142140053,5.659788764,-0.075808771,-0.307761066,0.076848157,-1.414929824,-0.085740996,-0.495418454,0.638409672
2227,0.076489355,0.614306045,-0.142140053,5.65996767,-0.075808771,-0.307761066,0.076848157,-1.414929824,-0.085740996,-0.287596201,0.475905898
2228,0.076489355,0.614306045,-0.142140053,5.660145843,-0.075808771,-0.307761066,0.076848157,-1.414929824,-0.085740996,-0.287596201,0.475905898
2229,0.076489355,0.614306045,-0.142140053,5.66033031,-0.075808771,-0.307761066,0.076848157,-1.414929824,-0.085740996,-0.287596201,0.475905898
2230,0.076489355,0.614306045,-0.142140053,5.660515305,-0.075808771,-0.307761066,0.076848157,-1.414929824,-0.085740996,-0.287596201,0.475905898
2231,0.076489355,0.614306045,-0.142140053,5.660692215,-0.075808771,-0.307761066,0.076848157,-1.414929824,-0.085740996,-0.287596201,0.475905898
2232,0.076489355,0.614306045,-0.142140053,5.66087104,-0.075808771,-0.307761066,0.076848157,-1.414929824,-0.085740996,-0.287596201,0.475905898
2233,0.214089628,0.614306045,-0.142140053,5.661054485,-0.075808771,-0.307761066,0.076848157,-1.414929824,-0.085740996,-0.225276461,1.088460372
2234,0.214089628,0.614306045,-0.142140053,5.661229009,-0.075808771,-0.307761066,0.076848157,-1.414929824,-0.085740996,-0.225276461,1.088460372
2235,0.214089628,0.614306045,-0.142140053,5.66141185,-0.075808771,-0.307761066,0.076848157,-1.414929824,-0.085740996,-0.225276461,1.088460372
2236,0.214089628,0.614306045,-0.142140053,5.661595803,-0.075808771,-0.307761066,0.076848157,-1.414929824,-0.085740996,-0.225276461,1.088460372
2237,0.214089628,0.614306045,-0.142140053,5.661777744,-0.075808771,-0.307761066,0.076848157,-1.414929824,-0.085740996,-0.225276461,1.088460372
2238,0.214089628,0.614306045,-0.142140053,5.661953026,-0.075808771,-0.307761066,0.076848157,-1.414929824,-0.085740996,-0.225276461,1.088460372
2239,0.351689901,0.614306045,-0.142140053,5.662133138,-0.075808771,-0.307761066,0.076848157,-1.414929824,-0.085740996,-0.38205907,-0.893572516
2240,0.351689901,0.614306045,-0.142140053,5.662314259,-0.075808771,-0.307761066,0.076848157,-1.414929824,-0.085740996,-0.38205907,-0.893572516
2241,0.351689901,0.614306045,-0.142140053,5.66249373,-0.075808771,-0.307761066,0.076848157,-1.414929824,-0.085740996,-0.38205907,-0.893572516
2242,0.351689901,0.614306045,-0.142140053,5.662678634,-0.075808771,-0.307761066,0.076848157,-1.414929824,-0.085740996,-0.38205907,-0.893572516
2243,0.351689901,0.614306045,-0.142140053,5.662860278,-0.075808771,-0.307761066,0.076848157,-1.414929824,-0.085740996,-0.38205907,-0.893572516
2244,0.351689901,0.614306045,-0.142140053,5.663043716,-0.075808771,-0.307761066,0.076848157,-1.414929824,-0.085740996,-0.38205907,-0.893572516
2245,0.489290174,0.614306045,-0.142140053,5.663223901,-0.075808771,-0.307761066,0.076848157,-1.414929824,-0.085740996,-0.300630395,-0.842633605
2246,0.489290174,0.614306045,-0.142140053,5.663402883,-0.075808771,-0.307761066,0.076848157,-1.414929824,-0.085740996,-0.300630395,-0.842633605
2247,0.489290174,0.614306045,-0.142140053,5.663587545,-0.075808771,-0.307761066,0.076848157,-1.414929824,-0.085740996,-0.300630395,-0.842633605
2248,0.489290174,0.614306045,-0.142140053,5.663760496,-0.075808771,-0.307761066,0.076848157,-1.414929824,-0.085740996,-0.300630395,-0.842633605
2249,0.489290174,0.614306045,-0.142140053,5.663942845,-0.075808771,-0.307761066,0.076848157,-1.414929824,-0.085740996,-0.300630395,-0.842633605
2250,0.489290174,0.614306045,-0.142140053,5.664127732,-0.075808771,-0.307761066,0.076848157,-1.414929824,-0.085740996,-0.300630395,-0.842633605
2251,0.626890448,0.614306045,-0.142140053,5.664312627,-0.075808771,-0.307761066,0.076848157,-1.414929824,-0.085740996,-0.451371112,1.184507192
2252,0.626890448,0.614306045,-0.142140053,5.664490956,-0.075808771,-0.307761066,0.076848157,-1.414929824,-0.085740996,-0.451371112,1.184507192
2253,0.626890448,0.614306045,-0.142140053,5.664668283,-0.075808771,-0.307761066,0.076848157,-1.414929824,-0.085740996,-0.451371112,1.184507192
2254,0.626890448,0.614306045,-0.142140053,5.664849998,-0.075808771,-0.307761066,0.076848157,-1.414929824,-0.085740996,-0.451371112,1.184507192
2255,0.626890448,0.614306045,-0.142140053,5.665027701,-0.075808771,-0.307761066,0.076848157,-1.414929824,-0.085740996,-0.451371112,1.184507192
2256,0.626890448,0.614306045,-0.142140053,5.665209975,-0.075808771,-0.307761066,0.076848157,-1.414929824,-0.085740996,-0.451371112,1.184507192
2257,0.764490721,0.614306045,-0.142140053,5.665390436,-0.075808771,-0.307761066,0.076848157,-1.414929824,-0.085740996,-0.468185485,0.025426383
2258,0.764490721,0.614306045,-0.142140053,5.665571584,-0.075808771,-0.307761066,0.076848157,-1.414929824,-0.085740996,-0.468185485,0.025426383
2259,0.764490721,0.614306045,-0.142140053,5.665756485,-0.075808771,-0.307761066,0.076848157,-1.414929824,-0.085740996,-0.468185485,0.025426383
2260,0.764490721,0.614306045,-0.142140053,5.665930351,-0.075808771,-0.307761066,0.076848157,-1.414929824,-0.085740996,-0.468185485,0.025426383
2261,0.764490721,0.614306045,-0.142140053,5.666118082,-0.075808771,-0.307761066,0.076848157,-1.414929824,-0.085740996,-0.468185485,0.025426383
2262,0.764490721,0.614306045,-0.142140053,5.666299848,-0.075808771,-0.307761066,0.076848157,-1.414929824,-0.085740996,-0.468185485,0.025426383
2263,0.902090994,0.614306045,-0.142140053,5.666473064,-0.075808771,-0.307761066,0.076848157,-1.414929824,-0.085740996,-0.632213985,0.499142058
2264,0.902090994,0.614306045,-0.142140053,5.666656931,-0.075808771,-0.307761066,0.076848157,-1.414929824,-0.085740996,-0.632213985,0.499142058
2265,0.902090994,0.614306045,-0.142140053,5.666845365,-0.075808771,-0.307761066,0.076848157,-1.414929824,-0.085740996,-0.632213985,0.499142058
2266,0.902090994,0.614306045,-0.142140053,5.667020557,-0.075808771,-0.307761066,0.076848157,-1.414929824,-0.085740996,-0.632213985,0.499142058
2267,0.902090994,0.614306045,-0.142140053,5.667199917,-0.075808771,-0.307761066,0.076848157,-1.414929824,-0.085740996,-0.632213985,0.499142058
2268,0.902090994,0.614306045,-0.142140053,5.667381698,-0.075808771,-0.307761066,0.076848157,-1.414929824,-0.085740996,-0.632213985,0.499142058
2269,1.039691268,0.614306045,-0.142140053,5.667564183,-0.075808771,-0.307761066,0.076848157,-1.414929824,-0.085740996,-0.765245104,0.349325381
2270,1.039691268,0.614306045,-0.142140053,5.667749126,-0.075808771,-0.307761066,0.076848157,-1.414929824,-0.085740996,-0.765245104,0.349325381
2271,1.039691268,0.614306045,-0.142140053,5.667926131,-0.075808771,-0.307761066,0.076848157,-1.414929824,-0.085740996,-0.765245104,0.349325381
2272,1.039691268,-1.627853101,7.035314646,-0.181082882,-0.075808771,-0.307761066,0.076848157,-1.414929824,-1.731684679,-0.765245104,0.349325381
2273,1.039691268,-1.627853101,-0.142140053,-0.180900969,-0.075808771,-0.307761066,0.076848157,-1.414929824,-1.731684679,-0.765245104,0.349325381
2274,1.039691268,-1.627853101,-0.142140053,-0.180719834,-0.075808771,-0.307761066,0.076848157,-1.414929824,-1.731684679,-0.765245104,0.349325381
2275,-1.712314198,-1.627853101,-0.142140053,-0.180535468,-0.075808771,-0.307761066,0.076848157,-1.414929824,-1.731684679,1.926914244,1.433251598
2276,-1.712314198,-1.627853101,-0.142140053,-0.180359467,-0.075808771,-0.307761066,0.076848157,-1.414929824,-1.731684679,1.926914244,1.433251598
2277,-1.712314198,-1.627853101,-0.142140053,-0.18018094,-0.075808771,-0.307761066,0.076848157,-1.414929824,-1.731684679,1.926914244,1.433251598
2278,-1.712314198,-1.627853101,-0.142140053,-0.179996952,-0.075808771,-0.307761066,0.076848157,-1.414929824,-1.731684679,1.926914244,1.433251598
2279,-2.125115018,-1.627853101,-0.142140053,-0.179814186,-0.075808771,-0.307761066,0.076848157,-1.414929824,-1.731684679,3.214156532,-0.786329294
2280,-2.125115018,-1.627853101,-0.142140053,-0.179634029,-0.075808771,-0.307761066,0.076848157,-1.414929824,-1.731684679,3.214156532,-0.786329294
2281,-2.125115018,-1.627853101,-0.142140053,-0.179452428,-0.075808771,-0.307761066,0.076848157,-1.414929824,-1.731684679,3.214156532,-0.786329294
2282,-2.125115018,-1.627853101,-0.142140053,-0.179276228,-0.075808771,-0.307761066,0.076848157,-1.414929824,-1.731684679,3.214156532,-0.786329294
2283,-2.125115018,-1.627853101,-0.142140053,-0.179091086,-0.075808771,-0.307761066,0.076848157,-1.414929824,-1.731684679,3.214156532,-0.786329294
2284,-2.125115018,-1.627853101,-0.142140053,-0.178911615,-0.075808771,-0.307761066,0.076848157,-1.414929824,-1.731684679,3.214156532,-0.786329294
2285,-2.125115018,0.614306045,7.035314646,-0.181082882,-0.075808771,-0.307761066,0.076848157,-1.414929824,-0.085740996,3.214156532,-0.786329294
2286,-2.125115018,0.614306045,-0.142140053,-0.1809029,-0.075808771,-0.307761066,0.076848157,-1.414929824,-0.085740996,3.214156532,-0.786329294
2287,-2.125115018,0.614306045,-0.142140053,-0.180715178,-0.075808771,-0.307761066,0.076848157,-1.414929824,-0.085740996,3.214156532,-0.786329294
2288,-2.125115018,0.614306045,-0.142140053,-0.180539248,-0.075808771,-0.307761066,0.076848157,-1.414929824,-0.085740996,3.214156532,-0.786329294
2289,-2.125115018,0.614306045,-0.142140053,-0.180352582,-0.075808771,-0.307761066,0.076848157,-1.414929824,-0.085740996,3.214156532,-0.786329294
2290,-1.987514745,0.614306045,-0.142140053,-0.180178305,-0.075808771,-0.307761066,0.076848157,-1.414929824,-0.085740996,3.05253165,-1.059116976
2291,-1.987514745,0.614306045,-0.142140053,-0.179988054,-0.075808771,-0.307761066,0.076848157,-1.414929824,-0.085740996,3.05253165,-1.059116976
2292,-1.987514745,0.614306045,-0.142140053,-0.17981488,-0.075808771,-0.307761066,0.076848157,-1.414929824,-0.085740996,3.05253165,-1.059116976
2293,-1.987514745,0.614306045,-0.142140053,-0.179636748,-0.075808771,-0.307761066,0.076848157,-1.414929824,-0.085740996,3.05253165,-1.059116976
2294,-1.987514745,0.614306045,-0.142140053,-0.179455394,-0.075808771,-0.307761066,0.076848157,-1.414929824,-0.085740996,3.05253165,-1.059116976
2295,-1.987514745,0.614306045,-0.142140053,-0.179276697,-0.075808771,-0.307761066,0.076848157,-1.414929824,-0.085740996,3.05253165,-1.059116976
2296,-1.849914471,0.614306045,-0.142140053,-0.1790918,-0.075808771,-0.307761066,0.076848157,-1.414929824,-0.085740996,2.640927919,0.565173491
2297,-1.849914471,0.614306045,-0.142140053,-0.178909449,-0.075808771,-0.307761066,0.076848157,-1.414929824,-0.085740996,2.640927919,0.565173491
2298,-1.849914471,0.614306045,-0.142140053,-0.178732452,-0.075808771,-0.307761066,0.076848157,-1.414929824,-0.085740996,2.640927919,0.565173491
2299,-1.849914471,0.614306045,-0.142140053,-0.17854766,-0.075808771,-0.307761066,0.076848157,-1.414929824,-0.085740996,2.640927919,0.565173491
2300,-1.849914471,0.614306045,-0.142140053,-0.178371455,-0.075808771,-0.307761066,0.076848157,-1.414929824,-0.085740996,2.640927919,0.565173491
2301,-1.849914471,0.614306045,-0.142140053,-0.178186843,-0.075808771,-0.307761066,0.076848157,-1.414929824,-0.085740996,2.640927919,0.565173491
2302,-1.712314198,0.614306045,-0.142140053,-0.178004751,-0.075808771,-0.307761066,0.076848157,-1.414929824,-0.085740996,1.926914244,1.433251598
2303,-1.712314198,0.614306045,-0.142140053,-0.177824066,-0.075808771,-0.307761066,0.076848157,-1.414929824,-0.085740996,1.926914244,1.433251598
2304,-1.712314198,0.614306045,-0.142140053,-0.177646174,-0.075808771,-0.307761066,0.076848157,-1.414929824,-0.085740996,1.926914244,1.433251598
2305,-1.712314198,0.614306045,-0.142140053,-0.177464538,-0.075808771,-0.307761066,0.076848157,-1.414929824,-0.085740996,1.926914244,1.433251598
2306,-1.712314198,0.614306045,-0.142140053,-0.177285894,-0.075808771,-0.307761066,0.076848157,-1.414929824,-0.085740996,1.926914244,1.433251598
2307,-1.712314198,0.614306045,-0.142140053,-0.177105158,-0.075808771,-0.307761066,0.076848157,-1.414929824,-0.085740996,1.926914244,1.433251598
2308,-1.574713925,0.614306045,-0.142140053,-0.176923705,-0.075808771,-0.307761066,0.076848157,-1.414929824,-0.085740996,1.849648102,-0.158675159
2309,-1.574713925,0.614306045,-0.142140053,-0.17672558,-0.075808771,-0.307761066,0.076848157,-1.414929824,-0.085740996,1.849648102,-0.158675159
2310,-1.574713925,0.614306045,-0.142140053,-0.17655729,-0.075808771,-0.307761066,0.076848157,-1.414929824,-0.085740996,1.849648102,-0.158675159
2311,-1.574713925,0.614306045,-0.142140053,-0.176371085,-0.075808771,-0.307761066,0.076848157,-1.414929824,-0.085740996,1.849648102,-0.158675159
2312,-1.574713925,0.614306045,-0.142140053,-0.176197163,-0.075808771,-0.307761066,0.076848157,-1.414929824,-0.085740996,1.849648102,-0.158675159
2313,-1.574713925,0.614306045,-0.142140053,-0.176017016,-0.075808771,-0.307761066,0.076848157,-1.414929824,-0.085740996,1.849648102,-0.158675159
2314,-1.437113651,0.614306045,-0.142140053,-0.175837144,-0.075808771,-0.307761066,0.076848157,-1.414929824,-0.085740996,1.088790164,-2.108568903
2315,-1.437113651,0.614306045,-0.142140053,-0.175646872,-0.075808771,-0.307761066,0.076848157,-1.414929824,-0.085740996,1.088790164,-2.108568903
2316,-1.437113651,0.614306045,-0.142140053,-0.175471986,-0.075808771,-0.307761066,0.076848157,-1.414929824,-0.085740996,1.088790164,-2.108568903
2317,-1.437113651,0.614306045,-0.142140053,-0.17529278,-0.075808771,-0.307761066,0.076848157,-1.414929824,-0.085740996,1.088790164,-2.108568903
2318,-1.437113651,0.614306045,-0.142140053,-0.17511805,-0.075808771,-0.307761066,0.076848157,-1.414929824,-0.085740996,1.088790164,-2.108568903
2319,-1.437113651,0.614306045,-0.142140053,-0.174925389,-0.075808771,-0.307761066,0.076848157,-1.414929824,-0.085740996,1.088790164,-2.108568903
2320,-1.299513378,0.614306045,-0.142140053,-0.17475104,-0.075808771,-0.307761066,0.076848157,-1.414929824,-0.085740996,0.900403138,0.776703805
2321,-1.299513378,0.614306045,-0.142140053,-0.174569443,-0.075808771,-0.307761066,0.076848157,-1.414929824,-0.085740996,0.900403138,0.776703805
2322,-1.299513378,0.614306045,-0.142140053,-0.174384508,-0.075808771,-0.307761066,0.076848157,-1.414929824,-0.085740996,0.900403138,0.776703805
2323,-1.299513378,0.614306045,-0.142140053,-0.174209175,-0.075808771,-0.307761066,0.076848157,-1.414929824,-0.085740996,0.900403138,0.776703805
2324,-1.299513378,0.614306045,-0.142140053,-0.174028284,-0.075808771,-0.307761066,0.076848157,-1.414929824,-0.085740996,0.900403138,0.776703805
2325,-1.299513378,0.614306045,-0.142140053,-0.173844225,-0.075808771,-0.307761066,0.076848157,-1.414929824,-0.085740996,0.900403138,0.776703805
2326,-1.161913105,0.614306045,-0.142140053,-0.173663816,-0.075808771,-0.307761066,0.076848157,-1.414929824,-0.085740996,0.579662106,0.804610257
2327,-1.161913105,0.614306045,-0.142140053,-0.173486404,-0.075808771,-0.307761066,0.076848157,-1.414929824,-0.085740996,0.579662106,0.804610257
2328,-1.161913105,0.614306045,-0.142140053,-0.173305129,-0.075808771,-0.307761066,0.076848157,-1.414929824,-0.085740996,0.579662106,0.804610257
2329,-1.161913105,0.614306045,-0.142140053,-0.173120666,-0.075808771,-0.307761066,0.076848157,-1.414929824,-0.085740996,0.579662106,0.804610257
2330,-1.161913105,0.614306045,-0.142140053,-0.172945512,-0.075808771,-0.307761066,0.076848157,-1.414929824,-0.085740996,0.579662106,0.804610257
2331,-1.161913105,0.614306045,-0.142140053,-0.172762209,-0.075808771,-0.307761066,0.076848157,-1.414929824,-0.085740996,0.579662106,0.804610257
2332,-1.024312832,0.614306045,-0.142140053,-0.17257824,-0.075808771,-0.307761066,0.076848157,-1.414929824,-0.085740996,0.453916295,-1.000632353
2333,-1.024312832,0.614306045,-0.142140053,-0.172398849,-0.075808771,-0.307761066,0.076848157,-1.414929824,-0.085740996,0.453916295,-1.000632353
2334,-1.024312832,0.614306045,-0.142140053,-0.172216476,-0.075808771,-0.307761066,0.076848157,-1.414929824,-0.085740996,0.453916295,-1.000632353
2335,-1.024312832,0.614306045,-0.142140053,-0.172040331,-0.075808771,-0.307761066,0.076848157,-1.414929824,-0.085740996,0.453916295,-1.000632353
2336,-1.024312832,0.614306045,-0.142140053,-0.171858694,-0.075808771,-0.307761066,0.076848157,-1.414929824,-0.085740996,0.453916295,-1.000632353
2337,-1.024312832,0.614306045,-0.142140053,-0.171677875,-0.075808771,-0.307761066,0.076848157,-1.414929824,-0.085740996,0.453916295,-1.000632353
2338,-0.886712558,0.614306045,-0.142140053,-0.171499147,-0.075808771,-0.307761066,0.076848157,-1.414929824,-0.085740996,0.024554351,0.03805528
2339,-0.886712558,0.614306045,-0.142140053,-0.17131134,-0.075808771,-0.307761066,0.076848157,-1.414929824,-0.085740996,0.024554351,0.03805528
2340,-0.886712558,0.614306045,-0.142140053,-0.171130828,-0.075808771,-0.307761066,0.076848157,-1.414929824,-0.085740996,0.024554351,0.03805528
2341,-0.886712558,0.614306045,-0.142140053,-0.17095218,-0.075808771,-0.307761066,0.076848157,-1.414929824,-0.085740996,0.024554351,0.03805528
2342,-0.886712558,0.614306045,-0.142140053,-0.170773227,-0.075808771,-0.307761066,0.076848157,-1.414929824,-0.085740996,0.024554351,0.03805528
2343,-0.886712558,0.614306045,-0.142140053,-0.170590836,-0.075808771,-0.307761066,0.076848157,-1.414929824,-0.085740996,0.024554351,0.03805528
2344,-0.749112285,0.614306045,-0.142140053,-0.170415061,-0.075808771,-0.307761066,0.076848157,-1.414929824,-0.085740996,-0.120378791,1.21211221
2345,-0.749112285,0.614306045,-0.142140053,-0.170228517,-0.075808771,-0.307761066,0.076848157,-1.414929824,-0.085740996,-0.120378791,1.21211221
2346,-0.749112285,0.614306045,-0.142140053,-0.170045899,-0.075808771,-0.307761066,0.076848157,-1.414929824,-0.085740996,-0.120378791,1.21211221
2347,-0.749112285,0.614306045,-0.142140053,-0.169866823,-0.075808771,-0.307761066,0.076848157,-1.414929824,-0.085740996,-0.120378791,1.21211221
2348,-0.749112285,0.614306045,-0.142140053,-0.169681804,-0.075808771,-0.307761066,0.076848157,-1.414929824,-0.085740996,-0.120378791,1.21211221
2349,-0.749112285,0.614306045,-0.142140053,-0.169505361,-0.075808771,-0.307761066,0.076848157,-1.414929824,-0.085740996,-0.120378791,1.21211221
2350,-0.611512012,0.614306045,-0.142140053,-0.169325798,-0.075808771,-0.307761066,0.076848157,-1.414929824,-0.085740996,-0.141224304,-0.804030394
2351,-0.611512012,0.614306045,-0.142140053,-0.169141679,-0.075808771,-0.307761066,0.076848157,-1.414929824,-0.085740996,-0.141224304,-0.804030394
2352,-0.611512012,0.614306045,-0.142140053,-0.168964548,-0.075808771,-0.307761066,0.076848157,-1.414929824,-0.085740996,-0.141224304,-0.804030394
2353,-0.611512012,0.614306045,-0.142140053,-0.168783424,-0.075808771,-0.307761066,0.076848157,-1.414929824,-0.085740996,-0.141224304,-0.804030394
2354,-0.611512012,0.614306045,-0.142140053,-0.168599111,-0.075808771,-0.307761066,0.076848157,-1.414929824,-0.085740996,-0.141224304,-0.804030394
2355,-0.611512012,0.614306045,-0.142140053,-0.168422096,-0.075808771,-0.307761066,0.076848157,-1.414929824,-0.085740996,-0.141224304,-0.804030394
2356,-0.473911739,0.614306045,-0.142140053,-0.168233452,-0.075808771,-0.307761066,0.076848157,-1.414929824,-0.085740996,-0.305089,-1.099685818
2357,-0.473911739,0.614306045,-0.142140053,-0.168064862,-0.075808771,-0.307761066,0.076848157,-1.414929824,-0.085740996,-0.305089,-1.099685818
2358,-0.473911739,0.614306045,-0.142140053,-0.167880816,-0.075808771,-0.307761066,0.076848157,-1.414929824,-0.085740996,-0.305089,-1.099685818
2359,-0.473911739,0.614306045,-0.142140053,-0.167695885,-0.075808771,-0.307761066,0.076848157,-1.414929824,-0.085740996,-0.305089,-1.099685818
2360,-0.473911739,0.614306045,-0.142140053,-0.167522749,-0.075808771,-0.307761066,0.076848157,-1.414929824,-0.085740996,-0.305089,-1.099685818
2361,-0.473911739,0.614306045,-0.142140053,-0.167336547,-0.075808771,-0.307761066,0.076848157,-1.414929824,-0.085740996,-0.305089,-1.099685818
2362,-0.336311465,0.614306045,-0.142140053,-0.167157091,-0.075808771,-0.307761066,0.076848157,-1.414929824,-0.085740996,-0.182551809,-1.556837493
2363,-0.336311465,0.614306045,-0.142140053,-0.166973395,-0.075808771,-0.307761066,0.076848157,-1.414929824,-0.085740996,-0.182551809,-1.556837493
2364,-0.336311465,0.614306045,-0.142140053,-0.166792118,-0.075808771,-0.307761066,0.076848157,-1.414929824,-0.085740996,-0.182551809,-1.556837493
2365,-0.336311465,0.614306045,-0.142140053,-0.166613308,-0.075808771,-0.307761066,0.076848157,-1.414929824,-0.085740996,-0.182551809,-1.556837493
2366,-0.336311465,0.614306045,-0.142140053,-0.16643058,-0.075808771,-0.307761066,0.076848157,-1.414929824,-0.085740996,-0.182551809,-1.556837493
2367,-0.336311465,0.614306045,-0.142140053,-0.166250107,-0.075808771,-0.307761066,0.076848157,-1.414929824,-0.085740996,-0.182551809,-1.556837493
2368,-0.198711192,0.614306045,-0.142140053,-0.166071464,-0.075808771,-0.307761066,0.076848157,-1.414929824,-0.085740996,-0.313471879,0.528647917
2369,-0.198711192,0.614306045,-0.142140053,-0.165890101,-0.075808771,-0.307761066,0.076848157,-1.414929824,-0.085740996,-0.313471879,0.528647917
2370,-0.198711192,0.614306045,-0.142140053,-0.165712836,-0.075808771,-0.307761066,0.076848157,-1.414929824,-0.085740996,-0.313471879,0.528647917
2371,-0.198711192,0.614306045,-0.142140053,-0.165524648,-0.075808771,-0.307761066,0.076848157,-1.414929824,-0.085740996,-0.313471879,0.528647917
2372,-0.198711192,0.614306045,-0.142140053,-0.16534761,-0.075808771,-0.307761066,0.076848157,-1.414929824,-0.085740996,-0.313471879,0.528647917
2373,-0.198711192,0.614306045,-0.142140053,-0.165164462,-0.075808771,-0.307761066,0.076848157,-1.414929824,-0.085740996,-0.313471879,0.528647917
2374,-0.061110919,0.614306045,-0.142140053,-0.164987881,-0.075808771,-0.307761066,0.076848157,-1.414929824,-0.085740996,-0.495418454,0.638409672
2375,-0.061110919,0.614306045,-0.142140053,-0.164803402,-0.075808771,-0.307761066,0.076848157,-1.414929824,-0.085740996,-0.495418454,0.638409672
2376,-0.061110919,0.614306045,-0.142140053,-0.164618559,-0.075808771,-0.307761066,0.076848157,-1.414929824,-0.085740996,-0.495418454,0.638409672
2377,-0.061110919,0.614306045,-0.142140053,-0.164441848,-0.075808771,-0.307761066,0.076848157,-1.414929824,-0.085740996,-0.495418454,0.638409672
2378,-0.061110919,0.614306045,-0.142140053,-0.164263387,-0.075808771,-0.307761066,0.076848157,-1.414929824,-0.085740996,-0.495418454,0.638409672
2379,-0.061110919,0.614306045,-0.142140053,-0.16407978,-0.075808771,-0.307761066,0.076848157,-1.414929824,-0.085740996,-0.495418454,0.638409672
2380,0.076489355,0.614306045,-0.142140053,-0.163850898,-0.075808771,-0.307761066,0.076848157,-1.414929824,-0.085740996,-0.287596201,0.475905898
2381,0.076489355,0.614306045,-0.142140053,-0.163665603,-0.075808771,-0.307761066,0.076848157,-1.414929824,-0.085740996,-0.287596201,0.475905898
2382,0.076489355,0.614306045,-0.142140053,-0.163316366,-0.075808771,-0.307761066,0.076848157,-1.414929824,-0.085740996,-0.287596201,0.475905898
2383,0.076489355,0.614306045,-0.142140053,-0.163128352,-0.075808771,-0.307761066,0.076848157,-1.414929824,-0.085740996,-0.287596201,0.475905898
2384,0.076489355,0.614306045,-0.142140053,-0.162993999,-0.075808771,-0.307761066,0.076848157,-1.414929824,-0.085740996,-0.287596201,0.475905898
2385,0.076489355,0.614306045,-0.142140053,-0.162806103,-0.075808771,-0.307761066,0.076848157,-1.414929824,-0.085740996,-0.287596201,0.475905898
2386,0.214089628,0.614306045,-0.142140053,-0.16261929,-0.075808771,-0.307761066,0.076848157,-1.414929824,-0.085740996,-0.225276461,1.088460372
2387,0.214089628,0.614306045,-0.142140053,-0.16244226,-0.075808771,-0.307761066,0.076848157,-1.414929824,-0.085740996,-0.225276461,1.088460372
2388,0.214089628,0.614306045,-0.142140053,-0.162263861,-0.075808771,-0.307761066,0.076848157,-1.414929824,-0.085740996,-0.225276461,1.088460372
2389,0.214089628,0.614306045,-0.142140053,-0.162078173,-0.075808771,-0.307761066,0.076848157,-1.414929824,-0.085740996,-0.225276461,1.088460372
2390,0.214089628,0.614306045,-0.142140053,-0.161902003,-0.075808771,-0.307761066,0.076848157,-1.414929824,-0.085740996,-0.225276461,1.088460372
2391,0.214089628,0.614306045,-0.142140053,-0.161714149,-0.075808771,-0.307761066,0.076848157,-1.414929824,-0.085740996,-0.225276461,1.088460372
2392,0.351689901,0.614306045,-0.142140053,-0.161532171,-0.075808771,-0.307761066,0.076848157,-1.414929824,-0.085740996,-0.38205907,-0.893572516
2393,0.351689901,0.614306045,-0.142140053,-0.161354364,-0.075808771,-0.307761066,0.076848157,-1.414929824,-0.085740996,-0.38205907,-0.893572516
2394,0.351689901,0.614306045,-0.142140053,-0.161175388,-0.075808771,-0.307761066,0.076848157,-1.414929824,-0.085740996,-0.38205907,-0.893572516
2395,0.351689901,0.614306045,-0.142140053,-0.160989094,-0.075808771,-0.307761066,0.076848157,-1.414929824,-0.085740996,-0.38205907,-0.893572516
2396,0.351689901,0.614306045,-0.142140053,-0.160813223,-0.075808771,-0.307761066,0.076848157,-1.414929824,-0.085740996,-0.38205907,-0.893572516
2397,0.351689901,0.614306045,-0.142140053,-0.160635368,-0.075808771,-0.307761066,0.076848157,-1.414929824,-0.085740996,-0.38205907,-0.893572516
2398,0.489290174,0.614306045,-0.142140053,-0.160452126,-0.075808771,-0.307761066,0.076848157,-1.414929824,-0.085740996,-0.300630395,-0.842633605
2399,0.489290174,0.614306045,-0.142140053,-0.160276361,-0.075808771,-0.307761066,0.076848157,-1.414929824,-0.085740996,-0.300630395,-0.842633605
2400,0.489290174,0.614306045,-0.142140053,-0.160084545,-0.075808771,-0.307761066,0.076848157,-1.414929824,-0.085740996,-0.300630395,-0.842633605
2401,0.489290174,0.614306045,-0.142140053,-0.159914661,-0.075808771,-0.307761066,0.076848157,-1.414929824,-0.085740996,-0.300630395,-0.842633605
2402,0.489290174,0.614306045,-0.142140053,-0.159735872,-0.075808771,-0.307761066,0.076848157,-1.414929824,-0.085740996,-0.300630395,-0.842633605
2403,0.489290174,0.614306045,-0.142140053,-0.159553647,-0.075808771,-0.307761066,0.076848157,-1.414929824,-0.085740996,-0.300630395,-0.842633605
2404,0.626890448,0.614306045,-0.142140053,-0.159364932,-0.075808771,-0.307761066,0.076848157,-1.414929824,-0.085740996,-0.451371112,1.184507192
2405,0.626890448,0.614306045,-0.142140053,-0.15919113,-0.075808771,-0.307761066,0.076848157,-1.414929824,-0.085740996,-0.451371112,1.184507192
2406,0.626890448,0.614306045,-0.142140053,-0.15900529,-0.075808771,-0.307761066,0.076848157,-1.414929824,-0.085740996,-0.451371112,1.184507192
2407,0.626890448,0.614306045,-0.142140053,-0.158829593,-0.075808771,-0.307761066,0.076848157,-1.414929824,-0.085740996,-0.451371112,1.184507192
2408,0.626890448,0.614306045,-0.142140053,-0.158645344,-0.075808771,-0.307761066,0.076848157,-1.414929824,-0.085740996,-0.451371112,1.184507192
2409,0.626890448,0.614306045,-0.142140053,-0.158472186,-0.075808771,-0.307761066,0.076848157,-1.414929824,-0.085740996,-0.451371112,1.184507192
2410,0.764490721,0.614306045,-0.142140053,-0.158280003,-0.075808771,-0.307761066,0.076848157,-1.414929824,-0.085740996,-0.468185485,0.025426383
2411,0.764490721,0.614306045,-0.142140053,-0.15810705,-0.075808771,-0.307761066,0.076848157,-1.414929824,-0.085740996,-0.468185485,0.025426383
2412,0.764490721,0.614306045,-0.142140053,-0.157915478,-0.075808771,-0.307761066,0.076848157,-1.414929824,-0.085740996,-0.468185485,0.025426383
2413,0.764490721,0.614306045,-0.142140053,-0.157738104,-0.075808771,-0.307761066,0.076848157,-1.414929824,-0.085740996,-0.468185485,0.025426383
2414,0.764490721,0.614306045,-0.142140053,-0.157561809,-0.075808771,-0.307761066,0.076848157,-1.414929824,-0.085740996,-0.468185485,0.025426383
2415,0.764490721,0.614306045,-0.142140053,-0.157377809,-0.075808771,-0.307761066,0.076848157,-1.414929824,-0.085740996,-0.468185485,0.025426383
2416,0.902090994,0.614306045,-0.142140053,-0.157198864,-0.075808771,-0.307761066,0.076848157,-1.414929824,-0.085740996,-0.632213985,0.499142058
2417,0.902090994,0.614306045,-0.142140053,-0.157015259,-0.075808771,-0.307761066,0.076848157,-1.414929824,-0.085740996,-0.632213985,0.499142058
2418,0.902090994,0.614306045,-0.142140053,-0.156846119,-0.075808771,-0.307761066,0.076848157,-1.414929824,-0.085740996,-0.632213985,0.499142058
2419,0.902090994,0.614306045,-0.142140053,-0.156656831,-0.075808771,-0.307761066,0.076848157,-1.414929824,-0.085740996,-0.632213985,0.499142058
2420,0.902090994,0.614306045,-0.142140053,-0.156470924,-0.075808771,-0.307761066,0.076848157,-1.414929824,-0.085740996,-0.632213985,0.499142058
2421,0.902090994,0.614306045,-0.142140053,-0.156294667,-0.075808771,-0.307761066,0.076848157,-1.414929824,-0.085740996,-0.632213985,0.499142058
2422,1.039691268,0.614306045,-0.142140053,-0.156113144,-0.075808771,-0.307761066,0.076848157,-1.414929824,-0.085740996,-0.765245104,0.349325381
2423,1.039691268,0.614306045,-0.142140053,-0.155929715,-0.075808771,-0.307761066,0.076848157,-1.414929824,-0.085740996,-0.765245104,0.349325381
2424,1.039691268,0.614306045,-0.142140053,-0.155750232,-0.075808771,-0.307761066,0.076848157,-1.414929824,1.560202687,-0.765245104,0.349325381
2425,1.039691268,0.614306045,-0.142140053,-0.155565223,-0.075808771,-0.307761066,0.076848157,-1.414929824,1.560202687,-0.765245104,0.349325381
2426,1.039691268,0.614306045,-0.142140053,-0.155388275,-0.075808771,-0.307761066,0.076848157,-1.414929824,1.560202687,-0.765245104,0.349325381
2427,1.039691268,0.614306045,-0.142140053,-0.155205908,-0.075808771,-0.307761066,0.076848157,-1.414929824,1.560202687,-0.765245104,0.349325381
2428,1.039691268,0.614306045,-0.142140053,-0.155024272,-0.075808771,-0.307761066,0.076848157,-1.414929824,1.560202687,-0.765245104,0.349325381
2429,1.039691268,0.614306045,-0.142140053,-0.154844384,-0.075808771,-0.307761066,0.076848157,-1.414929824,1.560202687,-0.765245104,0.349325381
2430,1.177291541,0.614306045,-0.142140053,-0.154662728,-0.075808771,-0.307761066,0.076848157,-1.414929824,1.560202687,-0.722577389,1.870105675
2431,1.177291541,0.614306045,-0.142140053,-0.154479298,-0.075808771,-0.307761066,0.076848157,-1.414929824,1.560202687,-0.722577389,1.870105675
2432,1.177291541,0.614306045,-0.142140053,-0.154297262,-0.075808771,-0.307761066,0.076848157,-1.414929824,1.560202687,-0.722577389,1.870105675
2433,1.177291541,0.614306045,-0.142140053,-0.154127352,-0.075808771,-0.307761066,0.076848157,-1.414929824,1.560202687,-0.722577389,1.870105675
2434,1.177291541,0.614306045,-0.142140053,-0.153942877,-0.075808771,-0.307761066,0.076848157,-1.414929824,1.560202687,-0.722577389,1.870105675
2435,1.177291541,0.614306045,-0.142140053,-0.153763046,-0.075808771,-0.307761066,0.076848157,-1.414929824,1.560202687,-0.722577389,1.870105675
2436,1.177291541,0.614306045,-0.142140053,-0.153584234,-0.075808771,-0.307761066,0.076848157,-1.414929824,1.560202687,-0.722577389,1.870105675
2437,1.177291541,0.614306045,-0.142140053,-0.15338826,-0.075808771,-0.307761066,0.076848157,-1.414929824,1.560202687,-0.722577389,1.870105675
2438,1.314891814,0.614306045,-0.142140053,-0.153214563,-0.075808771,-0.307761066,0.076848157,-1.414929824,1.560202687,-0.602593604,-1.581531403
2439,1.314891814,0.614306045,-0.142140053,-0.15303343,-0.075808771,-0.307761066,0.076848157,-1.414929824,1.560202687,-0.602593604,-1.581531403
2440,1.314891814,0.614306045,-0.142140053,-0.152856243,-0.075808771,-0.307761066,0.076848157,-1.414929824,1.560202687,-0.602593604,-1.581531403
2441,1.314891814,0.614306045,-0.142140053,-0.152672334,-0.075808771,-0.307761066,0.076848157,-1.414929824,1.560202687,-0.602593604,-1.581531403
2442,1.314891814,0.614306045,-0.142140053,-0.152501417,-0.075808771,-0.307761066,0.076848157,-1.414929824,1.560202687,-0.602593604,-1.581531403
2443,1.314891814,0.614306045,-0.142140053,-0.152313706,-0.075808771,-0.307761066,0.076848157,-1.414929824,1.560202687,-0.602593604,-1.581531403
2444,1.314891814,0.614306045,-0.142140053,-0.152133167,-0.075808771,-0.307761066,0.076848157,-1.414929824,1.560202687,-0.602593604,-1.581531403
2445,1.314891814,0.614306045,-0.142140053,-0.151951455,-0.075808771,-0.307761066,0.076848157,-1.414929824,1.560202687,-0.602593604,-1.581531403
2446,1.452492087,0.614306045,-0.142140053,-0.151767348,-0.075808771,-0.307761066,0.076848157,-1.414929824,1.560202687,-0.547299014,1.574273455
2447,1.452492087,0.614306045,-0.142140053,-0.151585217,-0.075808771,-0.307761066,0.076848157,-1.414929824,1.560202687,-0.547299014,1.574273455
2448,1.452492087,0.614306045,-0.142140053,-0.151410973,-0.075808771,-0.307761066,0.076848157,-1.414929824,1.560202687,-0.547299014,1.574273455
2449,1.452492087,0.614306045,-0.142140053,-0.151223677,-0.075808771,-0.307761066,0.076848157,-1.414929824,1.560202687,-0.547299014,1.574273455
2450,1.452492087,0.614306045,-0.142140053,-0.151048501,-0.075808771,-0.307761066,0.076848157,-1.414929824,1.560202687,-0.547299014,1.574273455
2451,1.452492087,0.614306045,-0.142140053,-0.1508738,-0.075808771,-0.307761066,0.076848157,-1.414929824,1.560202687,-0.547299014,1.574273455
2452,1.452492087,-1.627853101,7.035314646,-0.181082882,-0.075808771,-0.307761066,0.594347864,-1.414929824,-0.085740996,-0.547299014,1.574273455
2453,1.452492087,-1.627853101,-0.142140053,-0.180941348,-0.075808771,-0.307761066,0.594347864,-1.414929824,-0.085740996,-0.547299014,1.574273455
2454,1.452492087,-1.627853101,-0.142140053,-0.180750692,-0.075808771,-0.307761066,0.594347864,-1.414929824,-0.085740996,-0.547299014,1.574273455
2455,1.452492087,-1.627853101,-0.142140053,-0.180577344,-0.075808771,-0.307761066,0.594347864,-1.414929824,-0.085740996,-0.547299014,1.574273455
2456,1.452492087,-1.627853101,-0.142140053,-0.180396855,-0.075808771,-0.307761066,0.594347864,-1.414929824,-0.085740996,-0.547299014,1.574273455
2457,1.177291541,-1.627853101,-0.142140053,-0.180217919,-0.075808771,-0.307761066,0.594347864,-1.414929824,-0.085740996,-0.722577389,1.870105675
2458,1.177291541,-1.627853101,-0.142140053,-0.180034138,-0.075808771,-0.307761066,0.594347864,-1.414929824,-0.085740996,-0.722577389,1.870105675
2459,1.177291541,-1.627853101,-0.142140053,-0.179853286,-0.075808771,-0.307761066,0.594347864,-1.414929824,-0.085740996,-0.722577389,1.870105675
2460,1.177291541,-1.627853101,-0.142140053,-0.179673582,-0.075808771,-0.307761066,0.594347864,-1.414929824,-0.085740996,-0.722577389,1.870105675
2461,1.177291541,-1.627853101,-0.142140053,-0.179490152,-0.075808771,-0.307761066,0.594347864,-1.414929824,-0.085740996,-0.722577389,1.870105675
2462,1.177291541,-1.627853101,-0.142140053,-0.179284648,-0.075808771,-0.307761066,0.594347864,-1.414929824,-0.085740996,-0.722577389,1.870105675
2463,0.902090994,-1.627853101,-0.142140053,-0.179124621,-0.075808771,-0.307761066,0.594347864,-1.414929824,-0.085740996,-0.632213985,0.499142058
2464,0.902090994,-1.627853101,-0.142140053,-0.17895019,-0.075808771,-0.307761066,0.594347864,-1.414929824,-0.085740996,-0.632213985,0.499142058
2465,0.902090994,-1.627853101,-0.142140053,-0.178775656,-0.075808771,-0.307761066,0.594347864,-1.414929824,-0.085740996,-0.632213985,0.499142058
2466,0.902090994,-1.627853101,-0.142140053,-0.178586743,-0.075808771,-0.307761066,0.594347864,-1.414929824,-0.085740996,-0.632213985,0.499142058
2467,0.902090994,-1.627853101,-0.142140053,-0.178411231,-0.075808771,-0.307761066,0.594347864,-1.414929824,-0.085740996,-0.632213985,0.499142058
2468,0.902090994,-1.627853101,-0.142140053,-0.178225991,-0.075808771,-0.307761066,0.594347864,-1.414929824,-0.085740996,-0.632213985,0.499142058
2469,0.626890448,-1.627853101,-0.142140053,-0.178045971,-0.075808771,-0.307761066,0.594347864,-1.414929824,-0.085740996,-0.451371112,1.184507192
2470,0.626890448,-1.627853101,-0.142140053,-0.17787329,-0.075808771,-0.307761066,0.594347864,-1.414929824,-0.085740996,-0.451371112,1.184507192
2471,0.626890448,-1.627853101,-0.142140053,-0.177691231,-0.075808771,-0.307761066,0.594347864,-1.414929824,-0.085740996,-0.451371112,1.184507192
2472,0.626890448,-1.627853101,-0.142140053,-0.177504925,-0.075808771,-0.307761066,0.594347864,-1.414929824,-0.085740996,-0.451371112,1.184507192
2473,0.626890448,-1.627853101,-0.142140053,-0.177316707,-0.075808771,-0.307761066,0.594347864,-1.414929824,-0.085740996,-0.451371112,1.184507192
2474,0.626890448,-1.627853101,-0.142140053,-0.177138213,-0.075808771,-0.307761066,0.594347864,-1.414929824,-0.085740996,-0.451371112,1.184507192
2475,0.351689901,-1.627853101,-0.142140053,-0.176954103,-0.075808771,-0.307761066,0.594347864,-1.414929824,-0.085740996,-0.38205907,-0.893572516
2476,0.351689901,-1.627853101,-0.142140053,-0.176785853,-0.075808771,-0.307761066,0.594347864,-1.414929824,-0.085740996,-0.38205907,-0.893572516
2477,0.351689901,-1.627853101,-0.142140053,-0.176596284,-0.075808771,-0.307761066,0.594347864,-1.414929824,-0.085740996,-0.38205907,-0.893572516
2478,0.351689901,-1.627853101,-0.142140053,-0.17641371,-0.075808771,-0.307761066,0.594347864,-1.414929824,-0.085740996,-0.38205907,-0.893572516
2479,0.351689901,-1.627853101,-0.142140053,-0.176242161,-0.075808771,-0.307761066,0.594347864,-1.414929824,-0.085740996,-0.38205907,-0.893572516
2480,0.351689901,-1.627853101,-0.142140053,-0.17605661,-0.075808771,-0.307761066,0.594347864,-1.414929824,-0.085740996,-0.38205907,-0.893572516
2481,0.076489355,-1.627853101,-0.142140053,-0.175868411,-0.075808771,-0.307761066,0.594347864,-1.414929824,-0.085740996,-0.287596201,0.475905898
2482,0.076489355,-1.627853101,-0.142140053,-0.175693495,-0.075808771,-0.307761066,0.594347864,-1.414929824,-0.085740996,-0.287596201,0.475905898
2483,0.076489355,-1.627853101,-0.142140053,-0.175516222,-0.075808771,-0.307761066,0.594347864,-1.414929824,-0.085740996,-0.287596201,0.475905898
2484,0.076489355,0.614306045,7.035314646,-0.181082882,-0.075808771,0.050211258,0.594347864,1.11332049,1.560202687,-0.287596201,0.475905898
2485,0.076489355,0.614306045,-0.142140053,-0.180887375,-0.075808771,0.050211258,0.594347864,1.11332049,1.560202687,-0.287596201,0.475905898
2486,0.076489355,0.614306045,-0.142140053,-0.180538635,-0.075808771,0.050211258,0.594347864,1.11332049,1.560202687,-0.287596201,0.475905898
2487,0.076489355,0.614306045,-0.142140053,-0.180224264,-0.075808771,0.050211258,0.594347864,1.11332049,1.560202687,-0.287596201,0.475905898
2488,0.076489355,0.614306045,-0.142140053,-0.180036824,-0.075808771,0.050211258,0.594347864,1.11332049,1.560202687,-0.287596201,0.475905898
2489,0.076489355,0.614306045,-0.142140053,-0.179855438,-0.075808771,0.050211258,0.594347864,1.11332049,1.560202687,-0.287596201,0.475905898
2490,0.076489355,0.614306045,-0.142140053,-0.17963182,-0.075808771,0.050211258,0.594347864,1.11332049,1.560202687,-0.287596201,0.475905898
2491,0.214089628,0.614306045,-0.142140053,-0.179306182,-0.075808771,0.050211258,0.594347864,1.11332049,1.560202687,-0.225276461,1.088460372
2492,0.214089628,0.614306045,-0.142140053,-0.179124153,-0.075808771,0.050211258,0.594347864,1.11332049,1.560202687,-0.225276461,1.088460372
2493,0.214089628,0.614306045,-0.142140053,-0.178947516,-0.075808771,0.050211258,0.594347864,1.11332049,1.560202687,-0.225276461,1.088460372
2494,0.214089628,0.614306045,-0.142140053,-0.178776645,-0.075808771,0.050211258,0.594347864,1.11332049,1.560202687,-0.225276461,1.088460372
2495,0.214089628,0.614306045,-0.142140053,-0.17859398,-0.075808771,0.050211258,0.594347864,1.11332049,1.560202687,-0.225276461,1.088460372
2496,0.214089628,0.614306045,-0.142140053,-0.178408554,-0.075808771,0.050211258,0.594347864,1.11332049,1.560202687,-0.225276461,1.088460372
2497,0.214089628,0.614306045,-0.142140053,-0.178226835,-0.075808771,0.050211258,0.594347864,1.11332049,1.560202687,-0.225276461,1.088460372
2498,0.214089628,0.614306045,-0.142140053,-0.178047587,-0.075808771,0.050211258,0.594347864,1.11332049,1.560202687,-0.225276461,1.088460372
2499,0.351689901,0.614306045,-0.142140053,-0.177865433,-0.075808771,0.050211258,0.594347864,1.11332049,1.560202687,-0.38205907,-0.893572516
2500,0.351689901,0.614306045,-0.142140053,-0.17768838,-0.075808771,0.050211258,0.594347864,1.11332049,1.560202687,-0.38205907,-0.893572516
2501,0.351689901,0.614306045,-0.142140053,-0.177502349,-0.075808771,0.050211258,0.594347864,1.11332049,1.560202687,-0.38205907,-0.893572516
2502,0.351689901,0.614306045,-0.142140053,-0.177328928,-0.075808771,0.050211258,0.594347864,1.11332049,1.560202687,-0.38205907,-0.893572516
2503,0.351689901,0.614306045,-0.142140053,-0.177137302,-0.075808771,0.050211258,0.594347864,1.11332049,1.560202687,-0.38205907,-0.893572516
2504,0.351689901,0.614306045,-0.142140053,-0.176962947,-0.075808771,0.050211258,0.594347864,1.11332049,1.560202687,-0.38205907,-0.893572516
2505,0.351689901,0.614306045,-0.142140053,-0.176781857,-0.075808771,0.050211258,0.594347864,1.11332049,1.560202687,-0.38205907,-0.893572516
2506,0.351689901,0.614306045,-0.142140053,-0.17659707,-0.075808771,0.050211258,0.594347864,1.11332049,1.560202687,-0.38205907,-0.893572516
2507,0.489290174,0.614306045,-0.142140053,-0.176424704,-0.075808771,0.050211258,0.594347864,1.11332049,1.560202687,-0.300630395,-0.842633605
2508,0.489290174,0.614306045,-0.142140053,-0.176238417,-0.075808771,0.050211258,0.594347864,1.11332049,1.560202687,-0.300630395,-0.842633605
2509,0.489290174,0.614306045,-0.142140053,-0.176060547,-0.075808771,0.050211258,0.594347864,1.11332049,1.560202687,-0.300630395,-0.842633605
2510,0.489290174,0.614306045,-0.142140053,-0.175879761,-0.075808771,0.050211258,0.594347864,1.11332049,1.560202687,-0.300630395,-0.842633605
2511,0.489290174,0.614306045,-0.142140053,-0.175701781,-0.075808771,0.050211258,0.594347864,1.11332049,1.560202687,-0.300630395,-0.842633605
2512,0.489290174,0.614306045,-0.142140053,-0.175514334,-0.075808771,0.050211258,0.594347864,1.11332049,1.560202687,-0.300630395,-0.842633605
2513,0.489290174,0.614306045,-0.142140053,-0.175333451,-0.075808771,0.050211258,0.594347864,1.11332049,1.560202687,-0.300630395,-0.842633605
2514,0.489290174,0.614306045,-0.142140053,-0.175149284,-0.075808771,0.050211258,0.594347864,1.11332049,1.560202687,-0.300630395,-0.842633605
2515,0.626890448,0.614306045,-0.142140053,-0.174980951,-0.075808771,0.050211258,0.594347864,1.11332049,1.560202687,-0.451371112,1.184507192
2516,0.626890448,0.614306045,-0.142140053,-0.174799071,-0.075808771,0.050211258,0.594347864,1.11332049,1.560202687,-0.451371112,1.184507192
2517,0.626890448,0.614306045,-0.142140053,-0.174612931,-0.075808771,0.050211258,0.594347864,1.11332049,1.560202687,-0.451371112,1.184507192
2518,0.626890448,0.614306045,-0.142140053,-0.174431378,-0.075808771,0.050211258,0.594347864,1.11332049,1.560202687,-0.451371112,1.184507192
2519,0.626890448,0.614306045,-0.142140053,-0.174246268,-0.075808771,0.050211258,0.594347864,1.11332049,1.560202687,-0.451371112,1.184507192
2520,0.626890448,0.614306045,-0.142140053,-0.17407181,-0.075808771,0.050211258,0.594347864,1.11332049,1.560202687,-0.451371112,1.184507192
2521,0.626890448,0.614306045,-0.142140053,-0.17389547,-0.075808771,0.050211258,0.594347864,1.11332049,1.560202687,-0.451371112,1.184507192
2522,0.626890448,0.614306045,-0.142140053,-0.173705379,-0.075808771,0.050211258,0.594347864,1.11332049,1.560202687,-0.451371112,1.184507192
2523,0.764490721,0.614306045,-0.142140053,-0.173526395,-0.075808771,0.050211258,0.594347864,1.11332049,1.560202687,-0.468185485,0.025426383
2524,0.764490721,0.614306045,-0.142140053,-0.173345815,-0.075808771,0.050211258,0.594347864,1.11332049,1.560202687,-0.468185485,0.025426383
2525,0.764490721,0.614306045,-0.142140053,-0.173160842,-0.075808771,0.050211258,0.594347864,1.11332049,1.560202687,-0.468185485,0.025426383
2526,0.764490721,0.614306045,-0.142140053,-0.172980016,-0.075808771,0.050211258,0.594347864,1.11332049,1.560202687,-0.468185485,0.025426383
2527,0.764490721,0.614306045,-0.142140053,-0.172804236,-0.075808771,0.050211258,0.594347864,1.11332049,1.560202687,-0.468185485,0.025426383
2528,0.764490721,0.614306045,-0.142140053,-0.17262555,-0.075808771,0.050211258,0.594347864,1.11332049,1.560202687,-0.468185485,0.025426383
2529,0.764490721,0.614306045,-0.142140053,-0.172446617,-0.075808771,0.050211258,0.594347864,1.11332049,1.560202687,-0.468185485,0.025426383
2530,0.764490721,0.614306045,-0.142140053,-0.1722492,-0.075808771,0.050211258,0.594347864,1.11332049,1.560202687,-0.468185485,0.025426383
2531,0.902090994,0.614306045,-0.142140053,-0.172083296,-0.075808771,0.050211258,0.594347864,1.11332049,1.560202687,-0.632213985,0.499142058
2532,0.902090994,0.614306045,-0.142140053,-0.171901263,-0.075808771,0.050211258,0.594347864,1.11332049,1.560202687,-0.632213985,0.499142058
2533,0.902090994,0.614306045,-0.142140053,-0.171724372,-0.075808771,0.050211258,0.594347864,1.11332049,1.560202687,-0.632213985,0.499142058
2534,0.902090994,0.614306045,-0.142140053,-0.17153725,-0.075808771,0.050211258,0.594347864,1.11332049,1.560202687,-0.632213985,0.499142058
2535,0.902090994,0.614306045,-0.142140053,-0.171359225,-0.075808771,0.050211258,0.594347864,1.11332049,1.560202687,-0.632213985,0.499142058
2536,0.902090994,0.614306045,-0.142140053,-0.171174099,-0.075808771,0.050211258,0.594347864,1.11332049,1.560202687,-0.632213985,0.499142058
2537,0.902090994,0.614306045,-0.142140053,-0.170995667,-0.075808771,0.050211258,0.594347864,1.11332049,1.560202687,-0.632213985,0.499142058
2538,0.902090994,0.614306045,-0.142140053,-0.170822284,-0.075808771,0.050211258,0.594347864,1.11332049,1.560202687,-0.632213985,0.499142058
2539,1.039691268,0.614306045,-0.142140053,-0.170639056,-0.075808771,0.050211258,0.594347864,1.11332049,1.560202687,-0.765245104,0.349325381
2540,1.039691268,0.614306045,-0.142140053,-0.170448855,-0.075808771,0.050211258,0.594347864,1.11332049,1.560202687,-0.765245104,0.349325381
2541,1.039691268,0.614306045,-0.142140053,-0.170268212,-0.075808771,0.050211258,0.594347864,1.11332049,1.560202687,-0.765245104,0.349325381
2542,1.039691268,0.614306045,-0.142140053,-0.170095987,-0.075808771,0.050211258,0.594347864,1.11332049,1.560202687,-0.765245104,0.349325381
2543,1.039691268,0.614306045,-0.142140053,-0.169906861,-0.075808771,0.050211258,0.594347864,1.11332049,1.560202687,-0.765245104,0.349325381
2544,1.039691268,0.614306045,-0.142140053,-0.169692592,-0.075808771,0.050211258,0.594347864,1.11332049,1.560202687,-0.765245104,0.349325381
2545,1.039691268,0.614306045,-0.142140053,-0.169539064,-0.075808771,0.050211258,0.594347864,1.11332049,1.560202687,-0.765245104,0.349325381
2546,1.039691268,0.614306045,-0.142140053,-0.169373772,-0.075808771,0.050211258,0.594347864,1.11332049,1.560202687,-0.765245104,0.349325381
2547,1.177291541,0.614306045,-0.142140053,-0.169187806,-0.075808771,0.050211258,0.594347864,1.11332049,1.560202687,-0.722577389,1.870105675
2548,1.177291541,0.614306045,-0.142140053,-0.169005964,-0.075808771,0.050211258,0.594347864,1.11332049,1.560202687,-0.722577389,1.870105675
2549,1.177291541,0.614306045,-0.142140053,-0.168824079,-0.075808771,0.050211258,0.594347864,1.11332049,1.560202687,-0.722577389,1.870105675
2550,1.177291541,0.614306045,-0.142140053,-0.168640779,-0.075808771,0.050211258,0.594347864,1.11332049,1.560202687,-0.722577389,1.870105675
2551,1.177291541,0.614306045,-0.142140053,-0.16846068,-0.075808771,0.050211258,0.594347864,1.11332049,1.560202687,-0.722577389,1.870105675
2552,1.177291541,0.614306045,-0.142140053,-0.168280645,-0.075808771,0.050211258,0.594347864,1.11332049,1.560202687,-0.722577389,1.870105675
2553,1.177291541,0.614306045,-0.142140053,-0.168101939,-0.075808771,0.050211258,0.594347864,1.11332049,1.560202687,-0.722577389,1.870105675
2554,1.177291541,0.614306045,-0.142140053,-0.1678653,-0.075808771,0.050211258,0.594347864,1.11332049,1.560202687,-0.722577389,1.870105675
2555,1.314891814,0.614306045,-0.142140053,-0.167554329,-0.075808771,0.050211258,0.594347864,1.11332049,1.560202687,-0.602593604,-1.581531403
2556,1.314891814,0.614306045,-0.142140053,-0.167382764,-0.075808771,0.050211258,0.594347864,1.11332049,1.560202687,-0.602593604,-1.581531403
2557,1.314891814,0.614306045,-0.142140053,-0.167198517,-0.075808771,0.050211258,0.594347864,1.11332049,1.560202687,-0.602593604,-1.581531403
2558,1.314891814,0.614306045,-0.142140053,-0.167012674,-0.075808771,0.050211258,0.594347864,1.11332049,1.560202687,-0.602593604,-1.581531403
2559,1.314891814,0.614306045,-0.142140053,-0.166821989,-0.075808771,0.050211258,0.594347864,1.11332049,1.560202687,-0.602593604,-1.581531403
2560,1.314891814,0.614306045,-0.142140053,-0.166645022,-0.075808771,0.050211258,0.594347864,1.11332049,1.560202687,-0.602593604,-1.581531403
2561,1.314891814,0.614306045,-0.142140053,-0.166479707,-0.075808771,0.050211258,0.594347864,1.11332049,1.560202687,-0.602593604,-1.581531403
2562,1.314891814,0.614306045,-0.142140053,-0.166289682,-0.075808771,0.050211258,0.594347864,1.11332049,1.560202687,-0.602593604,-1.581531403
2563,1.452492087,0.614306045,-0.142140053,-0.16610205,-0.075808771,0.050211258,0.594347864,1.11332049,1.560202687,-0.547299014,1.574273455
2564,1.452492087,0.614306045,-0.142140053,-0.165928449,-0.075808771,0.050211258,0.594347864,1.11332049,1.560202687,-0.547299014,1.574273455
2565,1.452492087,0.614306045,-0.142140053,-0.16574871,-0.075808771,0.050211258,0.594347864,1.11332049,1.560202687,-0.547299014,1.574273455
2566,1.452492087,0.614306045,-0.142140053,-0.165570248,-0.075808771,0.050211258,0.594347864,1.11332049,1.560202687,-0.547299014,1.574273455
2567,1.452492087,0.614306045,-0.142140053,-0.165391965,-0.075808771,0.050211258,0.594347864,1.11332049,1.560202687,-0.547299014,1.574273455
2568,1.452492087,0.614306045,-0.142140053,-0.165212888,-0.075808771,0.050211258,0.594347864,1.11332049,1.560202687,-0.547299014,1.574273455
2569,1.452492087,0.614306045,-0.142140053,-0.165029658,-0.075808771,0.050211258,0.594347864,1.11332049,1.560202687,-0.547299014,1.574273455
2570,1.452492087,0.614306045,-0.142140053,-0.164846453,-0.075808771,0.050211258,0.594347864,1.11332049,1.560202687,-0.547299014,1.574273455
2571,1.590092361,0.614306045,-0.142140053,-0.164657774,-0.075808771,0.050211258,0.594347864,1.11332049,1.560202687,-0.28553552,0.188402896
2572,1.590092361,0.614306045,-0.142140053,-0.164481689,-0.075808771,0.050211258,0.594347864,1.11332049,1.560202687,-0.28553552,0.188402896
2573,1.590092361,0.614306045,-0.142140053,-0.164305509,-0.075808771,0.050211258,0.594347864,1.11332049,1.560202687,-0.28553552,0.188402896
2574,1.590092361,0.614306045,-0.142140053,-0.164119967,-0.075808771,0.050211258,0.594347864,1.11332049,1.560202687,-0.28553552,0.188402896
2575,1.590092361,0.614306045,-0.142140053,-0.163943003,-0.075808771,0.050211258,0.594347864,1.11332049,1.560202687,-0.28553552,0.188402896
2576,1.590092361,-1.627853101,7.035314646,-0.181082882,-0.090983867,0.050211258,0.766847767,1.11332049,-0.085740996,-0.28553552,0.188402896
2577,1.590092361,-1.627853101,-0.142140053,-0.18090051,-0.090983867,0.050211258,0.766847767,1.11332049,-0.085740996,-0.28553552,0.188402896
2578,1.590092361,-1.627853101,-0.142140053,-0.180707773,-0.090983867,0.050211258,0.766847767,1.11332049,-0.085740996,-0.28553552,0.188402896
2579,1.590092361,-1.627853101,-0.142140053,-0.180529712,-0.090983867,0.050211258,0.766847767,1.11332049,-0.085740996,-0.28553552,0.188402896
2580,1.590092361,-1.627853101,-0.142140053,-0.180354115,-0.090983867,0.050211258,0.766847767,1.11332049,-0.085740996,-0.28553552,0.188402896
2581,1.314891814,-1.627853101,-0.142140053,-0.180168197,-0.090983867,0.050211258,0.766847767,1.11332049,-0.085740996,-0.602593604,-1.581531403
2582,1.314891814,-1.627853101,-0.142140053,-0.179994732,-0.090983867,0.050211258,0.766847767,1.11332049,-0.085740996,-0.602593604,-1.581531403
2583,1.314891814,-1.627853101,-0.142140053,-0.179807919,-0.090983867,0.050211258,0.766847767,1.11332049,-0.085740996,-0.602593604,-1.581531403
2584,1.314891814,-1.627853101,-0.142140053,-0.179624731,-0.090983867,0.050211258,0.766847767,1.11332049,-0.085740996,-0.602593604,-1.581531403
2585,1.314891814,-1.627853101,-0.142140053,-0.179448612,-0.090983867,0.050211258,0.766847767,1.11332049,-0.085740996,-0.602593604,-1.581531403
2586,1.314891814,-1.627853101,-0.142140053,-0.179271082,-0.090983867,0.050211258,0.766847767,1.11332049,-0.085740996,-0.602593604,-1.581531403
2587,1.039691268,-1.627853101,-0.142140053,-0.179089033,-0.090983867,0.050211258,0.766847767,1.11332049,-0.085740996,-0.765245104,0.349325381
2588,1.039691268,-1.627853101,-0.142140053,-0.178880003,-0.090983867,0.050211258,0.766847767,1.11332049,-0.085740996,-0.765245104,0.349325381
2589,1.039691268,-1.627853101,-0.142140053,-0.178729763,-0.090983867,0.050211258,0.766847767,1.11332049,-0.085740996,-0.765245104,0.349325381
2590,1.039691268,-1.627853101,-0.142140053,-0.178542733,-0.090983867,0.050211258,0.766847767,1.11332049,-0.085740996,-0.765245104,0.349325381
2591,1.039691268,-1.627853101,-0.142140053,-0.178356049,-0.090983867,0.050211258,0.766847767,1.11332049,-0.085740996,-0.765245104,0.349325381
2592,1.039691268,-1.627853101,-0.142140053,-0.178187447,-0.090983867,0.050211258,0.766847767,1.11332049,-0.085740996,-0.765245104,0.349325381
2593,0.764490721,-1.627853101,-0.142140053,-0.177997121,-0.090983867,0.050211258,0.766847767,1.11332049,-0.085740996,-0.468185485,0.025426383
2594,0.764490721,-1.627853101,-0.142140053,-0.177816954,-0.090983867,0.050211258,0.766847767,1.11332049,-0.085740996,-0.468185485,0.025426383
2595,0.764490721,0.614306045,7.035314646,-0.181082882,-0.090983867,-0.194317247,0.766847767,1.903398713,1.560202687,-0.468185485,0.025426383
2596,0.764490721,0.614306045,-0.142140053,-0.180900872,-0.090983867,-0.194317247,0.766847767,1.903398713,1.560202687,-0.468185485,0.025426383
2597,0.764490721,0.614306045,-0.142140053,-0.180715067,-0.090983867,-0.194317247,0.766847767,1.903398713,1.560202687,-0.468185485,0.025426383
2598,0.764490721,0.614306045,-0.142140053,-0.180536532,-0.090983867,-0.194317247,0.766847767,1.903398713,1.560202687,-0.468185485,0.025426383
2599,0.764490721,0.614306045,-0.142140053,-0.180347002,-0.090983867,-0.194317247,0.766847767,1.903398713,1.560202687,-0.468185485,0.025426383
2600,0.764490721,0.614306045,-0.142140053,-0.180176105,-0.090983867,-0.194317247,0.766847767,1.903398713,1.560202687,-0.468185485,0.025426383
2601,0.764490721,0.614306045,-0.142140053,-0.179949246,-0.090983867,-0.194317247,0.766847767,1.903398713,1.560202687,-0.468185485,0.025426383
2602,0.902090994,0.614306045,-0.142140053,-0.179602352,-0.090983867,-0.194317247,0.766847767,1.903398713,1.560202687,-0.632213985,0.499142058
2603,0.902090994,0.614306045,-0.142140053,-0.17945145,-0.090983867,-0.194317247,0.766847767,1.903398713,1.560202687,-0.632213985,0.499142058
2604,0.902090994,0.614306045,-0.142140053,-0.179265118,-0.090983867,-0.194317247,0.766847767,1.903398713,1.560202687,-0.632213985,0.499142058
2605,0.902090994,0.614306045,-0.142140053,-0.17908634,-0.090983867,-0.194317247,0.766847767,1.903398713,1.560202687,-0.632213985,0.499142058
2606,0.902090994,0.614306045,-0.142140053,-0.178901315,-0.090983867,-0.194317247,0.766847767,1.903398713,1.560202687,-0.632213985,0.499142058
2607,0.902090994,0.614306045,-0.142140053,-0.178710755,-0.090983867,-0.194317247,0.766847767,1.903398713,1.560202687,-0.632213985,0.499142058
2608,0.902090994,0.614306045,-0.142140053,-0.178544656,-0.090983867,-0.194317247,0.766847767,1.903398713,1.560202687,-0.632213985,0.499142058
2609,0.902090994,0.614306045,-0.142140053,-0.178368422,-0.090983867,-0.194317247,0.766847767,1.903398713,1.560202687,-0.632213985,0.499142058
2610,1.039691268,0.614306045,-0.142140053,-0.178176808,-0.090983867,-0.194317247,0.766847767,1.903398713,1.560202687,-0.765245104,0.349325381
2611,1.039691268,0.614306045,-0.142140053,-0.177998743,-0.090983867,-0.194317247,0.766847767,1.903398713,1.560202687,-0.765245104,0.349325381
2612,1.039691268,0.614306045,-0.142140053,-0.177810967,-0.090983867,-0.194317247,0.766847767,1.903398713,1.560202687,-0.765245104,0.349325381
2613,1.039691268,0.614306045,-0.142140053,-0.177637926,-0.090983867,-0.194317247,0.766847767,1.903398713,1.560202687,-0.765245104,0.349325381
2614,1.039691268,0.614306045,-0.142140053,-0.177452506,-0.090983867,-0.194317247,0.766847767,1.903398713,1.560202687,-0.765245104,0.349325381
2615,1.039691268,0.614306045,-0.142140053,-0.177285619,-0.090983867,-0.194317247,0.766847767,1.903398713,1.560202687,-0.765245104,0.349325381
2616,1.039691268,0.614306045,-0.142140053,-0.176933913,-0.090983867,-0.194317247,0.766847767,1.903398713,1.560202687,-0.765245104,0.349325381
2617,1.039691268,0.614306045,-0.142140053,-0.17674878,-0.090983867,-0.194317247,0.766847767,1.903398713,1.560202687,-0.765245104,0.349325381
2618,1.177291541,0.614306045,-0.142140053,-0.176558,-0.090983867,-0.194317247,0.766847767,1.903398713,1.560202687,-0.722577389,1.870105675
2619,1.177291541,0.614306045,-0.142140053,-0.176367483,-0.090983867,-0.194317247,0.766847767,1.903398713,1.560202687,-0.722577389,1.870105675
2620,1.177291541,0.614306045,-0.142140053,-0.17619258,-0.090983867,-0.194317247,0.766847767,1.903398713,1.560202687,-0.722577389,1.870105675
2621,1.177291541,0.614306045,-0.142140053,-0.176016757,-0.090983867,-0.194317247,0.766847767,1.903398713,1.560202687,-0.722577389,1.870105675
2622,1.177291541,0.614306045,-0.142140053,-0.175836147,-0.090983867,-0.194317247,0.766847767,1.903398713,1.560202687,-0.722577389,1.870105675
2623,1.177291541,0.614306045,-0.142140053,-0.175649799,-0.090983867,-0.194317247,0.766847767,1.903398713,1.560202687,-0.722577389,1.870105675
2624,1.177291541,0.614306045,-0.142140053,-0.175471476,-0.090983867,-0.194317247,0.766847767,1.903398713,1.560202687,-0.722577389,1.870105675
2625,1.177291541,0.614306045,-0.142140053,-0.175292951,-0.090983867,-0.194317247,0.766847767,1.903398713,1.560202687,-0.722577389,1.870105675
2626,1.314891814,0.614306045,-0.142140053,-0.175118196,-0.090983867,-0.194317247,0.766847767,1.903398713,1.560202687,-0.602593604,-1.581531403
2627,1.314891814,0.614306045,-0.142140053,-0.174927082,-0.090983867,-0.194317247,0.766847767,1.903398713,1.560202687,-0.602593604,-1.581531403
2628,1.314891814,0.614306045,-0.142140053,-0.174750061,-0.090983867,-0.194317247,0.766847767,1.903398713,1.560202687,-0.602593604,-1.581531403
2629,1.314891814,0.614306045,-0.142140053,-0.174562567,-0.090983867,-0.194317247,0.766847767,1.903398713,1.560202687,-0.602593604,-1.581531403
2630,1.314891814,0.614306045,-0.142140053,-0.174386542,-0.090983867,-0.194317247,0.766847767,1.903398713,1.560202687,-0.602593604,-1.581531403
2631,1.314891814,0.614306045,-0.142140053,-0.174210575,-0.090983867,-0.194317247,0.766847767,1.903398713,1.560202687,-0.602593604,-1.581531403
2632,1.314891814,0.614306045,-0.142140053,-0.174034779,-0.090983867,-0.194317247,0.766847767,1.903398713,1.560202687,-0.602593604,-1.581531403
2633,1.314891814,0.614306045,-0.142140053,-0.173845626,-0.090983867,-0.194317247,0.766847767,1.903398713,1.560202687,-0.602593604,-1.581531403
2634,1.452492087,0.614306045,-0.142140053,-0.173665001,-0.090983867,-0.194317247,0.766847767,1.903398713,1.560202687,-0.547299014,1.574273455
2635,1.452492087,0.614306045,-0.142140053,-0.173481833,-0.090983867,-0.194317247,0.766847767,1.903398713,1.560202687,-0.547299014,1.574273455
2636,1.452492087,0.614306045,-0.142140053,-0.173302003,-0.090983867,-0.194317247,0.766847767,1.903398713,1.560202687,-0.547299014,1.574273455
2637,1.452492087,0.614306045,-0.142140053,-0.173120327,-0.090983867,-0.194317247,0.766847767,1.903398713,1.560202687,-0.547299014,1.574273455
2638,1.452492087,0.614306045,-0.142140053,-0.172941637,-0.090983867,-0.194317247,0.766847767,1.903398713,1.560202687,-0.547299014,1.574273455
2639,1.452492087,0.614306045,-0.142140053,-0.172764028,-0.090983867,-0.194317247,0.766847767,1.903398713,1.560202687,-0.547299014,1.574273455
2640,1.452492087,-1.627853101,7.035314646,-0.181082882,-0.101182346,-0.194317247,0.594347864,1.903398713,-0.085740996,-0.547299014,1.574273455
2641,1.452492087,-1.627853101,-0.142140053,-0.180901304,-0.101182346,-0.194317247,0.594347864,1.903398713,-0.085740996,-0.547299014,1.574273455
2642,1.452492087,-1.627853101,-0.142140053,-0.180719003,-0.101182346,-0.194317247,0.594347864,1.903398713,-0.085740996,-0.547299014,1.574273455
2643,1.452492087,-1.627853101,-0.142140053,-0.180542305,-0.101182346,-0.194317247,0.594347864,1.903398713,-0.085740996,-0.547299014,1.574273455
2644,1.452492087,-1.627853101,-0.142140053,-0.180352729,-0.101182346,-0.194317247,0.594347864,1.903398713,-0.085740996,-0.547299014,1.574273455
2645,1.177291541,-1.627853101,-0.142140053,-0.180177852,-0.101182346,-0.194317247,0.594347864,1.903398713,-0.085740996,-0.722577389,1.870105675
2646,1.177291541,-1.627853101,-0.142140053,-0.179995808,-0.101182346,-0.194317247,0.594347864,1.903398713,-0.085740996,-0.722577389,1.870105675
2647,1.177291541,-1.627853101,-0.142140053,-0.179808429,-0.101182346,-0.194317247,0.594347864,1.903398713,-0.085740996,-0.722577389,1.870105675
2648,1.177291541,-1.627853101,-0.142140053,-0.179636874,-0.101182346,-0.194317247,0.594347864,1.903398713,-0.085740996,-0.722577389,1.870105675
2649,1.177291541,-1.627853101,-0.142140053,-0.179451546,-0.101182346,-0.194317247,0.594347864,1.903398713,-0.085740996,-0.722577389,1.870105675
2650,1.177291541,-1.627853101,-0.142140053,-0.179270709,-0.101182346,-0.194317247,0.594347864,1.903398713,-0.085740996,-0.722577389,1.870105675
2651,0.902090994,-1.627853101,-0.142140053,-0.179095783,-0.101182346,-0.194317247,0.594347864,1.903398713,-0.085740996,-0.632213985,0.499142058
2652,0.902090994,-1.627853101,-0.142140053,-0.17891697,-0.101182346,-0.194317247,0.594347864,1.903398713,1.560202687,-0.632213985,0.499142058
2653,0.902090994,-1.627853101,-0.142140053,-0.17873068,-0.101182346,-0.194317247,0.594347864,1.903398713,1.560202687,-0.632213985,0.499142058
2654,0.902090994,-1.627853101,-0.142140053,-0.178550617,-0.101182346,-0.194317247,0.594347864,1.903398713,1.560202687,-0.632213985,0.499142058
2655,0.902090994,-1.627853101,-0.142140053,-0.178364286,-0.101182346,-0.194317247,0.594347864,1.903398713,1.560202687,-0.632213985,0.499142058
2656,0.902090994,-1.627853101,-0.142140053,-0.178186272,-0.101182346,-0.194317247,0.594347864,1.903398713,1.560202687,-0.632213985,0.499142058
2657,0.902090994,-1.627853101,-0.142140053,-0.178004158,-0.101182346,-0.194317247,0.594347864,1.903398713,1.560202687,-0.632213985,0.499142058
2658,0.902090994,-1.627853101,-0.142140053,-0.177834107,-0.101182346,-0.194317247,0.594347864,1.903398713,1.560202687,-0.632213985,0.499142058
2659,-2.125115018,-1.627853101,-0.142140053,-0.177644361,-0.101182346,-0.194317247,0.594347864,1.903398713,1.560202687,3.214156532,-0.786329294
2660,-2.125115018,-1.627853101,-0.142140053,-0.177461682,-0.101182346,-0.194317247,0.594347864,1.903398713,1.560202687,3.214156532,-0.786329294
2661,-2.125115018,-1.627853101,-0.142140053,-0.177277854,-0.101182346,-0.194317247,0.594347864,1.903398713,1.560202687,3.214156532,-0.786329294
2662,-2.125115018,-1.627853101,-0.142140053,-0.177106586,-0.101182346,-0.194317247,0.594347864,1.903398713,1.560202687,3.214156532,-0.786329294
2663,-2.125115018,-1.627853101,-0.142140053,-0.176925639,-0.101182346,-0.194317247,0.594347864,1.903398713,1.560202687,3.214156532,-0.786329294
2664,-2.125115018,-1.627853101,-0.142140053,-0.176735524,-0.101182346,-0.194317247,0.594347864,1.903398713,1.560202687,3.214156532,-0.786329294
2665,-2.125115018,-1.627853101,-0.142140053,-0.176547053,-0.101182346,-0.194317247,0.594347864,1.903398713,1.560202687,3.214156532,-0.786329294
2666,-2.125115018,-1.627853101,-0.142140053,-0.176370298,-0.101182346,-0.194317247,0.594347864,1.903398713,1.560202687,3.214156532,-0.786329294
2667,-2.125115018,-1.627853101,-0.142140053,-0.176204064,-0.101182346,-0.194317247,0.594347864,1.903398713,1.560202687,3.214156532,-0.786329294
2668,-2.125115018,-1.627853101,-0.142140053,-0.176018509,-0.101182346,-0.194317247,0.594347864,1.903398713,1.560202687,3.214156532,-0.786329294
2669,-2.125115018,-1.627853101,-0.142140053,-0.175832553,-0.101182346,-0.194317247,0.594347864,1.903398713,1.560202687,3.214156532,-0.786329294
2670,-2.125115018,-1.627853101,-0.142140053,-0.175662017,-0.101182346,-0.194317247,0.594347864,1.903398713,1.560202687,3.214156532,-0.786329294
2671,-2.125115018,0.614306045,7.035314646,-0.181082882,-0.101182346,0.034961326,0.594347864,-1.414929824,-0.085740996,3.214156532,-0.786329294
2672,-2.125115018,0.614306045,-0.142140053,-0.180934609,-0.101182346,0.034961326,0.594347864,-1.414929824,-0.085740996,3.214156532,-0.786329294
2673,-2.125115018,0.614306045,-0.142140053,-0.180697728,-0.101182346,0.034961326,0.594347864,-1.414929824,-0.085740996,3.214156532,-0.786329294
2674,-2.125115018,0.614306045,-0.142140053,-0.180386262,-0.101182346,0.034961326,0.594347864,-1.414929824,-0.085740996,3.214156532,-0.786329294
2675,-2.125115018,0.614306045,-0.142140053,-0.180203868,-0.101182346,0.034961326,0.594347864,-1.414929824,-0.085740996,3.214156532,-0.786329294
2676,-1.987514745,0.614306045,-0.142140053,-0.180026622,-0.101182346,0.034961326,0.594347864,-1.414929824,-0.085740996,3.05253165,-1.059116976
2677,-1.987514745,0.614306045,-0.142140053,-0.179850362,-0.101182346,0.034961326,0.594347864,-1.414929824,-0.085740996,3.05253165,-1.059116976
2678,-1.987514745,0.614306045,-0.142140053,-0.179668059,-0.101182346,0.034961326,0.594347864,-1.414929824,-0.085740996,3.05253165,-1.059116976
2679,-1.987514745,0.614306045,-0.142140053,-0.179487668,-0.101182346,0.034961326,0.594347864,-1.414929824,-0.085740996,3.05253165,-1.059116976
2680,-1.987514745,0.614306045,-0.142140053,-0.179311812,-0.101182346,0.034961326,0.594347864,-1.414929824,-0.085740996,3.05253165,-1.059116976
2681,-1.987514745,0.614306045,-0.142140053,-0.179122819,-0.101182346,0.034961326,0.594347864,-1.414929824,-0.085740996,3.05253165,-1.059116976
2682,-1.849914471,0.614306045,-0.142140053,-0.178942638,-0.101182346,0.034961326,0.594347864,-1.414929824,-0.085740996,2.640927919,0.565173491
2683,-1.849914471,0.614306045,-0.142140053,-0.178768592,-0.101182346,0.034961326,0.594347864,-1.414929824,-0.085740996,2.640927919,0.565173491
2684,-1.849914471,0.614306045,-0.142140053,-0.178586689,-0.101182346,0.034961326,0.594347864,-1.414929824,-0.085740996,2.640927919,0.565173491
2685,-1.849914471,0.614306045,-0.142140053,-0.17840004,-0.101182346,0.034961326,0.594347864,-1.414929824,-0.085740996,2.640927919,0.565173491
2686,-1.849914471,0.614306045,-0.142140053,-0.178215535,-0.101182346,0.034961326,0.594347864,-1.414929824,-0.085740996,2.640927919,0.565173491
2687,-1.849914471,0.614306045,-0.142140053,-0.178033024,-0.101182346,0.034961326,0.594347864,-1.414929824,-0.085740996,2.640927919,0.565173491
2688,-1.712314198,0.614306045,-0.142140053,-0.177845419,-0.101182346,0.034961326,0.594347864,-1.414929824,-0.085740996,1.926914244,1.433251598
2689,-1.712314198,0.614306045,-0.142140053,-0.177681327,-0.101182346,0.034961326,0.594347864,-1.414929824,-0.085740996,1.926914244,1.433251598
2690,-1.712314198,0.614306045,-0.142140053,-0.177502362,-0.101182346,0.034961326,0.594347864,-1.414929824,-0.085740996,1.926914244,1.433251598
2691,-1.712314198,0.614306045,-0.142140053,-0.177320616,-0.101182346,0.034961326,0.594347864,-1.414929824,-0.085740996,1.926914244,1.433251598
2692,-1.712314198,0.614306045,-0.142140053,-0.177134656,-0.101182346,0.034961326,0.594347864,-1.414929824,-0.085740996,1.926914244,1.433251598
2693,-1.712314198,0.614306045,-0.142140053,-0.17695143,-0.101182346,0.034961326,0.594347864,-1.414929824,-0.085740996,1.926914244,1.433251598
2694,-1.574713925,0.614306045,-0.142140053,-0.176777097,-0.101182346,0.034961326,0.594347864,-1.414929824,-0.085740996,1.849648102,-0.158675159
2695,-1.574713925,0.614306045,-0.142140053,-0.176563256,-0.101182346,0.034961326,0.594347864,-1.414929824,-0.085740996,1.849648102,-0.158675159
2696,-1.574713925,0.614306045,-0.142140053,-0.176412878,-0.101182346,0.034961326,0.594347864,-1.414929824,-0.085740996,1.849648102,-0.158675159
2697,-1.574713925,0.614306045,-0.142140053,-0.176231874,-0.101182346,0.034961326,0.594347864,-1.414929824,-0.085740996,1.849648102,-0.158675159
2698,-1.574713925,0.614306045,-0.142140053,-0.176053639,-0.101182346,0.034961326,0.594347864,-1.414929824,-0.085740996,1.849648102,-0.158675159
2699,-1.574713925,0.614306045,-0.142140053,-0.175874246,-0.101182346,0.034961326,0.594347864,-1.414929824,-0.085740996,1.849648102,-0.158675159
2700,-1.437113651,0.614306045,-0.142140053,-0.175671513,-0.101182346,0.034961326,0.594347864,-1.414929824,-0.085740996,1.088790164,-2.108568903
2701,-1.437113651,0.614306045,-0.142140053,-0.175509257,-0.101182346,0.034961326,0.594347864,-1.414929824,-0.085740996,1.088790164,-2.108568903
2702,-1.437113651,0.614306045,-0.142140053,-0.175322189,-0.101182346,0.034961326,0.594347864,-1.414929824,-0.085740996,1.088790164,-2.108568903
2703,-1.437113651,0.614306045,-0.142140053,-0.175148877,-0.101182346,0.034961326,0.594347864,-1.414929824,-0.085740996,1.088790164,-2.108568903
2704,-1.437113651,0.614306045,-0.142140053,-0.174972209,-0.101182346,0.034961326,0.594347864,-1.414929824,-0.085740996,1.088790164,-2.108568903
2705,-1.437113651,0.614306045,-0.142140053,-0.174746139,-0.101182346,0.034961326,0.594347864,-1.414929824,-0.085740996,1.088790164,-2.108568903
2706,-1.299513378,0.614306045,-0.142140053,-0.174601142,-0.101182346,0.034961326,0.594347864,-1.414929824,-0.085740996,0.900403138,0.776703805
2707,-1.299513378,0.614306045,-0.142140053,-0.174423766,-0.101182346,0.034961326,0.594347864,-1.414929824,-0.085740996,0.900403138,0.776703805
2708,-1.299513378,0.614306045,-0.142140053,-0.174248068,-0.101182346,0.034961326,0.594347864,-1.414929824,-0.085740996,0.900403138,0.776703805
2709,-1.299513378,0.614306045,-0.142140053,-0.174057542,-0.101182346,0.034961326,0.594347864,-1.414929824,-0.085740996,0.900403138,0.776703805
2710,-1.299513378,0.614306045,-0.142140053,-0.173862275,-0.101182346,0.034961326,0.594347864,-1.414929824,-0.085740996,0.900403138,0.776703805
2711,-1.299513378,0.614306045,-0.142140053,-0.173703026,-0.101182346,0.034961326,0.594347864,-1.414929824,-0.085740996,0.900403138,0.776703805
2712,-1.161913105,0.614306045,-0.142140053,-0.173517918,-0.101182346,0.034961326,0.594347864,-1.414929824,-0.085740996,0.579662106,0.804610257
2713,-1.161913105,0.614306045,-0.142140053,-0.173338086,-0.101182346,0.034961326,0.594347864,-1.414929824,-0.085740996,0.579662106,0.804610257
2714,-1.161913105,0.614306045,-0.142140053,-0.173159146,-0.101182346,0.034961326,0.594347864,-1.414929824,-0.085740996,0.579662106,0.804610257
2715,-1.161913105,0.614306045,-0.142140053,-0.17297692,-0.101182346,0.034961326,0.594347864,-1.414929824,-0.085740996,0.579662106,0.804610257
2716,-1.161913105,0.614306045,-0.142140053,-0.172797594,-0.101182346,0.034961326,0.594347864,-1.414929824,-0.085740996,0.579662106,0.804610257
2717,-1.161913105,0.614306045,-0.142140053,-0.172619624,-0.101182346,0.034961326,0.594347864,-1.414929824,-0.085740996,0.579662106,0.804610257
2718,-1.024312832,0.614306045,-0.142140053,-0.172433776,-0.101182346,0.034961326,0.594347864,-1.414929824,-0.085740996,0.453916295,-1.000632353
2719,-1.024312832,0.614306045,-0.142140053,-0.17226296,-0.101182346,0.034961326,0.594347864,-1.414929824,-0.085740996,0.453916295,-1.000632353
2720,-1.024312832,0.614306045,-0.142140053,-0.172069189,-0.101182346,0.034961326,0.594347864,-1.414929824,-0.085740996,0.453916295,-1.000632353
2721,-1.024312832,0.614306045,-0.142140053,-0.171879452,-0.101182346,0.034961326,0.594347864,-1.414929824,-0.085740996,0.453916295,-1.000632353
2722,-1.024312832,0.614306045,-0.142140053,-0.171714447,-0.101182346,0.034961326,0.594347864,-1.414929824,-0.085740996,0.453916295,-1.000632353
2723,-1.024312832,0.614306045,-0.142140053,-0.171532519,-0.101182346,0.034961326,0.594347864,-1.414929824,-0.085740996,0.453916295,-1.000632353
2724,-0.886712558,0.614306045,-0.142140053,-0.171349382,-0.101182346,0.034961326,0.594347864,-1.414929824,-0.085740996,0.024554351,0.03805528
2725,-0.886712558,0.614306045,-0.142140053,-0.171158708,-0.101182346,0.034961326,0.594347864,-1.414929824,-0.085740996,0.024554351,0.03805528
2726,-0.886712558,0.614306045,-0.142140053,-0.170982282,-0.101182346,0.034961326,0.594347864,-1.414929824,-0.085740996,0.024554351,0.03805528
2727,-0.886712558,0.614306045,-0.142140053,-0.170803733,-0.101182346,0.034961326,0.594347864,-1.414929824,-0.085740996,0.024554351,0.03805528
2728,-0.886712558,0.614306045,-0.142140053,-0.170627319,-0.101182346,0.034961326,0.594347864,-1.414929824,-0.085740996,0.024554351,0.03805528
2729,-0.886712558,0.614306045,-0.142140053,-0.170446718,-0.101182346,0.034961326,0.594347864,-1.414929824,-0.085740996,0.024554351,0.03805528
2730,-0.749112285,0.614306045,-0.142140053,-0.170255702,-0.101182346,0.034961326,0.594347864,-1.414929824,-0.085740996,-0.120378791,1.21211221
2731,-0.749112285,0.614306045,-0.142140053,-0.170080571,-0.101182346,0.034961326,0.594347864,-1.414929824,-0.085740996,-0.120378791,1.21211221
2732,-0.749112285,0.614306045,-0.142140053,-0.169896918,-0.101182346,0.034961326,0.594347864,-1.414929824,-0.085740996,-0.120378791,1.21211221
2733,-0.749112285,0.614306045,-0.142140053,-0.169716945,-0.101182346,0.034961326,0.594347864,-1.414929824,-0.085740996,-0.120378791,1.21211221
2734,-0.749112285,0.614306045,-0.142140053,-0.169542255,-0.101182346,0.034961326,0.594347864,-1.414929824,-0.085740996,-0.120378791,1.21211221
2735,-0.749112285,0.614306045,-0.142140053,-0.16936038,-0.101182346,0.034961326,0.594347864,-1.414929824,-0.085740996,-0.120378791,1.21211221
2736,-0.611512012,0.614306045,-0.142140053,-0.169181269,-0.101182346,0.034961326,0.594347864,-1.414929824,-0.085740996,-0.141224304,-0.804030394
2737,-0.611512012,0.614306045,-0.142140053,-0.168986738,-0.101182346,0.034961326,0.594347864,-1.414929824,-0.085740996,-0.141224304,-0.804030394
2738,-0.611512012,0.614306045,-0.142140053,-0.16881487,-0.101182346,0.034961326,0.594347864,-1.414929824,-0.085740996,-0.141224304,-0.804030394
2739,-0.611512012,0.614306045,-0.142140053,-0.168638109,-0.101182346,0.034961326,0.594347864,-1.414929824,-0.085740996,-0.141224304,-0.804030394
2740,-0.611512012,0.614306045,-0.142140053,-0.168460132,-0.101182346,0.034961326,0.594347864,-1.414929824,-0.085740996,-0.141224304,-0.804030394
2741,-0.611512012,0.614306045,-0.142140053,-0.168268379,-0.101182346,0.034961326,0.594347864,-1.414929824,-0.085740996,-0.141224304,-0.804030394
2742,-0.473911739,0.614306045,-0.142140053,-0.168095161,-0.101182346,0.034961326,0.594347864,-1.414929824,-0.085740996,-0.305089,-1.099685818
2743,-0.473911739,0.614306045,-0.142140053,-0.16790751,-0.101182346,0.034961326,0.594347864,-1.414929824,-0.085740996,-0.305089,-1.099685818
2744,-0.473911739,0.614306045,-0.142140053,-0.167733931,-0.101182346,0.034961326,0.594347864,-1.414929824,-0.085740996,-0.305089,-1.099685818
2745,-0.473911739,0.614306045,-0.142140053,-0.167551802,-0.101182346,0.034961326,0.594347864,-1.414929824,-0.085740996,-0.305089,-1.099685818
2746,-0.473911739,0.614306045,-0.142140053,-0.167370356,-0.101182346,0.034961326,0.594347864,-1.414929824,-0.085740996,-0.305089,-1.099685818
2747,-0.473911739,0.614306045,-0.142140053,-0.167186477,-0.101182346,0.034961326,0.594347864,-1.414929824,-0.085740996,-0.305089,-1.099685818
2748,-0.336311465,0.614306045,-0.142140053,-0.1670014,-0.101182346,0.034961326,0.594347864,-1.414929824,-0.085740996,-0.182551809,-1.556837493
2749,-0.336311465,0.614306045,-0.142140053,-0.166828375,-0.101182346,0.034961326,0.594347864,-1.414929824,-0.085740996,-0.182551809,-1.556837493
2750,-0.336311465,0.614306045,-0.142140053,-0.166652007,-0.101182346,0.034961326,0.594347864,-1.414929824,-0.085740996,-0.182551809,-1.556837493
2751,-0.336311465,0.614306045,-0.142140053,-0.166467863,-0.101182346,0.034961326,0.594347864,-1.414929824,-0.085740996,-0.182551809,-1.556837493
2752,-0.336311465,0.614306045,-0.142140053,-0.166280685,-0.101182346,0.034961326,0.594347864,-1.414929824,-0.085740996,-0.182551809,-1.556837493
2753,-0.336311465,0.614306045,-0.142140053,-0.166101052,-0.101182346,0.034961326,0.594347864,-1.414929824,-0.085740996,-0.182551809,-1.556837493
2754,-0.198711192,0.614306045,-0.142140053,-0.165918308,-0.101182346,0.034961326,0.594347864,-1.414929824,-0.085740996,-0.313471879,0.528647917
2755,-0.198711192,0.614306045,-0.142140053,-0.165744887,-0.101182346,0.034961326,0.594347864,-1.414929824,-0.085740996,-0.313471879,0.528647917
2756,-0.198711192,0.614306045,-0.142140053,-0.165568532,-0.101182346,0.034961326,0.594347864,-1.414929824,-0.085740996,-0.313471879,0.528647917
2757,-0.198711192,0.614306045,-0.142140053,-0.165380442,-0.101182346,0.034961326,0.594347864,-1.414929824,-0.085740996,-0.313471879,0.528647917
2758,-0.198711192,0.614306045,-0.142140053,-0.165194225,-0.101182346,0.034961326,0.594347864,-1.414929824,-0.085740996,-0.313471879,0.528647917
2759,-0.198711192,0.614306045,-0.142140053,-0.165013368,-0.101182346,0.034961326,0.594347864,-1.414929824,-0.085740996,-0.313471879,0.528647917
2760,-0.061110919,0.614306045,-0.142140053,-0.164828695,-0.101182346,0.034961326,0.594347864,-1.414929824,-0.085740996,-0.495418454,0.638409672
2761,-0.061110919,0.614306045,-0.142140053,-0.164651833,-0.101182346,0.034961326,0.594347864,-1.414929824,-0.085740996,-0.495418454,0.638409672
2762,-0.061110919,0.614306045,-0.142140053,-0.164479804,-0.101182346,0.034961326,0.594347864,-1.414929824,-0.085740996,-0.495418454,0.638409672
2763,-0.061110919,0.614306045,-0.142140053,-0.164285259,-0.101182346,0.034961326,0.594347864,-1.414929824,-0.085740996,-0.495418454,0.638409672
2764,-0.061110919,0.614306045,-0.142140053,-0.164114058,-0.101182346,0.034961326,0.594347864,-1.414929824,-0.085740996,-0.495418454,0.638409672
2765,-0.061110919,0.614306045,-0.142140053,-0.163936278,-0.101182346,0.034961326,0.594347864,-1.414929824,-0.085740996,-0.495418454,0.638409672
2766,0.076489355,0.614306045,-0.142140053,-0.163747917,-0.101182346,0.034961326,0.594347864,-1.414929824,-0.085740996,-0.287596201,0.475905898
2767,0.076489355,0.614306045,-0.142140053,-0.163574187,-0.101182346,0.034961326,0.594347864,-1.414929824,-0.085740996,-0.287596201,0.475905898
2768,0.076489355,0.614306045,-0.142140053,-0.163383991,-0.101182346,0.034961326,0.594347864,-1.414929824,-0.085740996,-0.287596201,0.475905898
2769,0.076489355,0.614306045,-0.142140053,-0.163213013,-0.101182346,0.034961326,0.594347864,-1.414929824,-0.085740996,-0.287596201,0.475905898
2770,0.076489355,0.614306045,-0.142140053,-0.163006991,-0.101182346,0.034961326,0.594347864,-1.414929824,-0.085740996,-0.287596201,0.475905898
2771,0.076489355,0.614306045,-0.142140053,-0.162847094,-0.101182346,0.034961326,0.594347864,-1.414929824,-0.085740996,-0.287596201,0.475905898
2772,0.214089628,0.614306045,-0.142140053,-0.162657004,-0.101182346,0.034961326,0.594347864,-1.414929824,-0.085740996,-0.225276461,1.088460372
2773,0.214089628,0.614306045,-0.142140053,-0.162486503,-0.101182346,0.034961326,0.594347864,-1.414929824,-0.085740996,-0.225276461,1.088460372
2774,0.214089628,0.614306045,-0.142140053,-0.162299721,-0.101182346,0.034961326,0.594347864,-1.414929824,-0.085740996,-0.225276461,1.088460372
2775,0.214089628,0.614306045,-0.142140053,-0.162127145,-0.101182346,0.034961326,0.594347864,-1.414929824,-0.085740996,-0.225276461,1.088460372
2776,0.214089628,0.614306045,-0.142140053,-0.1619465,-0.101182346,0.034961326,0.594347864,-1.414929824,-0.085740996,-0.225276461,1.088460372
2777,0.214089628,0.614306045,-0.142140053,-0.16176349,-0.101182346,0.034961326,0.594347864,-1.414929824,-0.085740996,-0.225276461,1.088460372
2778,0.351689901,0.614306045,-0.142140053,-0.161578125,-0.101182346,0.034961326,0.594347864,-1.414929824,-0.085740996,-0.38205907,-0.893572516
2779,0.351689901,0.614306045,-0.142140053,-0.161405236,-0.101182346,0.034961326,0.594347864,-1.414929824,-0.085740996,-0.38205907,-0.893572516
2780,0.351689901,0.614306045,-0.142140053,-0.161201724,-0.101182346,0.034961326,0.594347864,-1.414929824,-0.085740996,-0.38205907,-0.893572516
2781,0.351689901,0.614306045,-0.142140053,-0.161042659,-0.101182346,0.034961326,0.594347864,-1.414929824,-0.085740996,-0.38205907,-0.893572516
2782,0.351689901,0.614306045,-0.142140053,-0.160864863,-0.101182346,0.034961326,0.594347864,-1.414929824,-0.085740996,-0.38205907,-0.893572516
2783,0.351689901,0.614306045,-0.142140053,-0.160683803,-0.101182346,0.034961326,0.594347864,-1.414929824,-0.085740996,-0.38205907,-0.893572516
2784,0.489290174,0.614306045,-0.142140053,-0.160498551,-0.101182346,0.034961326,0.594347864,-1.414929824,-0.085740996,-0.300630395,-0.842633605
2785,0.489290174,0.614306045,-0.142140053,-0.16032025,-0.101182346,0.034961326,0.594347864,-1.414929824,-0.085740996,-0.300630395,-0.842633605
2786,0.489290174,0.614306045,-0.142140053,-0.160144125,-0.101182346,0.034961326,0.594347864,-1.414929824,-0.085740996,-0.300630395,-0.842633605
2787,0.489290174,0.614306045,-0.142140053,-0.159959448,-0.101182346,0.034961326,0.594347864,-1.414929824,-0.085740996,-0.300630395,-0.842633605
2788,0.489290174,0.614306045,-0.142140053,-0.159768673,-0.101182346,0.034961326,0.594347864,-1.414929824,-0.085740996,-0.300630395,-0.842633605
2789,0.489290174,0.614306045,-0.142140053,-0.159595291,-0.101182346,0.034961326,0.594347864,-1.414929824,-0.085740996,-0.300630395,-0.842633605
2790,0.626890448,0.614306045,-0.142140053,-0.159411457,-0.101182346,0.034961326,0.594347864,-1.414929824,-0.085740996,-0.451371112,1.184507192
2791,0.626890448,0.614306045,-0.142140053,-0.159235314,-0.101182346,0.034961326,0.594347864,-1.414929824,-0.085740996,-0.451371112,1.184507192
2792,0.626890448,0.614306045,-0.142140053,-0.159051596,-0.101182346,0.034961326,0.594347864,-1.414929824,-0.085740996,-0.451371112,1.184507192
2793,0.626890448,0.614306045,-0.142140053,-0.158872822,-0.101182346,0.034961326,0.594347864,-1.414929824,-0.085740996,-0.451371112,1.184507192
2794,0.626890448,0.614306045,-0.142140053,-0.158688671,-0.101182346,0.034961326,0.594347864,-1.414929824,-0.085740996,-0.451371112,1.184507192
2795,0.626890448,0.614306045,-0.142140053,-0.158504902,-0.101182346,0.034961326,0.594347864,-1.414929824,-0.085740996,-0.451371112,1.184507192
2796,0.764490721,0.614306045,-0.142140053,-0.158332384,-0.101182346,0.034961326,0.594347864,-1.414929824,-0.085740996,-0.468185485,0.025426383
2797,0.764490721,0.614306045,-0.142140053,-0.158148157,-0.101182346,0.034961326,0.594347864,-1.414929824,-0.085740996,-0.468185485,0.025426383
2798,0.764490721,0.614306045,-0.142140053,-0.157967068,-0.101182346,0.034961326,0.594347864,-1.414929824,-0.085740996,-0.468185485,0.025426383
2799,0.764490721,0.614306045,-0.142140053,-0.157785654,-0.101182346,0.034961326,0.594347864,-1.414929824,-0.085740996,-0.468185485,0.025426383
2800,0.764490721,0.614306045,-0.142140053,-0.15760581,-0.101182346,0.034961326,0.594347864,-1.414929824,-0.085740996,-0.468185485,0.025426383
2801,0.764490721,0.614306045,-0.142140053,-0.157426452,-0.101182346,0.034961326,0.594347864,-1.414929824,-0.085740996,-0.468185485,0.025426383
2802,0.902090994,0.614306045,-0.142140053,-0.157233676,-0.101182346,0.034961326,0.594347864,-1.414929824,-0.085740996,-0.632213985,0.499142058
2803,0.902090994,0.614306045,-0.142140053,-0.157049023,-0.101182346,0.034961326,0.594347864,-1.414929824,-0.085740996,-0.632213985,0.499142058
2804,0.902090994,0.614306045,-0.142140053,-0.156885919,-0.101182346,0.034961326,0.594347864,-1.414929824,-0.085740996,-0.632213985,0.499142058
2805,0.902090994,0.614306045,-0.142140053,-0.156668136,-0.101182346,0.034961326,0.594347864,-1.414929824,-0.085740996,-0.632213985,0.499142058
2806,0.902090994,0.614306045,-0.142140053,-0.15652355,-0.101182346,0.034961326,0.594347864,-1.414929824,-0.085740996,-0.632213985,0.499142058
2807,0.902090994,0.614306045,-0.142140053,-0.156336345,-0.101182346,0.034961326,0.594347864,-1.414929824,-0.085740996,-0.632213985,0.499142058
2808,1.039691268,0.614306045,-0.142140053,-0.156151196,-0.101182346,0.034961326,0.594347864,-1.414929824,-0.085740996,-0.765245104,0.349325381
2809,1.039691268,0.614306045,-0.142140053,-0.155969472,-0.101182346,0.034961326,0.594347864,-1.414929824,-0.085740996,-0.765245104,0.349325381
2810,1.039691268,0.614306045,-0.142140053,-0.15579228,-0.101182346,0.034961326,0.594347864,-1.414929824,-0.085740996,-0.765245104,0.349325381
2811,1.039691268,0.614306045,-0.142140053,-0.155616969,-0.101182346,0.034961326,0.594347864,-1.414929824,-0.085740996,-0.765245104,0.349325381
2812,1.039691268,0.614306045,-0.142140053,-0.155435285,-0.101182346,0.034961326,0.594347864,-1.414929824,-0.085740996,-0.765245104,0.349325381
2813,1.039691268,0.614306045,-0.142140053,-0.155262501,-0.101182346,0.034961326,0.594347864,-1.414929824,-0.085740996,-0.765245104,0.349325381
2814,1.177291541,0.614306045,-0.142140053,-0.155072068,-0.101182346,0.034961326,0.594347864,-1.414929824,-0.085740996,-0.722577389,1.870105675
2815,1.177291541,0.614306045,-0.142140053,-0.154893812,-0.101182346,0.034961326,0.594347864,-1.414929824,-0.085740996,-0.722577389,1.870105675
2816,1.177291541,0.614306045,-0.142140053,-0.154715081,-0.101182346,0.034961326,0.594347864,-1.414929824,-0.085740996,-0.722577389,1.870105675
2817,1.177291541,0.614306045,-0.142140053,-0.154536148,-0.101182346,0.034961326,0.594347864,-1.414929824,-0.085740996,-0.722577389,1.870105675
2818,1.177291541,0.614306045,-0.142140053,-0.154346559,-0.101182346,0.034961326,0.594347864,-1.414929824,-0.085740996,-0.722577389,1.870105675
2819,1.177291541,0.614306045,-0.142140053,-0.154165532,-0.101182346,0.034961326,0.594347864,-1.414929824,-0.085740996,-0.722577389,1.870105675
2820,1.314891814,0.614306045,-0.142140053,-0.153987291,-0.101182346,0.034961326,0.594347864,-1.414929824,-0.085740996,-0.602593604,-1.581531403
2821,1.314891814,0.614306045,-0.142140053,-0.153796569,-0.101182346,0.034961326,0.594347864,-1.414929824,-0.085740996,-0.602593604,-1.581531403
2822,1.314891814,0.614306045,-0.142140053,-0.153630543,-0.101182346,0.034961326,0.594347864,-1.414929824,-0.085740996,-0.602593604,-1.581531403
2823,1.314891814,0.614306045,-0.142140053,-0.153448928,-0.101182346,0.034961326,0.594347864,-1.414929824,-0.085740996,-0.602593604,-1.581531403
2824,1.314891814,0.614306045,-0.142140053,-0.153259585,-0.101182346,0.034961326,0.594347864,-1.414929824,-0.085740996,-0.602593604,-1.581531403
2825,1.314891814,0.614306045,-0.142140053,-0.153063811,-0.101182346,0.034961326,0.594347864,-1.414929824,-0.085740996,-0.602593604,-1.581531403
2826,1.452492087,0.614306045,-0.142140053,-0.152901495,-0.101182346,0.034961326,0.594347864,-1.414929824,-0.085740996,-0.547299014,1.574273455
2827,1.452492087,0.614306045,-0.142140053,-0.152726643,-0.101182346,0.034961326,0.594347864,-1.414929824,-0.085740996,-0.547299014,1.574273455
2828,1.452492087,0.614306045,-0.142140053,-0.152542876,-0.101182346,0.034961326,0.594347864,-1.414929824,-0.085740996,-0.547299014,1.574273455
2829,1.452492087,0.614306045,-0.142140053,-0.152365168,-0.101182346,0.034961326,0.594347864,-1.414929824,-0.085740996,-0.547299014,1.574273455
2830,1.452492087,0.614306045,-0.142140053,-0.152181571,-0.101182346,0.034961326,0.594347864,-1.414929824,-0.085740996,-0.547299014,1.574273455
2831,1.452492087,0.614306045,-0.142140053,-0.151998956,-0.101182346,0.034961326,0.594347864,-1.414929824,-0.085740996,-0.547299014,1.574273455
2832,1.590092361,0.614306045,-0.142140053,-0.15182052,-0.101182346,0.034961326,0.594347864,-1.414929824,-0.085740996,-0.28553552,0.188402896
2833,1.590092361,0.614306045,-0.142140053,-0.151633936,-0.101182346,0.034961326,0.594347864,-1.414929824,-0.085740996,-0.28553552,0.188402896
2834,1.590092361,0.614306045,-0.142140053,-0.15145867,-0.101182346,0.034961326,0.594347864,-1.414929824,-0.085740996,-0.28553552,0.188402896
2835,1.590092361,0.614306045,-0.142140053,-0.151271757,-0.101182346,0.034961326,0.594347864,-1.414929824,-0.085740996,-0.28553552,0.188402896
2836,1.590092361,0.614306045,-0.142140053,-0.15108655,-0.101182346,0.034961326,0.594347864,-1.414929824,-0.085740996,-0.28553552,0.188402896
2837,1.590092361,0.614306045,-0.142140053,-0.15090769,-0.101182346,0.034961326,0.594347864,-1.414929824,-0.085740996,-0.28553552,0.188402896
2838,1.590092361,-1.627853101,7.035314646,-0.181082882,-0.075908618,0.034961326,0.766847767,-1.414929824,1.560202687,-0.28553552,0.188402896
2839,1.590092361,-1.627853101,-0.142140053,-0.180907361,-0.075908618,0.034961326,0.766847767,-1.414929824,1.560202687,-0.28553552,0.188402896
2840,1.590092361,-1.627853101,-0.142140053,-0.180722842,-0.075908618,0.034961326,0.766847767,-1.414929824,1.560202687,-0.28553552,0.188402896
2841,1.590092361,-1.627853101,-0.142140053,-0.180529055,-0.075908618,0.034961326,0.766847767,-1.414929824,1.560202687,-0.28553552,0.188402896
2842,1.590092361,-1.627853101,-0.142140053,-0.180348849,-0.075908618,0.034961326,0.766847767,-1.414929824,1.560202687,-0.28553552,0.188402896
2843,1.590092361,-1.627853101,-0.142140053,-0.180178234,-0.075908618,0.034961326,0.766847767,-1.414929824,1.560202687,-0.28553552,0.188402896
2844,1.590092361,-1.627853101,-0.142140053,-0.179993834,-0.075908618,0.034961326,0.766847767,-1.414929824,1.560202687,-0.28553552,0.188402896
2845,-1.849914471,-1.627853101,-0.142140053,-0.1798115,-0.075908618,0.034961326,0.766847767,-1.414929824,1.560202687,2.640927919,0.565173491
2846,-1.849914471,-1.627853101,-0.142140053,-0.179620278,-0.075908618,0.034961326,0.766847767,-1.414929824,1.560202687,2.640927919,0.565173491
2847,-1.849914471,-1.627853101,-0.142140053,-0.179452978,-0.075908618,0.034961326,0.766847767,-1.414929824,1.560202687,2.640927919,0.565173491
2848,-1.849914471,-1.627853101,-0.142140053,-0.179267511,-0.075908618,0.034961326,0.766847767,-1.414929824,1.560202687,2.640927919,0.565173491
2849,-1.849914471,-1.627853101,-0.142140053,-0.179089799,-0.075908618,0.034961326,0.766847767,-1.414929824,1.560202687,2.640927919,0.565173491
2850,-1.849914471,-1.627853101,-0.142140053,-0.178909712,-0.075908618,0.034961326,0.766847767,-1.414929824,1.560202687,2.640927919,0.565173491
2851,-1.849914471,0.614306045,7.035314646,-0.181082882,-0.075908618,-0.308243469,0.766847767,-1.098898535,-0.085740996,2.640927919,0.565173491
2852,-1.849914471,0.614306045,-0.142140053,-0.18087214,-0.075908618,-0.308243469,0.766847767,-1.098898535,-0.085740996,2.640927919,0.565173491
2853,-1.849914471,0.614306045,-0.142140053,-0.180682163,-0.075908618,-0.308243469,0.766847767,-1.098898535,-0.085740996,2.640927919,0.565173491
2854,-1.849914471,0.614306045,-0.142140053,-0.180532609,-0.075908618,-0.308243469,0.766847767,-1.098898535,-0.085740996,2.640927919,0.565173491
2855,-1.849914471,0.614306045,-0.142140053,-0.180350628,-0.075908618,-0.308243469,0.766847767,-1.098898535,-0.085740996,2.640927919,0.565173491
2856,-1.712314198,0.614306045,-0.142140053,-0.180178074,-0.075908618,-0.308243469,0.766847767,-1.098898535,-0.085740996,1.926914244,1.433251598
2857,-1.712314198,0.614306045,-0.142140053,-0.179988082,-0.075908618,-0.308243469,0.766847767,-1.098898535,-0.085740996,1.926914244,1.433251598
2858,-1.712314198,0.614306045,-0.142140053,-0.179808406,-0.075908618,-0.308243469,0.766847767,-1.098898535,-0.085740996,1.926914244,1.433251598
2859,-1.712314198,0.614306045,-0.142140053,-0.179622576,-0.075908618,-0.308243469,0.766847767,-1.098898535,-0.085740996,1.926914244,1.433251598
2860,-1.712314198,0.614306045,-0.142140053,-0.179449478,-0.075908618,-0.308243469,0.766847767,-1.098898535,-0.085740996,1.926914244,1.433251598
2861,-1.712314198,0.614306045,-0.142140053,-0.179264748,-0.075908618,-0.308243469,0.766847767,-1.098898535,-0.085740996,1.926914244,1.433251598
2862,-1.574713925,0.614306045,-0.142140053,-0.179081591,-0.075908618,-0.308243469,0.766847767,-1.098898535,-0.085740996,1.849648102,-0.158675159
2863,-1.574713925,0.614306045,-0.142140053,-0.178903516,-0.075908618,-0.308243469,0.766847767,-1.098898535,-0.085740996,1.849648102,-0.158675159
2864,-1.574713925,0.614306045,-0.142140053,-0.178720639,-0.075908618,-0.308243469,0.766847767,-1.098898535,-0.085740996,1.849648102,-0.158675159
2865,-1.574713925,0.614306045,-0.142140053,-0.178539906,-0.075908618,-0.308243469,0.766847767,-1.098898535,-0.085740996,1.849648102,-0.158675159
2866,-1.574713925,0.614306045,-0.142140053,-0.178365915,-0.075908618,-0.308243469,0.766847767,-1.098898535,-0.085740996,1.849648102,-0.158675159
2867,-1.574713925,0.614306045,-0.142140053,-0.178174755,-0.075908618,-0.308243469,0.766847767,-1.098898535,-0.085740996,1.849648102,-0.158675159
2868,-1.437113651,0.614306045,-0.142140053,-0.177998647,-0.075908618,-0.308243469,0.766847767,-1.098898535,-0.085740996,1.088790164,-2.108568903
2869,-1.437113651,0.614306045,-0.142140053,-0.177819677,-0.075908618,-0.308243469,0.766847767,-1.098898535,-0.085740996,1.088790164,-2.108568903
2870,-1.437113651,0.614306045,-0.142140053,-0.177639136,-0.075908618,-0.308243469,0.766847767,-1.098898535,-0.085740996,1.088790164,-2.108568903
2871,-1.437113651,0.614306045,-0.142140053,-0.177454222,-0.075908618,-0.308243469,0.766847767,-1.098898535,-0.085740996,1.088790164,-2.108568903
2872,-1.437113651,0.614306045,-0.142140053,-0.177276672,-0.075908618,-0.308243469,0.766847767,-1.098898535,-0.085740996,1.088790164,-2.108568903
2873,-1.437113651,0.614306045,-0.142140053,-0.177098807,-0.075908618,-0.308243469,0.766847767,-1.098898535,-0.085740996,1.088790164,-2.108568903
2874,-1.299513378,0.614306045,-0.142140053,-0.176906343,-0.075908618,-0.308243469,0.766847767,-1.098898535,-0.085740996,0.900403138,0.776703805
2875,-1.299513378,0.614306045,-0.142140053,-0.176728771,-0.075908618,-0.308243469,0.766847767,-1.098898535,-0.085740996,0.900403138,0.776703805
2876,-1.299513378,0.614306045,-0.142140053,-0.176560156,-0.075908618,-0.308243469,0.766847767,-1.098898535,-0.085740996,0.900403138,0.776703805
2877,-1.299513378,0.614306045,-0.142140053,-0.176374058,-0.075908618,-0.308243469,0.766847767,-1.098898535,-0.085740996,0.900403138,0.776703805
2878,-1.299513378,0.614306045,-0.142140053,-0.176193401,-0.075908618,-0.308243469,0.766847767,-1.098898535,-0.085740996,0.900403138,0.776703805
2879,-1.299513378,0.614306045,-0.142140053,-0.176011565,-0.075908618,-0.308243469,0.766847767,-1.098898535,-0.085740996,0.900403138,0.776703805
2880,-1.161913105,0.614306045,-0.142140053,-0.175824237,-0.075908618,-0.308243469,0.766847767,-1.098898535,-0.085740996,0.579662106,0.804610257
2881,-1.161913105,0.614306045,-0.142140053,-0.175650621,-0.075908618,-0.308243469,0.766847767,-1.098898535,-0.085740996,0.579662106,0.804610257
2882,-1.161913105,0.614306045,-0.142140053,-0.17545588,-0.075908618,-0.308243469,0.766847767,-1.098898535,-0.085740996,0.579662106,0.804610257
2883,-1.161913105,0.614306045,-0.142140053,-0.175288691,-0.075908618,-0.308243469,0.766847767,-1.098898535,-0.085740996,0.579662106,0.804610257
2884,-1.161913105,0.614306045,-0.142140053,-0.175101527,-0.075908618,-0.308243469,0.766847767,-1.098898535,-0.085740996,0.579662106,0.804610257
2885,-1.161913105,0.614306045,-0.142140053,-0.17490269,-0.075908618,-0.308243469,0.766847767,-1.098898535,-0.085740996,0.579662106,0.804610257
2886,-1.024312832,0.614306045,-0.142140053,-0.174748606,-0.075908618,-0.308243469,0.766847767,-1.098898535,-0.085740996,0.453916295,-1.000632353
2887,-1.024312832,0.614306045,-0.142140053,-0.174562284,-0.075908618,-0.308243469,0.766847767,-1.098898535,-0.085740996,0.453916295,-1.000632353
2888,-1.024312832,0.614306045,-0.142140053,-0.174386755,-0.075908618,-0.308243469,0.766847767,-1.098898535,-0.085740996,0.453916295,-1.000632353
2889,-1.024312832,0.614306045,-0.142140053,-0.174199313,-0.075908618,-0.308243469,0.766847767,-1.098898535,-0.085740996,0.453916295,-1.000632353
2890,-1.024312832,0.614306045,-0.142140053,-0.174010655,-0.075908618,-0.308243469,0.766847767,-1.098898535,-0.085740996,0.453916295,-1.000632353
2891,-1.024312832,0.614306045,-0.142140053,-0.173841112,-0.075908618,-0.308243469,0.766847767,-1.098898535,-0.085740996,0.453916295,-1.000632353
2892,-0.886712558,0.614306045,-0.142140053,-0.173657882,-0.075908618,-0.308243469,0.766847767,-1.098898535,-0.085740996,0.024554351,0.03805528
2893,-0.886712558,0.614306045,-0.142140053,-0.173478237,-0.075908618,-0.308243469,0.766847767,-1.098898535,-0.085740996,0.024554351,0.03805528
2894,-0.886712558,0.614306045,-0.142140053,-0.173298037,-0.075908618,-0.308243469,0.766847767,-1.098898535,-0.085740996,0.024554351,0.03805528
2895,-0.886712558,0.614306045,-0.142140053,-0.173123414,-0.075908618,-0.308243469,0.766847767,-1.098898535,-0.085740996,0.024554351,0.03805528
2896,-0.886712558,0.614306045,-0.142140053,-0.172950036,-0.075908618,-0.308243469,0.766847767,-1.098898535,-0.085740996,0.024554351,0.03805528
2897,-0.886712558,0.614306045,-0.142140053,-0.172750389,-0.075908618,-0.308243469,0.766847767,-1.098898535,-0.085740996,0.024554351,0.03805528
2898,-0.749112285,0.614306045,-0.142140053,-0.172582375,-0.075908618,-0.308243469,0.766847767,-1.098898535,-0.085740996,-0.120378791,1.21211221
2899,-0.749112285,0.614306045,-0.142140053,-0.172399723,-0.075908618,-0.308243469,0.766847767,-1.098898535,-0.085740996,-0.120378791,1.21211221
2900,-0.749112285,0.614306045,-0.142140053,-0.172212442,-0.075908618,-0.308243469,0.766847767,-1.098898535,-0.085740996,-0.120378791,1.21211221
2901,-0.749112285,0.614306045,-0.142140053,-0.1720306,-0.075908618,-0.308243469,0.766847767,-1.098898535,-0.085740996,-0.120378791,1.21211221
2902,-0.749112285,0.614306045,-0.142140053,-0.171852828,-0.075908618,-0.308243469,0.766847767,-1.098898535,-0.085740996,-0.120378791,1.21211221
2903,-0.749112285,0.614306045,-0.142140053,-0.171672877,-0.075908618,-0.308243469,0.766847767,-1.098898535,-0.085740996,-0.120378791,1.21211221
2904,-0.611512012,0.614306045,-0.142140053,-0.171493655,-0.075908618,-0.308243469,0.766847767,-1.098898535,-0.085740996,-0.141224304,-0.804030394
2905,-0.611512012,0.614306045,-0.142140053,-0.171312832,-0.075908618,-0.308243469,0.766847767,-1.098898535,-0.085740996,-0.141224304,-0.804030394
2906,-0.611512012,0.614306045,-0.142140053,-0.171125464,-0.075908618,-0.308243469,0.766847767,-1.098898535,-0.085740996,-0.141224304,-0.804030394
2907,-0.611512012,0.614306045,-0.142140053,-0.170947777,-0.075908618,-0.308243469,0.766847767,-1.098898535,-0.085740996,-0.141224304,-0.804030394
2908,-0.611512012,0.614306045,-0.142140053,-0.170770028,-0.075908618,-0.308243469,0.766847767,-1.098898535,-0.085740996,-0.141224304,-0.804030394
2909,-0.611512012,0.614306045,-0.142140053,-0.170595231,-0.075908618,-0.308243469,0.766847767,-1.098898535,-0.085740996,-0.141224304,-0.804030394
2910,-0.473911739,0.614306045,-0.142140053,-0.170375095,-0.075908618,-0.308243469,0.766847767,-1.098898535,-0.085740996,-0.305089,-1.099685818
2911,-0.473911739,0.614306045,-0.142140053,-0.170226358,-0.075908618,-0.308243469,0.766847767,-1.098898535,-0.085740996,-0.305089,-1.099685818
2912,-0.473911739,0.614306045,-0.142140053,-0.170045205,-0.075908618,-0.308243469,0.766847767,-1.098898535,-0.085740996,-0.305089,-1.099685818
2913,-0.473911739,0.614306045,-0.142140053,-0.169862614,-0.075908618,-0.308243469,0.766847767,-1.098898535,-0.085740996,-0.305089,-1.099685818
2914,-0.473911739,0.614306045,-0.142140053,-0.169687013,-0.075908618,-0.308243469,0.766847767,-1.098898535,-0.085740996,-0.305089,-1.099685818
2915,-0.473911739,0.614306045,-0.142140053,-0.169498635,-0.075908618,-0.308243469,0.766847767,-1.098898535,-0.085740996,-0.305089,-1.099685818
2916,-0.336311465,0.614306045,-0.142140053,-0.169324794,-0.075908618,-0.308243469,0.766847767,-1.098898535,-0.085740996,-0.182551809,-1.556837493
2917,-0.336311465,0.614306045,-0.142140053,-0.169146474,-0.075908618,-0.308243469,0.766847767,-1.098898535,-0.085740996,-0.182551809,-1.556837493
2918,-0.336311465,0.614306045,-0.142140053,-0.168959407,-0.075908618,-0.308243469,0.766847767,-1.098898535,-0.085740996,-0.182551809,-1.556837493
2919,-0.336311465,0.614306045,-0.142140053,-0.168781684,-0.075908618,-0.308243469,0.766847767,-1.098898535,-0.085740996,-0.182551809,-1.556837493
2920,-0.336311465,0.614306045,-0.142140053,-0.168599403,-0.075908618,-0.308243469,0.766847767,-1.098898535,-0.085740996,-0.182551809,-1.556837493
2921,-0.336311465,0.614306045,-0.142140053,-0.168420117,-0.075908618,-0.308243469,0.766847767,-1.098898535,-0.085740996,-0.182551809,-1.556837493
2922,-0.198711192,0.614306045,-0.142140053,-0.168230196,-0.075908618,-0.308243469,0.766847767,-1.098898535,-0.085740996,-0.313471879,0.528647917
2923,-0.198711192,0.614306045,-0.142140053,-0.168056966,-0.075908618,-0.308243469,0.766847767,-1.098898535,-0.085740996,-0.313471879,0.528647917
2924,-0.198711192,0.614306045,-0.142140053,-0.167869999,-0.075908618,-0.308243469,0.766847767,-1.098898535,-0.085740996,-0.313471879,0.528647917
2925,-0.198711192,0.614306045,-0.142140053,-0.167694458,-0.075908618,-0.308243469,0.766847767,-1.098898535,-0.085740996,-0.313471879,0.528647917
2926,-0.198711192,0.614306045,-0.142140053,-0.167511972,-0.075908618,-0.308243469,0.766847767,-1.098898535,-0.085740996,-0.313471879,0.528647917
2927,-0.198711192,0.614306045,-0.142140053,-0.167338014,-0.075908618,-0.308243469,0.766847767,-1.098898535,-0.085740996,-0.313471879,0.528647917
2928,-0.061110919,0.614306045,-0.142140053,-0.167141978,-0.075908618,-0.308243469,0.766847767,-1.098898535,-0.085740996,-0.495418454,0.638409672
2929,-0.061110919,0.614306045,-0.142140053,-0.166972204,-0.075908618,-0.308243469,0.766847767,-1.098898535,-0.085740996,-0.495418454,0.638409672
2930,-0.061110919,0.614306045,-0.142140053,-0.166776752,-0.075908618,-0.308243469,0.766847767,-1.098898535,-0.085740996,-0.495418454,0.638409672
2931,-0.061110919,0.614306045,-0.142140053,-0.166599088,-0.075908618,-0.308243469,0.766847767,-1.098898535,-0.085740996,-0.495418454,0.638409672
2932,-0.061110919,0.614306045,-0.142140053,-0.166424085,-0.075908618,-0.308243469,0.766847767,-1.098898535,-0.085740996,-0.495418454,0.638409672
2933,-0.061110919,0.614306045,-0.142140053,-0.166241561,-0.075908618,-0.308243469,0.766847767,-1.098898535,-0.085740996,-0.495418454,0.638409672
2934,0.076489355,0.614306045,-0.142140053,-0.166057778,-0.075908618,-0.308243469,0.766847767,-1.098898535,-0.085740996,-0.287596201,0.475905898
2935,0.076489355,0.614306045,-0.142140053,-0.165857591,-0.075908618,-0.308243469,0.766847767,-1.098898535,-0.085740996,-0.287596201,0.475905898
2936,0.076489355,0.614306045,-0.142140053,-0.165692986,-0.075908618,-0.308243469,0.766847767,-1.098898535,-0.085740996,-0.287596201,0.475905898
2937,0.076489355,0.614306045,-0.142140053,-0.165524874,-0.075908618,-0.308243469,0.766847767,-1.098898535,-0.085740996,-0.287596201,0.475905898
2938,0.076489355,0.614306045,-0.142140053,-0.165340666,-0.075908618,-0.308243469,0.766847767,-1.098898535,-0.085740996,-0.287596201,0.475905898
2939,0.076489355,0.614306045,-0.142140053,-0.165169584,-0.075908618,-0.308243469,0.766847767,-1.098898535,-0.085740996,-0.287596201,0.475905898
2940,0.214089628,0.614306045,-0.142140053,-0.164978159,-0.075908618,-0.308243469,0.766847767,-1.098898535,-0.085740996,-0.225276461,1.088460372
2941,0.214089628,0.614306045,-0.142140053,-0.164800545,-0.075908618,-0.308243469,0.766847767,-1.098898535,-0.085740996,-0.225276461,1.088460372
2942,0.214089628,0.614306045,-0.142140053,-0.164615778,-0.075908618,-0.308243469,0.766847767,-1.098898535,-0.085740996,-0.225276461,1.088460372
2943,0.214089628,0.614306045,-0.142140053,-0.164441541,-0.075908618,-0.308243469,0.766847767,-1.098898535,-0.085740996,-0.225276461,1.088460372
2944,0.214089628,0.614306045,-0.142140053,-0.164259005,-0.075908618,-0.308243469,0.766847767,-1.098898535,-0.085740996,-0.225276461,1.088460372
2945,0.214089628,0.614306045,-0.142140053,-0.164076363,-0.075908618,-0.308243469,0.766847767,-1.098898535,-0.085740996,-0.225276461,1.088460372
2946,0.351689901,0.614306045,-0.142140053,-0.163899229,-0.075908618,-0.308243469,0.766847767,-1.098898535,-0.085740996,-0.38205907,-0.893572516
2947,0.351689901,0.614306045,-0.142140053,-0.163711442,-0.075908618,-0.308243469,0.766847767,-1.098898535,-0.085740996,-0.38205907,-0.893572516
2948,0.351689901,0.614306045,-0.142140053,-0.163527992,-0.075908618,-0.308243469,0.766847767,-1.098898535,-0.085740996,-0.38205907,-0.893572516
2949,0.351689901,0.614306045,-0.142140053,-0.163356439,-0.075908618,-0.308243469,0.766847767,-1.098898535,-0.085740996,-0.38205907,-0.893572516
2950,0.351689901,0.614306045,-0.142140053,-0.163165539,-0.075908618,-0.308243469,0.766847767,-1.098898535,-0.085740996,-0.38205907,-0.893572516
2951,0.351689901,0.614306045,-0.142140053,-0.162985932,-0.075908618,-0.308243469,0.766847767,-1.098898535,-0.085740996,-0.38205907,-0.893572516
2952,0.489290174,0.614306045,-0.142140053,-0.16280857,-0.075908618,-0.308243469,0.766847767,-1.098898535,-0.085740996,-0.300630395,-0.842633605
2953,0.489290174,0.614306045,-0.142140053,-0.162626997,-0.075908618,-0.308243469,0.766847767,-1.098898535,-0.085740996,-0.300630395,-0.842633605
2954,0.489290174,0.614306045,-0.142140053,-0.16244689,-0.075908618,-0.308243469,0.766847767,-1.098898535,-0.085740996,-0.300630395,-0.842633605
2955,0.489290174,0.614306045,-0.142140053,-0.162269976,-0.075908618,-0.308243469,0.766847767,-1.098898535,-0.085740996,-0.300630395,-0.842633605
2956,0.489290174,0.614306045,-0.142140053,-0.162090908,-0.075908618,-0.308243469,0.766847767,-1.098898535,-0.085740996,-0.300630395,-0.842633605
2957,0.489290174,0.614306045,-0.142140053,-0.161906355,-0.075908618,-0.308243469,0.766847767,-1.098898535,-0.085740996,-0.300630395,-0.842633605
2958,0.626890448,0.614306045,-0.142140053,-0.161724183,-0.075908618,-0.308243469,0.766847767,-1.098898535,-0.085740996,-0.451371112,1.184507192
2959,0.626890448,0.614306045,-0.142140053,-0.161547603,-0.075908618,-0.308243469,0.766847767,-1.098898535,-0.085740996,-0.451371112,1.184507192
2960,0.626890448,0.614306045,-0.142140053,-0.161373698,-0.075908618,-0.308243469,0.766847767,-1.098898535,-0.085740996,-0.451371112,1.184507192
2961,0.626890448,0.614306045,-0.142140053,-0.161188954,-0.075908618,-0.308243469,0.766847767,-1.098898535,-0.085740996,-0.451371112,1.184507192
2962,0.626890448,0.614306045,-0.142140053,-0.161001371,-0.075908618,-0.308243469,0.766847767,-1.098898535,-0.085740996,-0.451371112,1.184507192
2963,0.626890448,0.614306045,-0.142140053,-0.160821434,-0.075908618,-0.308243469,0.766847767,-1.098898535,-0.085740996,-0.451371112,1.184507192
2964,0.764490721,0.614306045,-0.142140053,-0.160640082,-0.075908618,-0.308243469,0.766847767,-1.098898535,-0.085740996,-0.468185485,0.025426383
2965,0.764490721,0.614306045,-0.142140053,-0.160450692,-0.075908618,-0.308243469,0.766847767,-1.098898535,-0.085740996,-0.468185485,0.025426383
2966,0.764490721,0.614306045,-0.142140053,-0.160277154,-0.075908618,-0.308243469,0.766847767,-1.098898535,-0.085740996,-0.468185485,0.025426383
2967,0.764490721,0.614306045,-0.142140053,-0.160100028,-0.075908618,-0.308243469,0.766847767,-1.098898535,-0.085740996,-0.468185485,0.025426383
2968,0.764490721,0.614306045,-0.142140053,-0.159915571,-0.075908618,-0.308243469,0.766847767,-1.098898535,-0.085740996,-0.468185485,0.025426383
2969,0.764490721,0.614306045,-0.142140053,-0.15972817,-0.075908618,-0.308243469,0.766847767,-1.098898535,-0.085740996,-0.468185485,0.025426383
2970,0.764490721,-1.627853101,7.035314646,-0.181082728,-0.086102417,-0.308243469,-0.268151648,-1.098898535,1.560202687,-0.468185485,0.025426383
2971,0.764490721,-1.627853101,-0.142140053,-0.180907514,-0.086102417,-0.308243469,-0.268151648,-1.098898535,1.560202687,-0.468185485,0.025426383
2972,0.764490721,-1.627853101,-0.142140053,-0.180727302,-0.086102417,-0.308243469,-0.268151648,-1.098898535,1.560202687,-0.468185485,0.025426383
2973,0.764490721,-1.627853101,-0.142140053,-0.180551377,-0.086102417,-0.308243469,-0.268151648,-1.098898535,1.560202687,-0.468185485,0.025426383
2974,0.764490721,-1.627853101,-0.142140053,-0.180366009,-0.086102417,-0.308243469,-0.268151648,-1.098898535,1.560202687,-0.468185485,0.025426383
2975,0.764490721,-1.627853101,-0.142140053,-0.180192427,-0.086102417,-0.308243469,-0.268151648,-1.098898535,1.560202687,-0.468185485,0.025426383
2976,0.764490721,-1.627853101,-0.142140053,-0.180003784,-0.086102417,-0.308243469,-0.268151648,-1.098898535,1.560202687,-0.468185485,0.025426383
2977,-2.125115018,-1.627853101,-0.142140053,-0.179830845,-0.086102417,-0.308243469,-0.268151648,-1.098898535,1.560202687,3.214156532,-0.786329294
2978,-2.125115018,-1.627853101,-0.142140053,-0.179651225,-0.086102417,-0.308243469,-0.268151648,-1.098898535,1.560202687,3.214156532,-0.786329294
2979,-2.125115018,-1.627853101,-0.142140053,-0.179464823,-0.086102417,-0.308243469,-0.268151648,-1.098898535,1.560202687,3.214156532,-0.786329294
2980,-2.125115018,-1.627853101,-0.142140053,-0.179278263,-0.086102417,-0.308243469,-0.268151648,-1.098898535,1.560202687,3.214156532,-0.786329294
2981,-2.125115018,-1.627853101,-0.142140053,-0.179101013,-0.086102417,-0.308243469,-0.268151648,-1.098898535,1.560202687,3.214156532,-0.786329294
2982,-2.125115018,-1.627853101,-0.142140053,-0.178926083,-0.086102417,-0.308243469,-0.268151648,-1.098898535,1.560202687,3.214156532,-0.786329294
2983,-2.125115018,-1.627853101,-0.142140053,-0.178739828,-0.086102417,-0.308243469,-0.268151648,-1.098898535,1.560202687,3.214156532,-0.786329294
2984,-2.125115018,0.614306045,7.035314646,-0.181082882,-0.086102417,-0.289248895,-0.268151648,-1.414929824,-0.085740996,3.214156532,-0.786329294
2985,-2.125115018,0.614306045,-0.142140053,-0.180909954,-0.086102417,-0.289248895,-0.268151648,-1.414929824,-0.085740996,3.214156532,-0.786329294
2986,-2.125115018,0.614306045,-0.142140053,-0.180697326,-0.086102417,-0.289248895,-0.268151648,-1.414929824,-0.085740996,3.214156532,-0.786329294
2987,-2.125115018,0.614306045,-0.142140053,-0.180552158,-0.086102417,-0.289248895,-0.268151648,-1.414929824,-0.085740996,3.214156532,-0.786329294
2988,-2.125115018,0.614306045,-0.142140053,-0.180367456,-0.086102417,-0.289248895,-0.268151648,-1.414929824,-0.085740996,3.214156532,-0.786329294
2989,-1.987514745,0.614306045,-0.142140053,-0.180184385,-0.086102417,-0.289248895,-0.268151648,-1.414929824,-0.085740996,3.05253165,-1.059116976
2990,-1.987514745,0.614306045,-0.142140053,-0.180006852,-0.086102417,-0.289248895,-0.268151648,-1.414929824,-0.085740996,3.05253165,-1.059116976
2991,-1.987514745,0.614306045,-0.142140053,-0.179822774,-0.086102417,-0.289248895,-0.268151648,-1.414929824,-0.085740996,3.05253165,-1.059116976
2992,-1.987514745,0.614306045,-0.142140053,-0.1796419,-0.086102417,-0.289248895,-0.268151648,-1.414929824,-0.085740996,3.05253165,-1.059116976
2993,-1.987514745,0.614306045,-0.142140053,-0.179456283,-0.086102417,-0.289248895,-0.268151648,-1.414929824,-0.085740996,3.05253165,-1.059116976
2994,-1.987514745,0.614306045,-0.142140053,-0.1792765,-0.086102417,-0.289248895,-0.268151648,-1.414929824,-0.085740996,3.05253165,-1.059116976
2995,-1.849914471,0.614306045,-0.142140053,-0.179099895,-0.086102417,-0.289248895,-0.268151648,-1.414929824,-0.085740996,2.640927919,0.565173491
2996,-1.849914471,0.614306045,-0.142140053,-0.178919923,-0.086102417,-0.289248895,-0.268151648,-1.414929824,-0.085740996,2.640927919,0.565173491
2997,-1.849914471,0.614306045,-0.142140053,-0.1787439,-0.086102417,-0.289248895,-0.268151648,-1.414929824,-0.085740996,2.640927919,0.565173491
2998,-1.849914471,0.614306045,-0.142140053,-0.178550979,-0.086102417,-0.289248895,-0.268151648,-1.414929824,-0.085740996,2.640927919,0.565173491
2999,-1.849914471,0.614306045,-0.142140053,-0.178363936,-0.086102417,-0.289248895,-0.268151648,-1.414929824,-0.085740996,2.640927919,0.565173491
3000,-1.849914471,0.614306045,-0.142140053,-0.178201422,-0.086102417,-0.289248895,-0.268151648,-1.414929824,-0.085740996,2.640927919,0.565173491
3001,-1.712314198,0.614306045,-0.142140053,-0.178008567,-0.086102417,-0.289248895,-0.268151648,-1.414929824,-0.085740996,1.926914244,1.433251598
3002,-1.712314198,0.614306045,-0.142140053,-0.177821653,-0.086102417,-0.289248895,-0.268151648,-1.414929824,-0.085740996,1.926914244,1.433251598
3003,-1.712314198,0.614306045,-0.142140053,-0.177627698,-0.086102417,-0.289248895,-0.268151648,-1.414929824,-0.085740996,1.926914244,1.433251598
3004,-1.712314198,0.614306045,-0.142140053,-0.177462861,-0.086102417,-0.289248895,-0.268151648,-1.414929824,-0.085740996,1.926914244,1.433251598
3005,-1.712314198,0.614306045,-0.142140053,-0.177267835,-0.086102417,-0.289248895,-0.268151648,-1.414929824,-0.085740996,1.926914244,1.433251598
3006,-1.712314198,0.614306045,-0.142140053,-0.177072735,-0.086102417,-0.289248895,-0.268151648,-1.414929824,-0.085740996,1.926914244,1.433251598
3007,-1.574713925,0.614306045,-0.142140053,-0.17689514,-0.086102417,-0.289248895,-0.268151648,-1.414929824,-0.085740996,1.849648102,-0.158675159
3008,-1.574713925,0.614306045,-0.142140053,-0.176701161,-0.086102417,-0.289248895,-0.268151648,-1.414929824,-0.085740996,1.849648102,-0.158675159
3009,-1.574713925,0.614306045,-0.142140053,-0.17634431,-0.086102417,-0.289248895,-0.268151648,-1.414929824,-0.085740996,1.849648102,-0.158675159
3010,-1.574713925,0.614306045,-0.142140053,-0.176000094,-0.086102417,-0.289248895,-0.268151648,-1.414929824,-0.085740996,1.849648102,-0.158675159
3011,-1.574713925,0.614306045,-0.142140053,-0.175809576,-0.086102417,-0.289248895,-0.268151648,-1.414929824,-0.085740996,1.849648102,-0.158675159
3012,-1.574713925,0.614306045,-0.142140053,-0.175636797,-0.086102417,-0.289248895,-0.268151648,-1.414929824,-0.085740996,1.849648102,-0.158675159
3013,-1.437113651,0.614306045,-0.142140053,-0.175447881,-0.086102417,-0.289248895,-0.268151648,-1.414929824,-0.085740996,1.088790164,-2.108568903
3014,-1.437113651,0.614306045,-0.142140053,-0.175268797,-0.086102417,-0.289248895,-0.268151648,-1.414929824,-0.085740996,1.088790164,-2.108568903
3015,-1.437113651,0.614306045,-0.142140053,-0.175116765,-0.086102417,-0.289248895,-0.268151648,-1.414929824,-0.085740996,1.088790164,-2.108568903
3016,-1.437113651,0.614306045,-0.142140053,-0.174904161,-0.086102417,-0.289248895,-0.268151648,-1.414929824,-0.085740996,1.088790164,-2.108568903
3017,-1.437113651,0.614306045,-0.142140053,-0.174726261,-0.086102417,-0.289248895,-0.268151648,-1.414929824,-0.085740996,1.088790164,-2.108568903
3018,-1.437113651,0.614306045,-0.142140053,-0.17454084,-0.086102417,-0.289248895,-0.268151648,-1.414929824,-0.085740996,1.088790164,-2.108568903
3019,-1.299513378,0.614306045,-0.142140053,-0.174356283,-0.086102417,-0.289248895,-0.268151648,-1.414929824,-0.085740996,0.900403138,0.776703805
3020,-1.299513378,0.614306045,-0.142140053,-0.174184386,-0.086102417,-0.289248895,-0.268151648,-1.414929824,-0.085740996,0.900403138,0.776703805
3021,-1.299513378,0.614306045,-0.142140053,-0.1739954,-0.086102417,-0.289248895,-0.268151648,-1.414929824,-0.085740996,0.900403138,0.776703805
3022,-1.299513378,0.614306045,-0.142140053,-0.173816736,-0.086102417,-0.289248895,-0.268151648,-1.414929824,-0.085740996,0.900403138,0.776703805
3023,-1.299513378,0.614306045,-0.142140053,-0.173640089,-0.086102417,-0.289248895,-0.268151648,-1.414929824,-0.085740996,0.900403138,0.776703805
3024,-1.299513378,0.614306045,-0.142140053,-0.173469468,-0.086102417,-0.289248895,-0.268151648,-1.414929824,-0.085740996,0.900403138,0.776703805
3025,-1.161913105,0.614306045,-0.142140053,-0.173280236,-0.086102417,-0.289248895,-0.268151648,-1.414929824,-0.085740996,0.579662106,0.804610257
3026,-1.161913105,0.614306045,-0.142140053,-0.173090481,-0.086102417,-0.289248895,-0.268151648,-1.414929824,-0.085740996,0.579662106,0.804610257
3027,-1.161913105,0.614306045,-0.142140053,-0.17291522,-0.086102417,-0.289248895,-0.268151648,-1.414929824,-0.085740996,0.579662106,0.804610257
3028,-1.161913105,0.614306045,-0.142140053,-0.172733043,-0.086102417,-0.289248895,-0.268151648,-1.414929824,-0.085740996,0.579662106,0.804610257
3029,-1.161913105,0.614306045,-0.142140053,-0.172552406,-0.086102417,-0.289248895,-0.268151648,-1.414929824,-0.085740996,0.579662106,0.804610257
3030,-1.161913105,0.614306045,-0.142140053,-0.172367952,-0.086102417,-0.289248895,-0.268151648,-1.414929824,-0.085740996,0.579662106,0.804610257
3031,-1.024312832,0.614306045,-0.142140053,-0.172185074,-0.086102417,-0.289248895,-0.268151648,-1.414929824,-0.085740996,0.453916295,-1.000632353
3032,-1.024312832,0.614306045,-0.142140053,-0.171820073,-0.086102417,-0.289248895,-0.268151648,-1.414929824,-0.085740996,0.453916295,-1.000632353
3033,-1.024312832,0.614306045,-0.142140053,-0.17146675,-0.086102417,-0.289248895,-0.268151648,-1.414929824,-0.085740996,0.453916295,-1.000632353
3034,-1.024312832,0.614306045,-0.142140053,-0.171281865,-0.086102417,-0.289248895,-0.268151648,-1.414929824,-0.085740996,0.453916295,-1.000632353
3035,-1.024312832,0.614306045,-0.142140053,-0.171115899,-0.086102417,-0.289248895,-0.268151648,-1.414929824,-0.085740996,0.453916295,-1.000632353
3036,-1.024312832,0.614306045,-0.142140053,-0.170902906,-0.086102417,-0.289248895,-0.268151648,-1.414929824,-0.085740996,0.453916295,-1.000632353
3037,-0.886712558,0.614306045,-0.142140053,-0.170578859,-0.086102417,-0.289248895,-0.268151648,-1.414929824,-0.085740996,0.024554351,0.03805528
3038,-0.886712558,0.614306045,-0.142140053,-0.170383204,-0.086102417,-0.289248895,-0.268151648,-1.414929824,-0.085740996,0.024554351,0.03805528
3039,-0.886712558,0.614306045,-0.142140053,-0.170194605,-0.086102417,-0.289248895,-0.268151648,-1.414929824,-0.085740996,0.024554351,0.03805528
3040,-0.886712558,0.614306045,-0.142140053,-0.169837013,-0.086102417,-0.289248895,-0.268151648,-1.414929824,-0.085740996,0.024554351,0.03805528
3041,-0.886712558,0.614306045,-0.142140053,-0.169664496,-0.086102417,-0.289248895,-0.268151648,-1.414929824,-0.085740996,0.024554351,0.03805528
3042,-0.611512012,0.614306045,-0.142140053,5.824042504,-0.090742212,-0.289211706,0.594347864,0.323242267,-0.085740996,-0.141224304,-0.804030394
3043,-0.611512012,0.614306045,-0.142140053,5.824365654,-0.090742212,-0.289211706,0.594347864,0.323242267,-0.085740996,-0.141224304,-0.804030394
3044,-0.611512012,0.614306045,-0.142140053,5.824539261,-0.090742212,-0.289211706,0.594347864,0.323242267,-0.085740996,-0.141224304,-0.804030394
3045,-0.611512012,0.614306045,-0.142140053,5.824734691,-0.090742212,-0.289211706,0.594347864,0.323242267,-0.085740996,-0.141224304,-0.804030394
3046,-0.611512012,0.614306045,-0.142140053,5.82490671,-0.090742212,-0.289211706,0.594347864,0.323242267,-0.085740996,-0.141224304,-0.804030394
3047,-0.611512012,0.614306045,-0.142140053,5.825085715,-0.090742212,-0.289211706,0.594347864,0.323242267,-0.085740996,-0.141224304,-0.804030394
3048,-0.473911739,0.614306045,-0.142140053,5.825268474,-0.090742212,-0.289211706,0.594347864,0.323242267,-0.085740996,-0.305089,-1.099685818
3049,-0.473911739,0.614306045,-0.142140053,5.825449667,-0.090742212,-0.289211706,0.594347864,0.323242267,-0.085740996,-0.305089,-1.099685818
3050,-0.473911739,0.614306045,-0.142140053,5.825645205,-0.090742212,-0.289211706,0.594347864,0.323242267,-0.085740996,-0.305089,-1.099685818
3051,-0.473911739,0.614306045,-0.142140053,5.825814479,-0.090742212,-0.289211706,0.594347864,0.323242267,-0.085740996,-0.305089,-1.099685818
3052,-0.473911739,0.614306045,-0.142140053,5.825987222,-0.090742212,-0.289211706,0.594347864,0.323242267,-0.085740996,-0.305089,-1.099685818
3053,-0.473911739,0.614306045,-0.142140053,5.826168566,-0.090742212,-0.289211706,0.594347864,0.323242267,-0.085740996,-0.305089,-1.099685818
3054,-0.336311465,0.614306045,-0.142140053,5.826352437,-0.090742212,-0.289211706,0.594347864,0.323242267,-0.085740996,-0.182551809,-1.556837493
3055,-0.336311465,0.614306045,-0.142140053,5.826587202,-0.090742212,-0.289211706,0.594347864,0.323242267,-0.085740996,-0.182551809,-1.556837493
3056,-0.336311465,0.614306045,-0.142140053,5.826922349,-0.090742212,-0.289211706,0.594347864,0.323242267,-0.085740996,-0.182551809,-1.556837493
3057,-0.336311465,0.614306045,-0.142140053,5.827118882,-0.090742212,-0.289211706,0.594347864,0.323242267,-0.085740996,-0.182551809,-1.556837493
3058,-0.336311465,0.614306045,-0.142140053,5.827473929,-0.090742212,-0.289211706,0.594347864,0.323242267,-0.085740996,-0.182551809,-1.556837493
3059,-0.336311465,0.614306045,-0.142140053,5.827650788,-0.090742212,-0.289211706,0.594347864,0.323242267,-0.085740996,-0.182551809,-1.556837493
3060,-0.198711192,0.614306045,-0.142140053,5.827838737,-0.090742212,-0.289211706,0.594347864,0.323242267,-0.085740996,-0.313471879,0.528647917
3061,-0.198711192,0.614306045,-0.142140053,5.828020438,-0.090742212,-0.289211706,0.594347864,0.323242267,-0.085740996,-0.313471879,0.528647917
3062,-0.198711192,0.614306045,-0.142140053,5.828201745,-0.090742212,-0.289211706,0.594347864,0.323242267,-0.085740996,-0.313471879,0.528647917
3063,-0.198711192,0.614306045,-0.142140053,5.828375036,-0.090742212,-0.289211706,0.594347864,0.323242267,-0.085740996,-0.313471879,0.528647917
3064,-0.198711192,0.614306045,-0.142140053,5.828556845,-0.090742212,-0.289211706,0.594347864,0.323242267,-0.085740996,-0.313471879,0.528647917
3065,-0.198711192,0.614306045,-0.142140053,5.82874082,-0.090742212,-0.289211706,0.594347864,0.323242267,-0.085740996,-0.313471879,0.528647917
3066,-0.061110919,0.614306045,-0.142140053,5.828886932,-0.090742212,-0.289211706,0.594347864,0.323242267,-0.085740996,-0.495418454,0.638409672
3067,-0.061110919,0.614306045,-0.142140053,5.829065021,-0.090742212,-0.289211706,0.594347864,0.323242267,-0.085740996,-0.495418454,0.638409672
3068,-0.061110919,0.614306045,-0.142140053,5.829264129,-0.090742212,-0.289211706,0.594347864,0.323242267,-0.085740996,-0.495418454,0.638409672
3069,-0.061110919,0.614306045,-0.142140053,5.829428668,-0.090742212,-0.289211706,0.594347864,0.323242267,-0.085740996,-0.495418454,0.638409672
3070,-0.061110919,0.614306045,-0.142140053,5.829608651,-0.090742212,-0.289211706,0.594347864,0.323242267,-0.085740996,-0.495418454,0.638409672
3071,-0.061110919,0.614306045,-0.142140053,5.82978772,-0.090742212,-0.289211706,0.594347864,0.323242267,-0.085740996,-0.495418454,0.638409672
3072,0.076489355,0.614306045,-0.142140053,5.829977626,-0.090742212,-0.289211706,0.594347864,0.323242267,-0.085740996,-0.287596201,0.475905898
3073,0.076489355,0.614306045,-0.142140053,5.83018989,-0.090742212,-0.289211706,0.594347864,0.323242267,-0.085740996,-0.287596201,0.475905898
3074,0.076489355,0.614306045,-0.142140053,5.830334192,-0.090742212,-0.289211706,0.594347864,0.323242267,-0.085740996,-0.287596201,0.475905898
3075,0.076489355,0.614306045,-0.142140053,5.830516829,-0.090742212,-0.289211706,0.594347864,0.323242267,-0.085740996,-0.287596201,0.475905898
3076,0.076489355,0.614306045,-0.142140053,5.830708921,-0.090742212,-0.289211706,0.594347864,0.323242267,-0.085740996,-0.287596201,0.475905898
3077,0.076489355,0.614306045,-0.142140053,5.830882987,-0.090742212,-0.289211706,0.594347864,0.323242267,-0.085740996,-0.287596201,0.475905898
3078,0.214089628,0.614306045,-0.142140053,5.831053542,-0.090742212,-0.289211706,0.594347864,0.323242267,-0.085740996,-0.225276461,1.088460372
3079,0.214089628,0.614306045,-0.142140053,5.831250874,-0.090742212,-0.289211706,0.594347864,0.323242267,-0.085740996,-0.225276461,1.088460372
3080,0.214089628,0.614306045,-0.142140053,5.83142206,-0.090742212,-0.289211706,0.594347864,0.323242267,-0.085740996,-0.225276461,1.088460372
3081,0.214089628,0.614306045,-0.142140053,5.831603422,-0.090742212,-0.289211706,0.594347864,0.323242267,-0.085740996,-0.225276461,1.088460372
3082,0.214089628,0.614306045,-0.142140053,5.831816632,-0.090742212,-0.289211706,0.594347864,0.323242267,-0.085740996,-0.225276461,1.088460372
3083,0.214089628,0.614306045,-0.142140053,5.832002996,-0.090742212,-0.289211706,0.594347864,0.323242267,-0.085740996,-0.225276461,1.088460372
3084,0.351689901,0.614306045,-0.142140053,5.832338934,-0.090742212,-0.289211706,0.594347864,0.323242267,-0.085740996,-0.38205907,-0.893572516
3085,0.351689901,0.614306045,-0.142140053,5.832530778,-0.090742212,-0.289211706,0.594347864,0.323242267,-0.085740996,-0.38205907,-0.893572516
3086,0.351689901,0.614306045,-0.142140053,5.832713837,-0.090742212,-0.289211706,0.594347864,0.323242267,-0.085740996,-0.38205907,-0.893572516
3087,0.351689901,0.614306045,-0.142140053,5.832911479,-0.090742212,-0.289211706,0.594347864,0.323242267,-0.085740996,-0.38205907,-0.893572516
3088,0.351689901,0.614306045,-0.142140053,5.833243634,-0.090742212,-0.289211706,0.594347864,0.323242267,-0.085740996,-0.38205907,-0.893572516
3089,0.351689901,0.614306045,-0.142140053,5.83343976,-0.090742212,-0.289211706,0.594347864,0.323242267,-0.085740996,-0.38205907,-0.893572516
3090,0.489290174,0.614306045,-0.142140053,5.833627353,-0.090742212,-0.289211706,0.594347864,0.323242267,-0.085740996,-0.300630395,-0.842633605
3091,0.489290174,0.614306045,-0.142140053,5.833780421,-0.090742212,-0.289211706,0.594347864,0.323242267,-0.085740996,-0.300630395,-0.842633605
3092,0.489290174,0.614306045,-0.142140053,5.833951862,-0.090742212,-0.289211706,0.594347864,0.323242267,-0.085740996,-0.300630395,-0.842633605
3093,0.489290174,0.614306045,-0.142140053,5.834149814,-0.090742212,-0.289211706,0.594347864,0.323242267,-0.085740996,-0.300630395,-0.842633605
3094,0.489290174,0.614306045,-0.142140053,5.834333071,-0.090742212,-0.289211706,0.594347864,0.323242267,-0.085740996,-0.300630395,-0.842633605
3095,0.489290174,0.614306045,-0.142140053,5.834506574,-0.090742212,-0.289211706,0.594347864,0.323242267,-0.085740996,-0.300630395,-0.842633605
3096,0.626890448,0.614306045,-0.142140053,5.834722019,-0.090742212,-0.289211706,0.594347864,0.323242267,-0.085740996,-0.451371112,1.184507192
3097,0.626890448,0.614306045,-0.142140053,5.835056873,-0.090742212,-0.289211706,0.594347864,0.323242267,-0.085740996,-0.451371112,1.184507192
3098,0.626890448,0.614306045,-0.142140053,5.835267352,-0.090742212,-0.289211706,0.594347864,0.323242267,-0.085740996,-0.451371112,1.184507192
3099,0.626890448,0.614306045,-0.142140053,5.835621661,-0.090742212,-0.289211706,0.594347864,0.323242267,-0.085740996,-0.451371112,1.184507192
3100,0.626890448,0.614306045,-0.142140053,5.835970266,-0.090742212,-0.289211706,0.594347864,0.323242267,-0.085740996,-0.451371112,1.184507192
3101,0.626890448,0.614306045,-0.142140053,5.836133832,-0.090742212,-0.289211706,0.594347864,0.323242267,-0.085740996,-0.451371112,1.184507192
3102,0.764490721,0.614306045,-0.142140053,5.836325029,-0.090742212,-0.289211706,0.594347864,0.323242267,-0.085740996,-0.468185485,0.025426383
3103,0.764490721,0.614306045,-0.142140053,5.836528632,-0.090742212,-0.289211706,0.594347864,0.323242267,-0.085740996,-0.468185485,0.025426383
3104,0.764490721,0.614306045,-0.142140053,5.836844078,-0.090742212,-0.289211706,0.594347864,0.323242267,-0.085740996,-0.468185485,0.025426383
3105,0.764490721,0.614306045,-0.142140053,5.837037017,-0.090742212,-0.289211706,0.594347864,0.323242267,-0.085740996,-0.468185485,0.025426383
3106,0.764490721,0.614306045,-0.142140053,5.837235655,-0.090742212,-0.289211706,0.594347864,0.323242267,-0.085740996,-0.468185485,0.025426383
3107,0.764490721,0.614306045,-0.142140053,5.837400864,-0.090742212,-0.289211706,0.594347864,0.323242267,-0.085740996,-0.468185485,0.025426383
3108,0.902090994,0.614306045,-0.142140053,5.83759988,-0.090742212,-0.289211706,0.594347864,0.323242267,-0.085740996,-0.632213985,0.499142058
3109,0.902090994,0.614306045,-0.142140053,5.837786525,-0.090742212,-0.289211706,0.594347864,0.323242267,-0.085740996,-0.632213985,0.499142058
3110,0.902090994,0.614306045,-0.142140053,5.837956036,-0.090742212,-0.289211706,0.594347864,0.323242267,-0.085740996,-0.632213985,0.499142058
3111,0.902090994,0.614306045,-0.142140053,5.838144164,-0.090742212,-0.289211706,0.594347864,0.323242267,-0.085740996,-0.632213985,0.499142058
3112,0.902090994,0.614306045,-0.142140053,5.838328806,-0.090742212,-0.289211706,0.594347864,0.323242267,-0.085740996,-0.632213985,0.499142058
3113,0.902090994,0.614306045,-0.142140053,5.838506272,-0.090742212,-0.289211706,0.594347864,0.323242267,-0.085740996,-0.632213985,0.499142058
3114,1.039691268,0.614306045,-0.142140053,5.838673534,-0.090742212,-0.289211706,0.594347864,0.323242267,-0.085740996,-0.765245104,0.349325381
3115,1.039691268,0.614306045,-0.142140053,5.83885009,-0.090742212,-0.289211706,0.594347864,0.323242267,-0.085740996,-0.765245104,0.349325381
3116,1.039691268,0.614306045,-0.142140053,5.83906277,-0.090742212,-0.289211706,0.594347864,0.323242267,-0.085740996,-0.765245104,0.349325381
3117,1.039691268,0.614306045,-0.142140053,5.839416505,-0.090742212,-0.289211706,0.594347864,0.323242267,-0.085740996,-0.765245104,0.349325381
3118,1.039691268,0.614306045,-0.142140053,5.839760204,-0.090742212,-0.289211706,0.594347864,0.323242267,-0.085740996,-0.765245104,0.349325381
3119,1.039691268,0.614306045,-0.142140053,5.83993761,-0.090742212,-0.289211706,0.594347864,0.323242267,-0.085740996,-0.765245104,0.349325381
3120,1.177291541,0.614306045,-0.142140053,5.840147305,-0.090742212,-0.289211706,0.594347864,0.323242267,-0.085740996,-0.722577389,1.870105675
3121,1.177291541,0.614306045,-0.142140053,5.840492417,-0.090742212,-0.289211706,0.594347864,0.323242267,-0.085740996,-0.722577389,1.870105675
3122,1.177291541,0.614306045,-0.142140053,5.840682876,-0.090742212,-0.289211706,0.594347864,0.323242267,-0.085740996,-0.722577389,1.870105675
3123,1.177291541,0.614306045,-0.142140053,5.841066369,-0.090742212,-0.289211706,0.594347864,0.323242267,-0.085740996,-0.722577389,1.870105675
3124,1.177291541,0.614306045,-0.142140053,5.841401362,-0.090742212,-0.289211706,0.594347864,0.323242267,-0.085740996,-0.722577389,1.870105675
3125,1.177291541,0.614306045,-0.142140053,5.841588682,-0.090742212,-0.289211706,0.594347864,0.323242267,-0.085740996,-0.722577389,1.870105675
3126,1.314891814,0.614306045,-0.142140053,5.841915457,-0.090742212,-0.289211706,0.594347864,0.323242267,-0.085740996,-0.602593604,-1.581531403
3127,1.314891814,0.614306045,-0.142140053,5.842139033,-0.090742212,-0.289211706,0.594347864,0.323242267,-0.085740996,-0.602593604,-1.581531403
3128,1.314891814,0.614306045,-0.142140053,5.842491104,-0.090742212,-0.289211706,0.594347864,0.323242267,-0.085740996,-0.602593604,-1.581531403
3129,1.314891814,0.614306045,-0.142140053,5.842853702,-0.090742212,-0.289211706,0.594347864,0.323242267,-0.085740996,-0.602593604,-1.581531403
3130,1.314891814,0.614306045,-0.142140053,5.843194156,-0.090742212,-0.289211706,0.594347864,0.323242267,-0.085740996,-0.602593604,-1.581531403
3131,1.314891814,0.614306045,-0.142140053,5.843395648,-0.090742212,-0.289211706,0.594347864,0.323242267,-0.085740996,-0.602593604,-1.581531403
3132,1.452492087,0.614306045,-0.142140053,5.843771814,-0.090742212,-0.289211706,0.594347864,0.323242267,-0.085740996,-0.547299014,1.574273455
3133,1.452492087,0.614306045,-0.142140053,5.844134851,-0.090742212,-0.289211706,0.594347864,0.323242267,-0.085740996,-0.547299014,1.574273455
3134,1.452492087,0.614306045,-0.142140053,5.844479419,-0.090742212,-0.289211706,0.594347864,0.323242267,-0.085740996,-0.547299014,1.574273455
3135,1.452492087,0.614306045,-0.142140053,5.844682262,-0.090742212,-0.289211706,0.594347864,0.323242267,-0.085740996,-0.547299014,1.574273455
3136,1.452492087,0.614306045,-0.142140053,5.84505879,-0.090742212,-0.289211706,0.594347864,0.323242267,-0.085740996,-0.547299014,1.574273455
3137,1.452492087,-1.627853101,7.035314646,-0.181082882,-0.090742212,-0.289211706,0.594347864,0.323242267,-1.731684679,-0.547299014,1.574273455
3138,1.452492087,-1.627853101,-0.142140053,-0.180891947,-0.090742212,-0.289211706,0.594347864,0.323242267,-1.731684679,-0.547299014,1.574273455
3139,1.452492087,-1.627853101,-0.142140053,-0.180703866,-0.090742212,-0.289211706,0.594347864,0.323242267,-1.731684679,-0.547299014,1.574273455
3140,-0.611512012,-1.627853101,-0.142140053,-0.180522364,-0.090742212,-0.289211706,0.594347864,0.323242267,-1.731684679,-0.141224304,-0.804030394
3141,-0.611512012,-1.627853101,-0.142140053,-0.180348808,-0.090742212,-0.289211706,0.594347864,0.323242267,-1.731684679,-0.141224304,-0.804030394
3142,-0.611512012,-1.627853101,-0.142140053,-0.180178026,-0.090742212,-0.289211706,0.594347864,0.323242267,-1.731684679,-0.141224304,-0.804030394
3143,-0.611512012,-1.627853101,-0.142140053,-0.179974397,-0.090742212,-0.289211706,0.594347864,0.323242267,-1.731684679,-0.141224304,-0.804030394
3144,-0.611512012,-1.627853101,-0.142140053,-0.179653855,-0.090742212,-0.289211706,0.594347864,0.323242267,-1.731684679,-0.141224304,-0.804030394
3145,-0.611512012,-1.627853101,-0.142140053,-0.179479224,-0.090742212,-0.289211706,0.594347864,0.323242267,-1.731684679,-0.141224304,-0.804030394
3146,-0.611512012,-1.627853101,-0.142140053,-0.179288989,-0.090742212,-0.289211706,0.594347864,0.323242267,-1.731684679,-0.141224304,-0.804030394
3147,-0.611512012,-1.627853101,-0.142140053,-0.179122365,-0.090742212,-0.289211706,0.594347864,0.323242267,-1.731684679,-0.141224304,-0.804030394
3148,-0.611512012,-1.627853101,-0.142140053,-0.178935153,-0.090742212,-0.289211706,0.594347864,0.323242267,-1.731684679,-0.141224304,-0.804030394
3149,-0.611512012,-1.627853101,-0.142140053,-0.178751795,-0.090742212,-0.289211706,0.594347864,0.323242267,-1.731684679,-0.141224304,-0.804030394
3150,-0.611512012,0.614306045,7.035314646,-0.181082882,-0.090742212,-0.289211706,0.594347864,0.323242267,-0.085740996,-0.141224304,-0.804030394
3151,-0.611512012,0.614306045,-0.142140053,-0.180873536,-0.090742212,-0.289211706,0.594347864,0.323242267,-0.085740996,-0.141224304,-0.804030394
3152,-0.611512012,0.614306045,-0.142140053,-0.18055005,-0.090742212,-0.289211706,0.594347864,0.323242267,-0.085740996,-0.141224304,-0.804030394
3153,-0.611512012,0.614306045,-0.142140053,-0.180375564,-0.090742212,-0.289211706,0.594347864,0.323242267,-0.085740996,-0.141224304,-0.804030394
3154,-0.611512012,0.614306045,-0.142140053,-0.180193046,-0.090742212,-0.289211706,0.594347864,0.323242267,-0.085740996,-0.141224304,-0.804030394
3155,-0.473911739,0.614306045,-0.142140053,-0.180021856,-0.090742212,-0.289211706,0.594347864,0.323242267,-0.085740996,-0.305089,-1.099685818
3156,-0.473911739,0.614306045,-0.142140053,-0.17983957,-0.090742212,-0.289211706,0.594347864,0.323242267,-0.085740996,-0.305089,-1.099685818
3157,-0.473911739,0.614306045,-0.142140053,-0.17965857,-0.090742212,-0.289211706,0.594347864,0.323242267,-0.085740996,-0.305089,-1.099685818
3158,-0.473911739,0.614306045,-0.142140053,-0.179471277,-0.090742212,-0.289211706,0.594347864,0.323242267,-0.085740996,-0.305089,-1.099685818
3159,-0.473911739,0.614306045,-0.142140053,-0.179295869,-0.090742212,-0.289211706,0.594347864,0.323242267,-0.085740996,-0.305089,-1.099685818
3160,-0.473911739,0.614306045,-0.142140053,-0.179113025,-0.090742212,-0.289211706,0.594347864,0.323242267,-0.085740996,-0.305089,-1.099685818
3161,-0.336311465,0.614306045,-0.142140053,-0.178933024,-0.090742212,-0.289211706,0.594347864,0.323242267,-0.085740996,-0.182551809,-1.556837493
3162,-0.336311465,0.614306045,-0.142140053,-0.178756031,-0.090742212,-0.289211706,0.594347864,0.323242267,-0.085740996,-0.182551809,-1.556837493
3163,-0.336311465,0.614306045,-0.142140053,-0.178565849,-0.090742212,-0.289211706,0.594347864,0.323242267,-0.085740996,-0.182551809,-1.556837493
3164,-0.336311465,0.614306045,-0.142140053,-0.178383632,-0.090742212,-0.289211706,0.594347864,0.323242267,-0.085740996,-0.182551809,-1.556837493
3165,-0.336311465,0.614306045,-0.142140053,-0.178213654,-0.090742212,-0.289211706,0.594347864,0.323242267,-0.085740996,-0.182551809,-1.556837493
3166,-0.336311465,0.614306045,-0.142140053,-0.178028778,-0.090742212,-0.289211706,0.594347864,0.323242267,-0.085740996,-0.182551809,-1.556837493
3167,-0.198711192,0.614306045,-0.142140053,-0.177844807,-0.090742212,-0.289211706,0.594347864,0.323242267,-0.085740996,-0.313471879,0.528647917
3168,-0.198711192,0.614306045,-0.142140053,-0.177671962,-0.090742212,-0.289211706,0.594347864,0.323242267,-0.085740996,-0.313471879,0.528647917
3169,-0.198711192,0.614306045,-0.142140053,-0.177488168,-0.090742212,-0.289211706,0.594347864,0.323242267,-0.085740996,-0.313471879,0.528647917
3170,-0.198711192,0.614306045,-0.142140053,-0.177303632,-0.090742212,-0.289211706,0.594347864,0.323242267,-0.085740996,-0.313471879,0.528647917
3171,-0.198711192,0.614306045,-0.142140053,-0.177119914,-0.090742212,-0.289211706,0.594347864,0.323242267,-0.085740996,-0.313471879,0.528647917
3172,-0.198711192,0.614306045,-0.142140053,-0.176933611,-0.090742212,-0.289211706,0.594347864,0.323242267,-0.085740996,-0.313471879,0.528647917
3173,-0.061110919,0.614306045,-0.142140053,-0.176763329,-0.090742212,-0.289211706,0.594347864,0.323242267,-0.085740996,-0.495418454,0.638409672
3174,-0.061110919,0.614306045,-0.142140053,-0.176572847,-0.090742212,-0.289211706,0.594347864,0.323242267,-0.085740996,-0.495418454,0.638409672
3175,-0.061110919,0.614306045,-0.142140053,-0.176402237,-0.090742212,-0.289211706,0.594347864,0.323242267,-0.085740996,-0.495418454,0.638409672
3176,-0.061110919,0.614306045,-0.142140053,-0.176219562,-0.090742212,-0.289211706,0.594347864,0.323242267,-0.085740996,-0.495418454,0.638409672
3177,-0.061110919,0.614306045,-0.142140053,-0.176037855,-0.090742212,-0.289211706,0.594347864,0.323242267,-0.085740996,-0.495418454,0.638409672
3178,-0.061110919,0.614306045,-0.142140053,-0.175847616,-0.090742212,-0.289211706,0.594347864,0.323242267,-0.085740996,-0.495418454,0.638409672
3179,0.076489355,0.614306045,-0.142140053,-0.175667447,-0.090742212,-0.289211706,0.594347864,0.323242267,-0.085740996,-0.287596201,0.475905898
3180,0.076489355,0.614306045,-0.142140053,-0.175493736,-0.090742212,-0.289211706,0.594347864,0.323242267,-0.085740996,-0.287596201,0.475905898
3181,0.076489355,0.614306045,-0.142140053,-0.175298009,-0.090742212,-0.289211706,0.594347864,0.323242267,-0.085740996,-0.287596201,0.475905898
3182,0.076489355,0.614306045,-0.142140053,-0.175126725,-0.090742212,-0.289211706,0.594347864,0.323242267,-0.085740996,-0.287596201,0.475905898
3183,0.076489355,0.614306045,-0.142140053,-0.174953286,-0.090742212,-0.289211706,0.594347864,0.323242267,-0.085740996,-0.287596201,0.475905898
3184,0.076489355,0.614306045,-0.142140053,-0.174762839,-0.090742212,-0.289211706,0.594347864,0.323242267,-0.085740996,-0.287596201,0.475905898
3185,0.214089628,0.614306045,-0.142140053,-0.174587111,-0.090742212,-0.289211706,0.594347864,0.323242267,-0.085740996,-0.225276461,1.088460372
3186,0.214089628,0.614306045,-0.142140053,-0.174399669,-0.090742212,-0.289211706,0.594347864,0.323242267,-0.085740996,-0.225276461,1.088460372
3187,0.214089628,0.614306045,-0.142140053,-0.174226311,-0.090742212,-0.289211706,0.594347864,0.323242267,-0.085740996,-0.225276461,1.088460372
3188,0.214089628,0.614306045,-0.142140053,-0.174043682,-0.090742212,-0.289211706,0.594347864,0.323242267,-0.085740996,-0.225276461,1.088460372
3189,0.214089628,0.614306045,-0.142140053,-0.173860846,-0.090742212,-0.289211706,0.594347864,0.323242267,-0.085740996,-0.225276461,1.088460372
3190,0.214089628,0.614306045,-0.142140053,-0.173686778,-0.090742212,-0.289211706,0.594347864,0.323242267,-0.085740996,-0.225276461,1.088460372
3191,0.351689901,0.614306045,-0.142140053,-0.173500789,-0.090742212,-0.289211706,0.594347864,0.323242267,-0.085740996,-0.38205907,-0.893572516
3192,0.351689901,0.614306045,-0.142140053,-0.173325985,-0.090742212,-0.289211706,0.594347864,0.323242267,-0.085740996,-0.38205907,-0.893572516
3193,0.351689901,0.614306045,-0.142140053,-0.173112858,-0.090742212,-0.289211706,0.594347864,0.323242267,-0.085740996,-0.38205907,-0.893572516
3194,0.351689901,0.614306045,-0.142140053,-0.172950413,-0.090742212,-0.289211706,0.594347864,0.323242267,-0.085740996,-0.38205907,-0.893572516
3195,0.351689901,0.614306045,-0.142140053,-0.172784886,-0.090742212,-0.289211706,0.594347864,0.323242267,-0.085740996,-0.38205907,-0.893572516
3196,0.351689901,0.614306045,-0.142140053,-0.172591786,-0.090742212,-0.289211706,0.594347864,0.323242267,-0.085740996,-0.38205907,-0.893572516
3197,0.489290174,0.614306045,-0.142140053,-0.172421071,-0.090742212,-0.289211706,0.594347864,0.323242267,-0.085740996,-0.300630395,-0.842633605
3198,0.489290174,0.614306045,-0.142140053,-0.172234553,-0.090742212,-0.289211706,0.594347864,0.323242267,-0.085740996,-0.300630395,-0.842633605
3199,0.489290174,0.614306045,-0.142140053,-0.172047571,-0.090742212,-0.289211706,0.594347864,0.323242267,-0.085740996,-0.300630395,-0.842633605
3200,0.489290174,0.614306045,-0.142140053,-0.171862238,-0.090742212,-0.289211706,0.594347864,0.323242267,-0.085740996,-0.300630395,-0.842633605
3201,0.489290174,0.614306045,-0.142140053,-0.171680724,-0.090742212,-0.289211706,0.594347864,0.323242267,-0.085740996,-0.300630395,-0.842633605
3202,0.489290174,0.614306045,-0.142140053,-0.171514727,-0.090742212,-0.289211706,0.594347864,0.323242267,-0.085740996,-0.300630395,-0.842633605
3203,0.626890448,0.614306045,-0.142140053,-0.171326405,-0.090742212,-0.289211706,0.594347864,0.323242267,-0.085740996,-0.451371112,1.184507192
3204,0.626890448,0.614306045,-0.142140053,-0.171150802,-0.090742212,-0.289211706,0.594347864,0.323242267,-0.085740996,-0.451371112,1.184507192
3205,0.626890448,0.614306045,-0.142140053,-0.170973968,-0.090742212,-0.289211706,0.594347864,0.323242267,-0.085740996,-0.451371112,1.184507192
3206,0.626890448,0.614306045,-0.142140053,-0.170797782,-0.090742212,-0.289211706,0.594347864,0.323242267,-0.085740996,-0.451371112,1.184507192
3207,0.626890448,0.614306045,-0.142140053,-0.170612037,-0.090742212,-0.289211706,0.594347864,0.323242267,-0.085740996,-0.451371112,1.184507192
3208,0.626890448,0.614306045,-0.142140053,-0.170428353,-0.090742212,-0.289211706,0.594347864,0.323242267,-0.085740996,-0.451371112,1.184507192
3209,0.764490721,0.614306045,-0.142140053,-0.170247201,-0.090742212,-0.289211706,0.594347864,0.323242267,-0.085740996,-0.468185485,0.025426383
3210,0.764490721,0.614306045,-0.142140053,-0.170062574,-0.090742212,-0.289211706,0.594347864,0.323242267,-0.085740996,-0.468185485,0.025426383
3211,0.764490721,0.614306045,-0.142140053,-0.169885952,-0.090742212,-0.289211706,0.594347864,0.323242267,-0.085740996,-0.468185485,0.025426383
3212,0.764490721,0.614306045,-0.142140053,-0.169704136,-0.090742212,-0.289211706,0.594347864,0.323242267,-0.085740996,-0.468185485,0.025426383
3213,0.764490721,0.614306045,-0.142140053,-0.169531219,-0.090742212,-0.289211706,0.594347864,0.323242267,-0.085740996,-0.468185485,0.025426383
3214,0.764490721,0.614306045,-0.142140053,-0.169343886,-0.090742212,-0.289211706,0.594347864,0.323242267,-0.085740996,-0.468185485,0.025426383
3215,0.902090994,0.614306045,-0.142140053,-0.169163402,-0.090742212,-0.289211706,0.594347864,0.323242267,-0.085740996,-0.632213985,0.499142058
3216,0.902090994,0.614306045,-0.142140053,-0.16898635,-0.090742212,-0.289211706,0.594347864,0.323242267,-0.085740996,-0.632213985,0.499142058
3217,0.902090994,0.614306045,-0.142140053,-0.168802615,-0.090742212,-0.289211706,0.594347864,0.323242267,-0.085740996,-0.632213985,0.499142058
3218,0.902090994,0.614306045,-0.142140053,-0.168624134,-0.090742212,-0.289211706,0.594347864,0.323242267,-0.085740996,-0.632213985,0.499142058
3219,0.902090994,0.614306045,-0.142140053,-0.168439884,-0.090742212,-0.289211706,0.594347864,0.323242267,-0.085740996,-0.632213985,0.499142058
3220,0.902090994,0.614306045,-0.142140053,-0.168259066,-0.090742212,-0.289211706,0.594347864,0.323242267,-0.085740996,-0.632213985,0.499142058
3221,1.039691268,0.614306045,-0.142140053,-0.168079426,-0.090742212,-0.289211706,0.594347864,0.323242267,-0.085740996,-0.765245104,0.349325381
3222,1.039691268,0.614306045,-0.142140053,-0.167895758,-0.090742212,-0.289211706,0.594347864,0.323242267,-0.085740996,-0.765245104,0.349325381
3223,1.039691268,0.614306045,-0.142140053,-0.167718475,-0.090742212,-0.289211706,0.594347864,0.323242267,-0.085740996,-0.765245104,0.349325381
3224,1.039691268,0.614306045,-0.142140053,-0.167531234,-0.090742212,-0.289211706,0.594347864,0.323242267,-0.085740996,-0.765245104,0.349325381
3225,1.039691268,0.614306045,-0.142140053,-0.167352073,-0.090742212,-0.289211706,0.594347864,0.323242267,-0.085740996,-0.765245104,0.349325381
3226,1.039691268,0.614306045,-0.142140053,-0.167168032,-0.090742212,-0.289211706,0.594347864,0.323242267,-0.085740996,-0.765245104,0.349325381
3227,1.177291541,0.614306045,-0.142140053,-0.166987666,-0.090742212,-0.289211706,0.594347864,0.323242267,-0.085740996,-0.722577389,1.870105675
3228,1.177291541,0.614306045,-0.142140053,-0.166807251,-0.090742212,-0.289211706,0.594347864,0.323242267,-0.085740996,-0.722577389,1.870105675
3229,1.177291541,0.614306045,-0.142140053,-0.166629674,-0.090742212,-0.289211706,0.594347864,0.323242267,-0.085740996,-0.722577389,1.870105675
3230,1.177291541,0.614306045,-0.142140053,-0.166441676,-0.090742212,-0.289211706,0.594347864,0.323242267,-0.085740996,-0.722577389,1.870105675
3231,1.177291541,0.614306045,-0.142140053,-0.166279375,-0.090742212,-0.289211706,0.594347864,0.323242267,-0.085740996,-0.722577389,1.870105675
3232,1.177291541,0.614306045,-0.142140053,-0.166093585,-0.090742212,-0.289211706,0.594347864,0.323242267,-0.085740996,-0.722577389,1.870105675
3233,1.314891814,0.614306045,-0.142140053,-0.165905989,-0.090742212,-0.289211706,0.594347864,0.323242267,-0.085740996,-0.602593604,-1.581531403
3234,1.314891814,0.614306045,-0.142140053,-0.165730774,-0.090742212,-0.289211706,0.594347864,0.323242267,-0.085740996,-0.602593604,-1.581531403
3235,1.314891814,0.614306045,-0.142140053,-0.165555994,-0.090742212,-0.289211706,0.594347864,0.323242267,-0.085740996,-0.602593604,-1.581531403
3236,1.314891814,0.614306045,-0.142140053,-0.165319933,-0.090742212,-0.289211706,0.594347864,0.323242267,-0.085740996,-0.602593604,-1.581531403
3237,1.314891814,0.614306045,-0.142140053,-0.165000629,-0.090742212,-0.289211706,0.594347864,0.323242267,-0.085740996,-0.602593604,-1.581531403
3238,1.314891814,0.614306045,-0.142140053,-0.164825128,-0.090742212,-0.289211706,0.594347864,0.323242267,-0.085740996,-0.602593604,-1.581531403
3239,1.452492087,0.614306045,-0.142140053,-0.164631812,-0.090742212,-0.289211706,0.594347864,0.323242267,-0.085740996,-0.547299014,1.574273455
3240,1.452492087,0.614306045,-0.142140053,-0.16446515,-0.090742212,-0.289211706,0.594347864,0.323242267,-0.085740996,-0.547299014,1.574273455
3241,1.452492087,0.614306045,-0.142140053,-0.16428422,-0.090742212,-0.289211706,0.594347864,0.323242267,-0.085740996,-0.547299014,1.574273455
3242,1.452492087,0.614306045,-0.142140053,-0.164093842,-0.090742212,-0.289211706,0.594347864,0.323242267,-0.085740996,-0.547299014,1.574273455
3243,1.452492087,0.614306045,-0.142140053,-0.163918163,-0.090742212,-0.289211706,0.594347864,0.323242267,-0.085740996,-0.547299014,1.574273455
3244,1.452492087,0.614306045,-0.142140053,-0.163741487,-0.090742212,-0.289211706,0.594347864,0.323242267,-0.085740996,-0.547299014,1.574273455
3245,1.452492087,-1.627853101,7.035314646,-0.181082882,-0.090742212,-0.289211706,0.594347864,0.323242267,-1.731684679,-0.547299014,1.574273455
3246,1.452492087,-1.627853101,-0.142140053,-0.180902411,-0.090742212,-0.289211706,0.594347864,0.323242267,-1.731684679,-0.547299014,1.574273455
3247,1.452492087,-1.627853101,-0.142140053,-0.180727638,-0.090742212,-0.289211706,0.594347864,0.323242267,-1.731684679,-0.547299014,1.574273455
3248,-0.611512012,-1.627853101,-0.142140053,-0.180544067,-0.090742212,-0.289211706,0.594347864,0.323242267,-1.731684679,-0.141224304,-0.804030394
3249,-0.611512012,-1.627853101,-0.142140053,-0.180369501,-0.090742212,-0.289211706,0.594347864,0.323242267,-1.731684679,-0.141224304,-0.804030394
3250,-0.611512012,-1.627853101,-0.142140053,-0.180159414,-0.090742212,-0.289211706,0.594347864,0.323242267,-1.731684679,-0.141224304,-0.804030394
3251,-0.611512012,-1.627853101,-0.142140053,-0.180000338,-0.090742212,-0.289211706,0.594347864,0.323242267,-1.731684679,-0.141224304,-0.804030394
3252,-0.611512012,-1.627853101,-0.142140053,-0.17981933,-0.090742212,-0.289211706,0.594347864,0.323242267,-1.731684679,-0.141224304,-0.804030394
3253,-0.611512012,-1.627853101,-0.142140053,-0.179637406,-0.090742212,-0.289211706,0.594347864,0.323242267,-1.731684679,-0.141224304,-0.804030394
3254,-0.611512012,-1.627853101,-0.142140053,-0.17946141,-0.090742212,-0.289211706,0.594347864,0.323242267,-1.731684679,-0.141224304,-0.804030394
3255,-0.611512012,-1.627853101,-0.142140053,-0.179276655,-0.090742212,-0.289211706,0.594347864,0.323242267,-1.731684679,-0.141224304,-0.804030394
3256,-0.611512012,-1.627853101,-0.142140053,-0.179090349,-0.090742212,-0.289211706,0.594347864,0.323242267,-1.731684679,-0.141224304,-0.804030394
3257,-0.611512012,-1.627853101,-0.142140053,-0.178914133,-0.090742212,-0.289211706,0.594347864,0.323242267,-1.731684679,-0.141224304,-0.804030394
3258,-0.611512012,0.614306045,7.035314646,-0.181082882,-0.090742212,-0.307954717,0.594347864,0.323242267,-0.085740996,-0.141224304,-0.804030394
3259,-0.611512012,0.614306045,-0.142140053,-0.180889888,-0.090742212,-0.307954717,0.594347864,0.323242267,-0.085740996,-0.141224304,-0.804030394
3260,-0.611512012,0.614306045,-0.142140053,-0.18070035,-0.090742212,-0.307954717,0.594347864,0.323242267,-0.085740996,-0.141224304,-0.804030394
3261,-0.611512012,0.614306045,-0.142140053,-0.180541452,-0.090742212,-0.307954717,0.594347864,0.323242267,-0.085740996,-0.141224304,-0.804030394
3262,-0.611512012,0.614306045,-0.142140053,-0.180357009,-0.090742212,-0.307954717,0.594347864,0.323242267,-0.085740996,-0.141224304,-0.804030394
3263,-0.473911739,0.614306045,-0.142140053,-0.180176698,-0.090742212,-0.307954717,0.594347864,0.323242267,-0.085740996,-0.305089,-1.099685818
3264,-0.473911739,0.614306045,-0.142140053,-0.179999275,-0.090742212,-0.307954717,0.594347864,0.323242267,-0.085740996,-0.305089,-1.099685818
3265,-0.473911739,0.614306045,-0.142140053,-0.179786797,-0.090742212,-0.307954717,0.594347864,0.323242267,-0.085740996,-0.305089,-1.099685818
3266,-0.473911739,0.614306045,-0.142140053,-0.179634892,-0.090742212,-0.307954717,0.594347864,0.323242267,-0.085740996,-0.305089,-1.099685818
3267,-0.473911739,0.614306045,-0.142140053,-0.179456046,-0.090742212,-0.307954717,0.594347864,0.323242267,-0.085740996,-0.305089,-1.099685818
3268,-0.473911739,0.614306045,-0.142140053,-0.179272982,-0.090742212,-0.307954717,0.594347864,0.323242267,-0.085740996,-0.305089,-1.099685818
3269,-0.473911739,0.614306045,-0.142140053,-0.179081208,-0.090742212,-0.307954717,0.594347864,0.323242267,1.560202687,-0.305089,-1.099685818
3270,-0.473911739,0.614306045,-0.142140053,-0.178911107,-0.090742212,-0.307954717,0.594347864,0.323242267,1.560202687,-0.305089,-1.099685818
3271,-0.336311465,0.614306045,-0.142140053,-0.178730835,-0.090742212,-0.307954717,0.594347864,0.323242267,1.560202687,-0.182551809,-1.556837493
3272,-0.336311465,0.614306045,-0.142140053,-0.178539541,-0.090742212,-0.307954717,0.594347864,0.323242267,1.560202687,-0.182551809,-1.556837493
3273,-0.336311465,0.614306045,-0.142140053,-0.17836632,-0.090742212,-0.307954717,0.594347864,0.323242267,1.560202687,-0.182551809,-1.556837493
3274,-0.336311465,0.614306045,-0.142140053,-0.17819376,-0.090742212,-0.307954717,0.594347864,0.323242267,1.560202687,-0.182551809,-1.556837493
3275,-0.336311465,0.614306045,-0.142140053,-0.178013421,-0.090742212,-0.307954717,0.594347864,0.323242267,1.560202687,-0.182551809,-1.556837493
3276,-0.336311465,0.614306045,-0.142140053,-0.177829201,-0.090742212,-0.307954717,0.594347864,0.323242267,1.560202687,-0.182551809,-1.556837493
3277,-0.336311465,0.614306045,-0.142140053,-0.177641549,-0.090742212,-0.307954717,0.594347864,0.323242267,1.560202687,-0.182551809,-1.556837493
3278,-0.336311465,0.614306045,-0.142140053,-0.177466015,-0.090742212,-0.307954717,0.594347864,0.323242267,1.560202687,-0.182551809,-1.556837493
3279,-0.198711192,0.614306045,-0.142140053,-0.177278832,-0.090742212,-0.307954717,0.594347864,0.323242267,1.560202687,-0.313471879,0.528647917
3280,-0.198711192,0.614306045,-0.142140053,-0.17710299,-0.090742212,-0.307954717,0.594347864,0.323242267,1.560202687,-0.313471879,0.528647917
3281,-0.198711192,0.614306045,-0.142140053,-0.176920606,-0.090742212,-0.307954717,0.594347864,0.323242267,1.560202687,-0.313471879,0.528647917
3282,-0.198711192,0.614306045,-0.142140053,-0.176739174,-0.090742212,-0.307954717,0.594347864,0.323242267,1.560202687,-0.313471879,0.528647917
3283,-0.198711192,0.614306045,-0.142140053,-0.176556137,-0.090742212,-0.307954717,0.594347864,0.323242267,1.560202687,-0.313471879,0.528647917
3284,-0.198711192,0.614306045,-0.142140053,-0.176371012,-0.090742212,-0.307954717,0.594347864,0.323242267,1.560202687,-0.313471879,0.528647917
3285,-0.198711192,0.614306045,-0.142140053,-0.176192965,-0.090742212,-0.307954717,0.594347864,0.323242267,1.560202687,-0.313471879,0.528647917
3286,-0.198711192,0.614306045,-0.142140053,-0.176013113,-0.090742212,-0.307954717,0.594347864,0.323242267,1.560202687,-0.313471879,0.528647917
3287,-0.061110919,0.614306045,-0.142140053,-0.175838266,-0.090742212,-0.307954717,0.594347864,0.323242267,1.560202687,-0.495418454,0.638409672
3288,-0.061110919,0.614306045,-0.142140053,-0.175651351,-0.090742212,-0.307954717,0.594347864,0.323242267,1.560202687,-0.495418454,0.638409672
3289,-0.061110919,0.614306045,-0.142140053,-0.175474984,-0.090742212,-0.307954717,0.594347864,0.323242267,1.560202687,-0.495418454,0.638409672
3290,-0.061110919,0.614306045,-0.142140053,-0.175301059,-0.090742212,-0.307954717,0.594347864,0.323242267,1.560202687,-0.495418454,0.638409672
3291,-0.061110919,0.614306045,-0.142140053,-0.17510716,-0.090742212,-0.307954717,0.594347864,0.323242267,1.560202687,-0.495418454,0.638409672
3292,-0.061110919,0.614306045,-0.142140053,-0.174932985,-0.090742212,-0.307954717,0.594347864,0.323242267,1.560202687,-0.495418454,0.638409672
3293,-0.061110919,0.614306045,-0.142140053,-0.174748743,-0.090742212,-0.307954717,0.594347864,0.323242267,1.560202687,-0.495418454,0.638409672
3294,-0.061110919,0.614306045,-0.142140053,-0.174568096,-0.090742212,-0.307954717,0.594347864,0.323242267,1.560202687,-0.495418454,0.638409672
3295,0.076489355,0.614306045,-0.142140053,-0.174379009,-0.090742212,-0.307954717,0.594347864,0.323242267,1.560202687,-0.287596201,0.475905898
3296,0.076489355,0.614306045,-0.142140053,-0.174206752,-0.090742212,-0.307954717,0.594347864,0.323242267,1.560202687,-0.287596201,0.475905898
3297,0.076489355,0.614306045,-0.142140053,-0.174025766,-0.090742212,-0.307954717,0.594347864,0.323242267,1.560202687,-0.287596201,0.475905898
3298,0.076489355,0.614306045,-0.142140053,-0.173851725,-0.090742212,-0.307954717,0.594347864,0.323242267,1.560202687,-0.287596201,0.475905898
3299,0.076489355,0.614306045,-0.142140053,-0.173666287,-0.090742212,-0.307954717,0.594347864,0.323242267,1.560202687,-0.287596201,0.475905898
3300,0.076489355,0.614306045,-0.142140053,-0.173450598,-0.090742212,-0.307954717,0.594347864,0.323242267,1.560202687,-0.287596201,0.475905898
3301,0.076489355,0.614306045,-0.142140053,-0.173307625,-0.090742212,-0.307954717,0.594347864,0.323242267,1.560202687,-0.287596201,0.475905898
3302,0.076489355,0.614306045,-0.142140053,-0.173119948,-0.090742212,-0.307954717,0.594347864,0.323242267,1.560202687,-0.287596201,0.475905898
3303,0.214089628,0.614306045,-0.142140053,-0.172943367,-0.090742212,-0.307954717,0.594347864,0.323242267,1.560202687,-0.225276461,1.088460372
3304,0.214089628,0.614306045,-0.142140053,-0.172760066,-0.090742212,-0.307954717,0.594347864,0.323242267,1.560202687,-0.225276461,1.088460372
3305,0.214089628,0.614306045,-0.142140053,-0.172545203,-0.090742212,-0.307954717,0.594347864,0.323242267,1.560202687,-0.225276461,1.088460372
3306,0.214089628,0.614306045,-0.142140053,-0.172409879,-0.090742212,-0.307954717,0.594347864,0.323242267,1.560202687,-0.225276461,1.088460372
3307,0.214089628,0.614306045,-0.142140053,-0.172222768,-0.090742212,-0.307954717,0.594347864,0.323242267,1.560202687,-0.225276461,1.088460372
3308,0.214089628,0.614306045,-0.142140053,-0.172039882,-0.090742212,-0.307954717,0.594347864,0.323242267,1.560202687,-0.225276461,1.088460372
3309,0.214089628,0.614306045,-0.142140053,-0.17186132,-0.090742212,-0.307954717,0.594347864,0.323242267,1.560202687,-0.225276461,1.088460372
3310,0.214089628,0.614306045,-0.142140053,-0.171674,-0.090742212,-0.307954717,0.594347864,0.323242267,1.560202687,-0.225276461,1.088460372
3311,0.351689901,0.614306045,-0.142140053,-0.171497508,-0.090742212,-0.307954717,0.594347864,0.323242267,1.560202687,-0.38205907,-0.893572516
3312,0.351689901,0.614306045,-0.142140053,-0.171319292,-0.090742212,-0.307954717,0.594347864,0.323242267,1.560202687,-0.38205907,-0.893572516
3313,0.351689901,0.614306045,-0.142140053,-0.171129988,-0.090742212,-0.307954717,0.594347864,0.323242267,1.560202687,-0.38205907,-0.893572516
3314,0.351689901,0.614306045,-0.142140053,-0.170963493,-0.090742212,-0.307954717,0.594347864,0.323242267,1.560202687,-0.38205907,-0.893572516
3315,0.351689901,0.614306045,-0.142140053,-0.17073443,-0.090742212,-0.307954717,0.594347864,0.323242267,1.560202687,-0.38205907,-0.893572516
3316,0.351689901,0.614306045,-0.142140053,-0.170582887,-0.090742212,-0.307954717,0.594347864,0.323242267,1.560202687,-0.38205907,-0.893572516
3317,0.351689901,0.614306045,-0.142140053,-0.170418003,-0.090742212,-0.307954717,0.594347864,0.323242267,1.560202687,-0.38205907,-0.893572516
3318,0.351689901,0.614306045,-0.142140053,-0.170230547,-0.090742212,-0.307954717,0.594347864,0.323242267,1.560202687,-0.38205907,-0.893572516
3319,0.489290174,0.614306045,-0.142140053,-0.170044069,-0.090742212,-0.307954717,0.594347864,0.323242267,1.560202687,-0.300630395,-0.842633605
3320,0.489290174,0.614306045,-0.142140053,-0.169868854,-0.090742212,-0.307954717,0.594347864,0.323242267,1.560202687,-0.300630395,-0.842633605
3321,0.489290174,0.614306045,-0.142140053,-0.169683889,-0.090742212,-0.307954717,0.594347864,0.323242267,1.560202687,-0.300630395,-0.842633605
3322,0.489290174,0.614306045,-0.142140053,-0.169507317,-0.090742212,-0.307954717,0.594347864,0.323242267,1.560202687,-0.300630395,-0.842633605
3323,0.489290174,0.614306045,-0.142140053,-0.169320279,-0.090742212,-0.307954717,0.594347864,0.323242267,1.560202687,-0.300630395,-0.842633605
3324,0.489290174,0.614306045,-0.142140053,-0.169147703,-0.090742212,-0.307954717,0.594347864,0.323242267,1.560202687,-0.300630395,-0.842633605
3325,0.489290174,0.614306045,-0.142140053,-0.168971319,-0.090742212,-0.307954717,0.594347864,0.323242267,1.560202687,-0.300630395,-0.842633605
3326,0.489290174,0.614306045,-0.142140053,-0.168778183,-0.090742212,-0.307954717,0.594347864,0.323242267,1.560202687,-0.300630395,-0.842633605
3327,0.626890448,0.614306045,-0.142140053,-0.168592389,-0.090742212,-0.307954717,0.594347864,0.323242267,1.560202687,-0.451371112,1.184507192
3328,0.626890448,0.614306045,-0.142140053,-0.16841934,-0.090742212,-0.307954717,0.594347864,0.323242267,1.560202687,-0.451371112,1.184507192
3329,0.626890448,0.614306045,-0.142140053,-0.168242991,-0.090742212,-0.307954717,0.594347864,0.323242267,1.560202687,-0.451371112,1.184507192
3330,0.626890448,0.614306045,-0.142140053,-0.168060163,-0.090742212,-0.307954717,0.594347864,0.323242267,1.560202687,-0.451371112,1.184507192
3331,0.626890448,0.614306045,-0.142140053,-0.167888963,-0.090742212,-0.307954717,0.594347864,0.323242267,1.560202687,-0.451371112,1.184507192
3332,0.626890448,0.614306045,-0.142140053,-0.167699291,-0.090742212,-0.307954717,0.594347864,0.323242267,1.560202687,-0.451371112,1.184507192
3333,0.626890448,0.614306045,-0.142140053,-0.167516314,-0.090742212,-0.307954717,0.594347864,0.323242267,1.560202687,-0.451371112,1.184507192
3334,0.626890448,0.614306045,-0.142140053,-0.167344084,-0.090742212,-0.307954717,0.594347864,0.323242267,1.560202687,-0.451371112,1.184507192
3335,0.764490721,0.614306045,-0.142140053,-0.167150988,-0.090742212,-0.307954717,0.594347864,0.323242267,1.560202687,-0.468185485,0.025426383
3336,0.764490721,0.614306045,-0.142140053,-0.166974272,-0.090742212,-0.307954717,0.594347864,0.323242267,1.560202687,-0.468185485,0.025426383
3337,0.764490721,0.614306045,-0.142140053,-0.166792194,-0.090742212,-0.307954717,0.594347864,0.323242267,1.560202687,-0.468185485,0.025426383
3338,0.764490721,0.614306045,-0.142140053,-0.166620004,-0.090742212,-0.307954717,0.594347864,0.323242267,1.560202687,-0.468185485,0.025426383
3339,0.764490721,0.614306045,-0.142140053,-0.16643487,-0.090742212,-0.307954717,0.594347864,0.323242267,1.560202687,-0.468185485,0.025426383
3340,0.764490721,0.614306045,-0.142140053,-0.1662554,-0.090742212,-0.307954717,0.594347864,0.323242267,1.560202687,-0.468185485,0.025426383
3341,0.764490721,0.614306045,-0.142140053,-0.166075063,-0.090742212,-0.307954717,0.594347864,0.323242267,1.560202687,-0.468185485,0.025426383
3342,0.764490721,0.614306045,-0.142140053,-0.165888198,-0.090742212,-0.307954717,0.594347864,0.323242267,1.560202687,-0.468185485,0.025426383
3343,0.902090994,0.614306045,-0.142140053,-0.165715683,-0.090742212,-0.307954717,0.594347864,0.323242267,1.560202687,-0.632213985,0.499142058
3344,0.902090994,0.614306045,-0.142140053,-0.165519408,-0.090742212,-0.307954717,0.594347864,0.323242267,1.560202687,-0.632213985,0.499142058
3345,0.902090994,0.614306045,-0.142140053,-0.165354023,-0.090742212,-0.307954717,0.594347864,0.323242267,1.560202687,-0.632213985,0.499142058
3346,0.902090994,0.614306045,-0.142140053,-0.165169974,-0.090742212,-0.307954717,0.594347864,0.323242267,1.560202687,-0.632213985,0.499142058
3347,0.902090994,0.614306045,-0.142140053,-0.164979557,-0.090742212,-0.307954717,0.594347864,0.323242267,1.560202687,-0.632213985,0.499142058
3348,0.902090994,0.614306045,-0.142140053,-0.16481022,-0.090742212,-0.307954717,0.594347864,0.323242267,1.560202687,-0.632213985,0.499142058
3349,0.902090994,0.614306045,-0.142140053,-0.164625734,-0.090742212,-0.307954717,0.594347864,0.323242267,1.560202687,-0.632213985,0.499142058
3350,0.902090994,0.614306045,-0.142140053,-0.164424622,-0.090742212,-0.307954717,0.594347864,0.323242267,1.560202687,-0.632213985,0.499142058
3351,1.039691268,0.614306045,-0.142140053,-0.164267977,-0.090742212,-0.307954717,0.594347864,0.323242267,1.560202687,-0.765245104,0.349325381
3352,1.039691268,0.614306045,-0.142140053,-0.16408505,-0.090742212,-0.307954717,0.594347864,0.323242267,1.560202687,-0.765245104,0.349325381
3353,1.039691268,0.614306045,-0.142140053,-0.163901317,-0.090742212,-0.307954717,0.594347864,0.323242267,1.560202687,-0.765245104,0.349325381
3354,1.039691268,0.614306045,-0.142140053,-0.163726202,-0.090742212,-0.307954717,0.594347864,0.323242267,1.560202687,-0.765245104,0.349325381
3355,1.039691268,0.614306045,-0.142140053,-0.163538712,-0.090742212,-0.307954717,0.594347864,0.323242267,1.560202687,-0.765245104,0.349325381
3356,1.039691268,0.614306045,-0.142140053,-0.163358633,-0.090742212,-0.307954717,0.594347864,0.323242267,1.560202687,-0.765245104,0.349325381
3357,1.039691268,0.614306045,-0.142140053,-0.163178609,-0.090742212,-0.307954717,0.594347864,0.323242267,1.560202687,-0.765245104,0.349325381
3358,1.039691268,0.614306045,-0.142140053,-0.162997415,-0.090742212,-0.307954717,0.594347864,0.323242267,1.560202687,-0.765245104,0.349325381
3359,1.177291541,0.614306045,-0.142140053,-0.162815152,-0.090742212,-0.307954717,0.594347864,0.323242267,1.560202687,-0.722577389,1.870105675
3360,1.177291541,0.614306045,-0.142140053,-0.162635216,-0.090742212,-0.307954717,0.594347864,0.323242267,1.560202687,-0.722577389,1.870105675
3361,1.177291541,0.614306045,-0.142140053,-0.162452338,-0.090742212,-0.307954717,0.594347864,0.323242267,1.560202687,-0.722577389,1.870105675
3362,1.177291541,0.614306045,-0.142140053,-0.162276234,-0.090742212,-0.307954717,0.594347864,0.323242267,1.560202687,-0.722577389,1.870105675
3363,1.177291541,0.614306045,-0.142140053,-0.162089913,-0.090742212,-0.307954717,0.594347864,0.323242267,1.560202687,-0.722577389,1.870105675
3364,1.177291541,0.614306045,-0.142140053,-0.161910998,-0.090742212,-0.307954717,0.594347864,0.323242267,1.560202687,-0.722577389,1.870105675
3365,1.177291541,0.614306045,-0.142140053,-0.161732033,-0.090742212,-0.307954717,0.594347864,0.323242267,1.560202687,-0.722577389,1.870105675
3366,1.177291541,0.614306045,-0.142140053,-0.161551593,-0.090742212,-0.307954717,0.594347864,0.323242267,1.560202687,-0.722577389,1.870105675
3367,1.314891814,0.614306045,-0.142140053,-0.16136779,-0.090742212,-0.307954717,0.594347864,0.323242267,1.560202687,-0.602593604,-1.581531403
3368,1.314891814,0.614306045,-0.142140053,-0.161190783,-0.090742212,-0.307954717,0.594347864,0.323242267,1.560202687,-0.602593604,-1.581531403
3369,1.314891814,0.614306045,-0.142140053,-0.161004756,-0.090742212,-0.307954717,0.594347864,0.323242267,1.560202687,-0.602593604,-1.581531403
3370,1.314891814,0.614306045,-0.142140053,-0.160830206,-0.090742212,-0.307954717,0.594347864,0.323242267,1.560202687,-0.602593604,-1.581531403
3371,1.314891814,0.614306045,-0.142140053,-0.160644183,-0.090742212,-0.307954717,0.594347864,0.323242267,1.560202687,-0.602593604,-1.581531403
3372,1.314891814,0.614306045,-0.142140053,-0.1604624,-0.090742212,-0.307954717,0.594347864,0.323242267,1.560202687,-0.602593604,-1.581531403
3373,1.314891814,0.614306045,-0.142140053,-0.160281678,-0.090742212,-0.307954717,0.594347864,0.323242267,1.560202687,-0.602593604,-1.581531403
3374,1.314891814,0.614306045,-0.142140053,-0.16011118,-0.090742212,-0.307954717,0.594347864,0.323242267,1.560202687,-0.602593604,-1.581531403
3375,1.452492087,0.614306045,-0.142140053,-0.159908807,-0.090742212,-0.307954717,0.594347864,0.323242267,1.560202687,-0.547299014,1.574273455
3376,1.452492087,0.614306045,-0.142140053,-0.159740827,-0.090742212,-0.307954717,0.594347864,0.323242267,1.560202687,-0.547299014,1.574273455
3377,1.452492087,0.614306045,-0.142140053,-0.159566153,-0.090742212,-0.307954717,0.594347864,0.323242267,1.560202687,-0.547299014,1.574273455
3378,1.452492087,0.614306045,-0.142140053,-0.159384561,-0.090742212,-0.307954717,0.594347864,0.323242267,1.560202687,-0.547299014,1.574273455
3379,1.452492087,0.614306045,-0.142140053,-0.159196464,-0.090742212,-0.307954717,0.594347864,0.323242267,1.560202687,-0.547299014,1.574273455
3380,1.452492087,0.614306045,-0.142140053,-0.159011419,-0.090742212,-0.307954717,0.594347864,0.323242267,1.560202687,-0.547299014,1.574273455
3381,1.452492087,0.614306045,-0.142140053,-0.158846327,-0.090742212,-0.307954717,0.594347864,0.323242267,1.560202687,-0.547299014,1.574273455
3382,1.452492087,0.614306045,-0.142140053,-0.158666135,-0.090742212,-0.307954717,0.594347864,0.323242267,1.560202687,-0.547299014,1.574273455
3383,1.590092361,0.614306045,-0.142140053,-0.158474525,-0.090742212,-0.307954717,0.594347864,0.323242267,1.560202687,-0.28553552,0.188402896
3384,1.590092361,0.614306045,-0.142140053,-0.158294314,-0.090742212,-0.307954717,0.594347864,0.323242267,1.560202687,-0.28553552,0.188402896
3385,1.590092361,0.614306045,-0.142140053,-0.158121118,-0.090742212,-0.307954717,0.594347864,0.323242267,1.560202687,-0.28553552,0.188402896
3386,1.590092361,0.614306045,-0.142140053,-0.157940557,-0.090742212,-0.307954717,0.594347864,0.323242267,1.560202687,-0.28553552,0.188402896
3387,1.590092361,0.614306045,-0.142140053,-0.157753739,-0.090742212,-0.307954717,0.594347864,0.323242267,1.560202687,-0.28553552,0.188402896
3388,1.590092361,-1.627853101,7.035314646,-0.181082882,-0.083788563,-0.307954717,0.766847767,0.323242267,1.560202687,-0.28553552,0.188402896
3389,1.590092361,-1.627853101,-0.142140053,-0.180926432,-0.083788563,-0.307954717,0.766847767,0.323242267,1.560202687,-0.28553552,0.188402896
3390,1.590092361,-1.627853101,-0.142140053,-0.180710332,-0.083788563,-0.307954717,0.766847767,0.323242267,1.560202687,-0.28553552,0.188402896
3391,1.590092361,-1.627853101,-0.142140053,-0.180563473,-0.083788563,-0.307954717,0.766847767,0.323242267,1.560202687,-0.28553552,0.188402896
3392,1.590092361,-1.627853101,-0.142140053,-0.180383585,-0.083788563,-0.307954717,0.766847767,0.323242267,1.560202687,-0.28553552,0.188402896
3393,1.590092361,-1.627853101,-0.142140053,-0.180204447,-0.083788563,-0.307954717,0.766847767,0.323242267,1.560202687,-0.28553552,0.188402896
3394,1.590092361,-1.627853101,-0.142140053,-0.180026349,-0.083788563,-0.307954717,0.766847767,0.323242267,1.560202687,-0.28553552,0.188402896
3395,-0.611512012,-1.627853101,-0.142140053,-0.179844156,-0.083788563,-0.307954717,0.766847767,0.323242267,1.560202687,-0.141224304,-0.804030394
3396,-0.611512012,-1.627853101,-0.142140053,-0.179656472,-0.083788563,-0.307954717,0.766847767,0.323242267,1.560202687,-0.141224304,-0.804030394
3397,-0.611512012,-1.627853101,-0.142140053,-0.17947336,-0.083788563,-0.307954717,0.766847767,0.323242267,1.560202687,-0.141224304,-0.804030394
3398,-0.611512012,-1.627853101,-0.142140053,-0.179296379,-0.083788563,-0.307954717,0.766847767,0.323242267,1.560202687,-0.141224304,-0.804030394
3399,-0.611512012,-1.627853101,-0.142140053,-0.179121654,-0.083788563,-0.307954717,0.766847767,0.323242267,1.560202687,-0.141224304,-0.804030394
3400,-0.611512012,-1.627853101,-0.142140053,-0.178929442,-0.083788563,-0.307954717,0.766847767,0.323242267,1.560202687,-0.141224304,-0.804030394
3401,-0.611512012,0.614306045,7.035314646,-0.181082882,-0.083788563,-0.308228793,0.766847767,0.323242267,1.560202687,-0.141224304,-0.804030394
3402,-0.611512012,0.614306045,-0.142140053,-0.180924882,-0.083788563,-0.308228793,0.766847767,0.323242267,1.560202687,-0.141224304,-0.804030394
3403,-0.611512012,0.614306045,-0.142140053,-0.18071962,-0.083788563,-0.308228793,0.766847767,0.323242267,1.560202687,-0.141224304,-0.804030394
3404,-0.611512012,0.614306045,-0.142140053,-0.180546589,-0.083788563,-0.308228793,0.766847767,0.323242267,1.560202687,-0.141224304,-0.804030394
3405,-0.611512012,0.614306045,-0.142140053,-0.180364934,-0.083788563,-0.308228793,0.766847767,0.323242267,1.560202687,-0.141224304,-0.804030394
3406,-0.611512012,0.614306045,-0.142140053,-0.180193431,-0.083788563,-0.308228793,0.766847767,0.323242267,1.560202687,-0.141224304,-0.804030394
3407,-0.611512012,0.614306045,-0.142140053,-0.180006621,-0.083788563,-0.308228793,0.766847767,0.323242267,1.560202687,-0.141224304,-0.804030394
3408,-0.473911739,0.614306045,-0.142140053,-0.179843328,-0.083788563,-0.308228793,0.766847767,0.323242267,1.560202687,-0.305089,-1.099685818
3409,-0.473911739,0.614306045,-0.142140053,-0.179647438,-0.083788563,-0.308228793,0.766847767,0.323242267,1.560202687,-0.305089,-1.099685818
3410,-0.473911739,0.614306045,-0.142140053,-0.179479611,-0.083788563,-0.308228793,0.766847767,0.323242267,1.560202687,-0.305089,-1.099685818
3411,-0.473911739,0.614306045,-0.142140053,-0.179298493,-0.083788563,-0.308228793,0.766847767,0.323242267,1.560202687,-0.305089,-1.099685818
3412,-0.473911739,0.614306045,-0.142140053,-0.179114426,-0.083788563,-0.308228793,0.766847767,0.323242267,1.560202687,-0.305089,-1.099685818
3413,-0.473911739,0.614306045,-0.142140053,-0.17894064,-0.083788563,-0.308228793,0.766847767,0.323242267,1.560202687,-0.305089,-1.099685818
3414,-0.473911739,0.614306045,-0.142140053,-0.178755106,-0.083788563,-0.308228793,0.766847767,0.323242267,1.560202687,-0.305089,-1.099685818
3415,-0.473911739,0.614306045,-0.142140053,-0.178539155,-0.083788563,-0.308228793,0.766847767,0.323242267,1.560202687,-0.305089,-1.099685818
3416,-0.336311465,0.614306045,-0.142140053,-0.178388127,-0.083788563,-0.308228793,0.766847767,0.323242267,1.560202687,-0.182551809,-1.556837493
3417,-0.336311465,0.614306045,-0.142140053,-0.178203321,-0.083788563,-0.308228793,0.766847767,0.323242267,1.560202687,-0.182551809,-1.556837493
3418,-0.336311465,0.614306045,-0.142140053,-0.17802626,-0.083788563,-0.308228793,0.766847767,0.323242267,1.560202687,-0.182551809,-1.556837493
3419,-0.336311465,0.614306045,-0.142140053,-0.177844021,-0.083788563,-0.308228793,0.766847767,0.323242267,1.560202687,-0.182551809,-1.556837493
3420,-0.336311465,0.614306045,-0.142140053,-0.177651654,-0.083788563,-0.308228793,0.766847767,0.323242267,1.560202687,-0.182551809,-1.556837493
3421,-0.336311465,0.614306045,-0.142140053,-0.177487347,-0.083788563,-0.308228793,0.766847767,0.323242267,1.560202687,-0.182551809,-1.556837493
3422,-0.336311465,0.614306045,-0.142140053,-0.177309573,-0.083788563,-0.308228793,0.766847767,0.323242267,1.560202687,-0.182551809,-1.556837493
3423,-0.336311465,0.614306045,-0.142140053,-0.177120656,-0.083788563,-0.308228793,0.766847767,0.323242267,1.560202687,-0.182551809,-1.556837493
3424,-0.198711192,0.614306045,-0.142140053,-0.176943608,-0.083788563,-0.308228793,0.766847767,0.323242267,1.560202687,-0.313471879,0.528647917
3425,-0.198711192,0.614306045,-0.142140053,-0.176768525,-0.083788563,-0.308228793,0.766847767,0.323242267,1.560202687,-0.313471879,0.528647917
3426,-0.198711192,0.614306045,-0.142140053,-0.176583357,-0.083788563,-0.308228793,0.766847767,0.323242267,1.560202687,-0.313471879,0.528647917
3427,-0.198711192,0.614306045,-0.142140053,-0.176397124,-0.083788563,-0.308228793,0.766847767,0.323242267,1.560202687,-0.313471879,0.528647917
3428,-0.198711192,0.614306045,-0.142140053,-0.176219611,-0.083788563,-0.308228793,0.766847767,0.323242267,1.560202687,-0.313471879,0.528647917
3429,-0.198711192,0.614306045,-0.142140053,-0.176042696,-0.083788563,-0.308228793,0.766847767,0.323242267,1.560202687,-0.313471879,0.528647917
3430,-0.198711192,0.614306045,-0.142140053,-0.175856213,-0.083788563,-0.308228793,0.766847767,0.323242267,1.560202687,-0.313471879,0.528647917
3431,-0.198711192,0.614306045,-0.142140053,-0.175676388,-0.083788563,-0.308228793,0.766847767,0.323242267,1.560202687,-0.313471879,0.528647917
3432,-0.061110919,0.614306045,-0.142140053,-0.175493912,-0.083788563,-0.308228793,0.766847767,0.323242267,1.560202687,-0.495418454,0.638409672
3433,-0.061110919,0.614306045,-0.142140053,-0.175315132,-0.083788563,-0.308228793,0.766847767,0.323242267,1.560202687,-0.495418454,0.638409672
3434,-0.061110919,0.614306045,-0.142140053,-0.175141538,-0.083788563,-0.308228793,0.766847767,0.323242267,1.560202687,-0.495418454,0.638409672
3435,-0.061110919,0.614306045,-0.142140053,-0.174955955,-0.083788563,-0.308228793,0.766847767,0.323242267,1.560202687,-0.495418454,0.638409672
3436,-0.061110919,0.614306045,-0.142140053,-0.174774348,-0.083788563,-0.308228793,0.766847767,0.323242267,1.560202687,-0.495418454,0.638409672
3437,-0.061110919,0.614306045,-0.142140053,-0.174582653,-0.083788563,-0.308228793,0.766847767,0.323242267,1.560202687,-0.495418454,0.638409672
3438,-0.061110919,0.614306045,-0.142140053,-0.174408693,-0.083788563,-0.308228793,0.766847767,0.323242267,1.560202687,-0.495418454,0.638409672
3439,-0.061110919,0.614306045,-0.142140053,-0.174223561,-0.083788563,-0.308228793,0.766847767,0.323242267,1.560202687,-0.495418454,0.638409672
3440,0.076489355,0.614306045,-0.142140053,-0.174027682,-0.083788563,-0.308228793,0.766847767,0.323242267,1.560202687,-0.287596201,0.475905898
3441,0.076489355,0.614306045,-0.142140053,-0.173878393,-0.083788563,-0.308228793,0.766847767,0.323242267,1.560202687,-0.287596201,0.475905898
3442,0.076489355,0.614306045,-0.142140053,-0.173686745,-0.083788563,-0.308228793,0.766847767,0.323242267,1.560202687,-0.287596201,0.475905898
3443,0.076489355,0.614306045,-0.142140053,-0.173510408,-0.083788563,-0.308228793,0.766847767,0.323242267,1.560202687,-0.287596201,0.475905898
3444,0.076489355,0.614306045,-0.142140053,-0.173330949,-0.083788563,-0.308228793,0.766847767,0.323242267,1.560202687,-0.287596201,0.475905898
3445,0.076489355,0.614306045,-0.142140053,-0.17314111,-0.083788563,-0.308228793,0.766847767,0.323242267,1.560202687,-0.287596201,0.475905898
3446,0.076489355,0.614306045,-0.142140053,-0.17296053,-0.083788563,-0.308228793,0.766847767,0.323242267,1.560202687,-0.287596201,0.475905898
3447,0.076489355,0.614306045,-0.142140053,-0.172779952,-0.083788563,-0.308228793,0.766847767,0.323242267,1.560202687,-0.287596201,0.475905898
3448,0.214089628,0.614306045,-0.142140053,-0.172596889,-0.083788563,-0.308228793,0.766847767,0.323242267,1.560202687,-0.225276461,1.088460372
3449,0.214089628,0.614306045,-0.142140053,-0.172422518,-0.083788563,-0.308228793,0.766847767,0.323242267,1.560202687,-0.225276461,1.088460372
3450,0.214089628,0.614306045,-0.142140053,-0.172242686,-0.083788563,-0.308228793,0.766847767,0.323242267,1.560202687,-0.225276461,1.088460372
3451,0.214089628,0.614306045,-0.142140053,-0.172066361,-0.083788563,-0.308228793,0.766847767,0.323242267,1.560202687,-0.225276461,1.088460372
3452,0.214089628,0.614306045,-0.142140053,-0.171876263,-0.083788563,-0.308228793,0.766847767,0.323242267,1.560202687,-0.225276461,1.088460372
3453,0.214089628,0.614306045,-0.142140053,-0.171708656,-0.083788563,-0.308228793,0.766847767,0.323242267,1.560202687,-0.225276461,1.088460372
3454,0.214089628,0.614306045,-0.142140053,-0.171526893,-0.083788563,-0.308228793,0.766847767,0.323242267,1.560202687,-0.225276461,1.088460372
3455,0.214089628,0.614306045,-0.142140053,-0.171313642,-0.083788563,-0.308228793,0.766847767,0.323242267,1.560202687,-0.225276461,1.088460372
3456,0.351689901,0.614306045,-0.142140053,-0.171151357,-0.083788563,-0.308228793,0.766847767,0.323242267,1.560202687,-0.38205907,-0.893572516
3457,0.351689901,0.614306045,-0.142140053,-0.170967486,-0.083788563,-0.308228793,0.766847767,0.323242267,1.560202687,-0.38205907,-0.893572516
3458,0.351689901,0.614306045,-0.142140053,-0.170789547,-0.083788563,-0.308228793,0.766847767,0.323242267,1.560202687,-0.38205907,-0.893572516
3459,0.351689901,0.614306045,-0.142140053,-0.170616138,-0.083788563,-0.308228793,0.766847767,0.323242267,1.560202687,-0.38205907,-0.893572516
3460,0.351689901,0.614306045,-0.142140053,-0.170434716,-0.083788563,-0.308228793,0.766847767,0.323242267,1.560202687,-0.38205907,-0.893572516
3461,0.351689901,0.614306045,-0.142140053,-0.170251724,-0.083788563,-0.308228793,0.766847767,0.323242267,1.560202687,-0.38205907,-0.893572516
3462,0.351689901,0.614306045,-0.142140053,-0.170073139,-0.083788563,-0.308228793,0.766847767,0.323242267,1.560202687,-0.38205907,-0.893572516
3463,0.351689901,0.614306045,-0.142140053,-0.169890085,-0.083788563,-0.308228793,0.766847767,0.323242267,1.560202687,-0.38205907,-0.893572516
3464,0.489290174,0.614306045,-0.142140053,-0.169709646,-0.083788563,-0.308228793,0.766847767,0.323242267,1.560202687,-0.300630395,-0.842633605
3465,0.489290174,0.614306045,-0.142140053,-0.169528271,-0.083788563,-0.308228793,0.766847767,0.323242267,1.560202687,-0.300630395,-0.842633605
3466,0.489290174,0.614306045,-0.142140053,-0.16933907,-0.083788563,-0.308228793,0.766847767,0.323242267,1.560202687,-0.300630395,-0.842633605
3467,0.489290174,0.614306045,-0.142140053,-0.169162566,-0.083788563,-0.308228793,0.766847767,0.323242267,1.560202687,-0.300630395,-0.842633605
3468,0.489290174,0.614306045,-0.142140053,-0.16898319,-0.083788563,-0.308228793,0.766847767,0.323242267,1.560202687,-0.300630395,-0.842633605
3469,0.489290174,0.614306045,-0.142140053,-0.16880928,-0.083788563,-0.308228793,0.766847767,0.323242267,1.560202687,-0.300630395,-0.842633605
3470,0.489290174,0.614306045,-0.142140053,-0.168624289,-0.083788563,-0.308228793,0.766847767,0.323242267,1.560202687,-0.300630395,-0.842633605
3471,0.489290174,0.614306045,-0.142140053,-0.168445569,-0.083788563,-0.308228793,0.766847767,0.323242267,1.560202687,-0.300630395,-0.842633605
3472,0.626890448,0.614306045,-0.142140053,-0.168266265,-0.083788563,-0.308228793,0.766847767,0.323242267,1.560202687,-0.451371112,1.184507192
3473,0.626890448,0.614306045,-0.142140053,-0.168085402,-0.083788563,-0.308228793,0.766847767,0.323242267,1.560202687,-0.451371112,1.184507192
3474,0.626890448,0.614306045,-0.142140053,-0.167897719,-0.083788563,-0.308228793,0.766847767,0.323242267,1.560202687,-0.451371112,1.184507192
3475,0.626890448,0.614306045,-0.142140053,-0.167723597,-0.083788563,-0.308228793,0.766847767,0.323242267,1.560202687,-0.451371112,1.184507192
3476,0.626890448,0.614306045,-0.142140053,-0.167540837,-0.083788563,-0.308228793,0.766847767,0.323242267,1.560202687,-0.451371112,1.184507192
3477,0.626890448,0.614306045,-0.142140053,-0.167361367,-0.083788563,-0.308228793,0.766847767,0.323242267,1.560202687,-0.451371112,1.184507192
3478,0.626890448,0.614306045,-0.142140053,-0.167183671,-0.083788563,-0.308228793,0.766847767,0.323242267,1.560202687,-0.451371112,1.184507192
3479,0.626890448,0.614306045,-0.142140053,-0.166999779,-0.083788563,-0.308228793,0.766847767,0.323242267,1.560202687,-0.451371112,1.184507192
3480,0.764490721,0.614306045,-0.142140053,-0.166823421,-0.083788563,-0.308228793,0.766847767,0.323242267,1.560202687,-0.468185485,0.025426383
3481,0.764490721,0.614306045,-0.142140053,-0.166626981,-0.083788563,-0.308228793,0.766847767,0.323242267,1.560202687,-0.468185485,0.025426383
3482,0.764490721,0.614306045,-0.142140053,-0.166448511,-0.083788563,-0.308228793,0.766847767,0.323242267,1.560202687,-0.468185485,0.025426383
3483,0.764490721,0.614306045,-0.142140053,-0.166270178,-0.083788563,-0.308228793,0.766847767,0.323242267,1.560202687,-0.468185485,0.025426383
3484,0.764490721,0.614306045,-0.142140053,-0.166089829,-0.083788563,-0.308228793,0.766847767,0.323242267,1.560202687,-0.468185485,0.025426383
3485,0.764490721,0.614306045,-0.142140053,-0.165917616,-0.083788563,-0.308228793,0.766847767,0.323242267,1.560202687,-0.468185485,0.025426383
3486,0.764490721,0.614306045,-0.142140053,-0.165732459,-0.083788563,-0.308228793,0.766847767,0.323242267,1.560202687,-0.468185485,0.025426383
3487,0.764490721,0.614306045,-0.142140053,-0.165548231,-0.083788563,-0.308228793,0.766847767,0.323242267,1.560202687,-0.468185485,0.025426383
3488,0.902090994,0.614306045,-0.142140053,-0.165369389,-0.083788563,-0.308228793,0.766847767,0.323242267,1.560202687,-0.632213985,0.499142058
3489,0.902090994,0.614306045,-0.142140053,-0.165179943,-0.083788563,-0.308228793,0.766847767,0.323242267,1.560202687,-0.632213985,0.499142058
3490,0.902090994,0.614306045,-0.142140053,-0.165011175,-0.083788563,-0.308228793,0.766847767,0.323242267,1.560202687,-0.632213985,0.499142058
3491,0.902090994,0.614306045,-0.142140053,-0.164823803,-0.083788563,-0.308228793,0.766847767,0.323242267,1.560202687,-0.632213985,0.499142058
3492,0.902090994,0.614306045,-0.142140053,-0.164636476,-0.083788563,-0.308228793,0.766847767,0.323242267,1.560202687,-0.632213985,0.499142058
3493,0.902090994,0.614306045,-0.142140053,-0.164463013,-0.083788563,-0.308228793,0.766847767,0.323242267,1.560202687,-0.632213985,0.499142058
3494,0.902090994,0.614306045,-0.142140053,-0.16429393,-0.083788563,-0.308228793,0.766847767,0.323242267,1.560202687,-0.632213985,0.499142058
3495,0.902090994,0.614306045,-0.142140053,-0.164067562,-0.083788563,-0.308228793,0.766847767,0.323242267,1.560202687,-0.632213985,0.499142058
3496,1.039691268,0.614306045,-0.142140053,-0.163919621,-0.083788563,-0.308228793,0.766847767,0.323242267,1.560202687,-0.765245104,0.349325381
3497,1.039691268,0.614306045,-0.142140053,-0.16372113,-0.083788563,-0.308228793,0.766847767,0.323242267,-0.085740996,-0.765245104,0.349325381
3498,1.039691268,0.614306045,-0.142140053,-0.163565184,-0.083788563,-0.308228793,0.766847767,0.323242267,-0.085740996,-0.765245104,0.349325381
3499,1.039691268,0.614306045,-0.142140053,-0.163390027,-0.083788563,-0.308228793,0.766847767,0.323242267,-0.085740996,-0.765245104,0.349325381
3500,1.039691268,0.614306045,-0.142140053,-0.163199256,-0.083788563,-0.308228793,0.766847767,0.323242267,-0.085740996,-0.765245104,0.349325381
3501,1.039691268,0.614306045,-0.142140053,-0.1630167,-0.083788563,-0.308228793,0.766847767,0.323242267,-0.085740996,-0.765245104,0.349325381
3502,1.177291541,0.614306045,-0.142140053,-0.162837415,-0.083788563,-0.308228793,0.766847767,0.323242267,-0.085740996,-0.722577389,1.870105675
3503,1.177291541,0.614306045,-0.142140053,-0.162630156,-0.083788563,-0.308228793,0.766847767,0.323242267,-0.085740996,-0.722577389,1.870105675
3504,1.177291541,0.614306045,-0.142140053,-0.162483738,-0.083788563,-0.308228793,0.766847767,0.323242267,-0.085740996,-0.722577389,1.870105675
3505,1.177291541,0.614306045,-0.142140053,-0.162295704,-0.083788563,-0.308228793,0.766847767,0.323242267,-0.085740996,-0.722577389,1.870105675
3506,1.177291541,0.614306045,-0.142140053,-0.162114569,-0.083788563,-0.308228793,0.766847767,0.323242267,-0.085740996,-0.722577389,1.870105675
3507,1.177291541,0.614306045,-0.142140053,-0.161940868,-0.083788563,-0.308228793,0.766847767,0.323242267,-0.085740996,-0.722577389,1.870105675
3508,1.314891814,0.614306045,-0.142140053,-0.161755819,-0.083788563,-0.308228793,0.766847767,0.323242267,-0.085740996,-0.602593604,-1.581531403
3509,1.314891814,0.614306045,-0.142140053,-0.161574046,-0.083788563,-0.308228793,0.766847767,0.323242267,-0.085740996,-0.602593604,-1.581531403
3510,1.314891814,0.614306045,-0.142140053,-0.161395646,-0.083788563,-0.308228793,0.766847767,0.323242267,-0.085740996,-0.602593604,-1.581531403
3511,1.314891814,0.614306045,-0.142140053,-0.161214138,-0.083788563,-0.308228793,0.766847767,0.323242267,-0.085740996,-0.602593604,-1.581531403
3512,1.314891814,0.614306045,-0.142140053,-0.161032004,-0.083788563,-0.308228793,0.766847767,0.323242267,-0.085740996,-0.602593604,-1.581531403
3513,1.314891814,0.614306045,-0.142140053,-0.160854425,-0.083788563,-0.308228793,0.766847767,0.323242267,-0.085740996,-0.602593604,-1.581531403
3514,1.452492087,0.614306045,-0.142140053,-0.160666986,-0.083788563,-0.308228793,0.766847767,0.323242267,-0.085740996,-0.547299014,1.574273455
3515,1.452492087,0.614306045,-0.142140053,-0.160487213,-0.083788563,-0.308228793,0.766847767,0.323242267,-0.085740996,-0.547299014,1.574273455
3516,1.452492087,0.614306045,-0.142140053,-0.160307336,-0.083788563,-0.308228793,0.766847767,0.323242267,-0.085740996,-0.547299014,1.574273455
3517,1.452492087,0.614306045,-0.142140053,-0.160120513,-0.083788563,-0.308228793,0.766847767,0.323242267,-0.085740996,-0.547299014,1.574273455
3518,1.452492087,0.614306045,-0.142140053,-0.159943836,-0.083788563,-0.308228793,0.766847767,0.323242267,-0.085740996,-0.547299014,1.574273455
3519,1.452492087,0.614306045,-0.142140053,-0.159765881,-0.083788563,-0.308228793,0.766847767,0.323242267,-0.085740996,-0.547299014,1.574273455
3520,1.590092361,0.614306045,-0.142140053,-0.159552102,-0.083788563,-0.308228793,0.766847767,0.323242267,-0.085740996,-0.28553552,0.188402896
3521,1.590092361,0.614306045,-0.142140053,-0.159407046,-0.083788563,-0.308228793,0.766847767,0.323242267,-0.085740996,-0.28553552,0.188402896
3522,1.590092361,0.614306045,-0.142140053,-0.159222199,-0.083788563,-0.308228793,0.766847767,0.323242267,-0.085740996,-0.28553552,0.188402896
3523,1.590092361,-1.627853101,7.035314646,-0.181082882,-0.085518866,-0.308228793,0.766847767,0.323242267,-0.085740996,-0.28553552,0.188402896
3524,1.590092361,-1.627853101,-0.142140053,-0.180901319,-0.085518866,-0.308228793,0.766847767,0.323242267,-0.085740996,-0.28553552,0.188402896
3525,1.590092361,-1.627853101,-0.142140053,-0.180697236,-0.085518866,-0.308228793,0.766847767,0.323242267,-0.085740996,-0.28553552,0.188402896
3526,1.590092361,-1.627853101,-0.142140053,-0.180531752,-0.085518866,-0.308228793,0.766847767,0.323242267,-0.085740996,-0.28553552,0.188402896
3527,1.590092361,-1.627853101,-0.142140053,-0.180358503,-0.085518866,-0.308228793,0.766847767,0.323242267,-0.085740996,-0.28553552,0.188402896
3528,1.314891814,-1.627853101,-0.142140053,-0.180169938,-0.085518866,-0.308228793,0.766847767,0.323242267,-0.085740996,-0.602593604,-1.581531403
3529,1.314891814,-1.627853101,-0.142140053,-0.179989617,-0.085518866,-0.308228793,0.766847767,0.323242267,-0.085740996,-0.602593604,-1.581531403
3530,1.314891814,-1.627853101,-0.142140053,-0.179778554,-0.085518866,-0.308228793,0.766847767,0.323242267,-0.085740996,-0.602593604,-1.581531403
3531,1.314891814,-1.627853101,-0.142140053,-0.179637121,-0.085518866,-0.308228793,0.766847767,0.323242267,-0.085740996,-0.602593604,-1.581531403
3532,1.314891814,-1.627853101,-0.142140053,-0.179458729,-0.085518866,-0.308228793,0.766847767,0.323242267,-0.085740996,-0.602593604,-1.581531403
3533,1.314891814,-1.627853101,-0.142140053,-0.179272475,-0.085518866,-0.308228793,0.766847767,0.323242267,-0.085740996,-0.602593604,-1.581531403
3534,1.039691268,-1.627853101,-0.142140053,-0.17909284,-0.085518866,-0.308228793,0.766847767,0.323242267,-0.085740996,-0.765245104,0.349325381
3535,1.039691268,-1.627853101,-0.142140053,-0.178910189,-0.085518866,-0.308228793,0.766847767,0.323242267,-0.085740996,-0.765245104,0.349325381
3536,1.039691268,-1.627853101,-0.142140053,-0.178726328,-0.085518866,-0.308228793,0.766847767,0.323242267,-0.085740996,-0.765245104,0.349325381
3537,1.039691268,-1.627853101,-0.142140053,-0.17855202,-0.085518866,-0.308228793,0.766847767,0.323242267,-0.085740996,-0.765245104,0.349325381
3538,1.039691268,-1.627853101,-0.142140053,-0.178368938,-0.085518866,-0.308228793,0.766847767,0.323242267,-0.085740996,-0.765245104,0.349325381
3539,1.039691268,-1.627853101,-0.142140053,-0.17818126,-0.085518866,-0.308228793,0.766847767,0.323242267,-0.085740996,-0.765245104,0.349325381
3540,0.764490721,-1.627853101,-0.142140053,-0.178001674,-0.085518866,-0.308228793,0.766847767,0.323242267,-0.085740996,-0.468185485,0.025426383
3541,0.764490721,-1.627853101,-0.142140053,-0.177815122,-0.085518866,-0.308228793,0.766847767,0.323242267,-0.085740996,-0.468185485,0.025426383
3542,0.764490721,0.614306045,7.035314646,-0.181082882,-0.085518866,-0.19378166,0.766847767,1.903398713,-0.085740996,-0.468185485,0.025426383
3543,0.764490721,0.614306045,-0.142140053,-0.180909695,-0.085518866,-0.19378166,0.766847767,1.903398713,-0.085740996,-0.468185485,0.025426383
3544,0.764490721,0.614306045,-0.142140053,-0.180729673,-0.085518866,-0.19378166,0.766847767,1.903398713,-0.085740996,-0.468185485,0.025426383
3545,0.764490721,0.614306045,-0.142140053,-0.180549888,-0.085518866,-0.19378166,0.766847767,1.903398713,-0.085740996,-0.468185485,0.025426383
3546,0.764490721,0.614306045,-0.142140053,-0.180314829,-0.085518866,-0.19378166,0.766847767,1.903398713,-0.085740996,-0.468185485,0.025426383
3547,0.902090994,0.614306045,-0.142140053,-0.17999188,-0.085518866,-0.19378166,0.766847767,1.903398713,-0.085740996,-0.632213985,0.499142058
3548,0.902090994,0.614306045,-0.142140053,-0.179826252,-0.085518866,-0.19378166,0.766847767,1.903398713,-0.085740996,-0.632213985,0.499142058
3549,0.902090994,0.614306045,-0.142140053,-0.179643606,-0.085518866,-0.19378166,0.766847767,1.903398713,-0.085740996,-0.632213985,0.499142058
3550,0.902090994,0.614306045,-0.142140053,-0.179459883,-0.085518866,-0.19378166,0.766847767,1.903398713,-0.085740996,-0.632213985,0.499142058
3551,0.902090994,0.614306045,-0.142140053,-0.179252893,-0.085518866,-0.19378166,0.766847767,1.903398713,-0.085740996,-0.632213985,0.499142058
3552,0.902090994,0.614306045,-0.142140053,-0.179093797,-0.085518866,-0.19378166,0.766847767,1.903398713,-0.085740996,-0.632213985,0.499142058
3553,1.039691268,0.614306045,-0.142140053,-0.178919486,-0.085518866,-0.19378166,0.766847767,1.903398713,-0.085740996,-0.765245104,0.349325381
3554,1.039691268,0.614306045,-0.142140053,-0.178703353,-0.085518866,-0.19378166,0.766847767,1.903398713,-0.085740996,-0.765245104,0.349325381
3555,1.039691268,0.614306045,-0.142140053,-0.178552281,-0.085518866,-0.19378166,0.766847767,1.903398713,-0.085740996,-0.765245104,0.349325381
3556,1.039691268,0.614306045,-0.142140053,-0.178379811,-0.085518866,-0.19378166,0.766847767,1.903398713,-0.085740996,-0.765245104,0.349325381
3557,1.039691268,0.614306045,-0.142140053,-0.178194404,-0.085518866,-0.19378166,0.766847767,1.903398713,-0.085740996,-0.765245104,0.349325381
3558,1.039691268,0.614306045,-0.142140053,-0.178012469,-0.085518866,-0.19378166,0.766847767,1.903398713,-0.085740996,-0.765245104,0.349325381
3559,1.177291541,0.614306045,-0.142140053,-0.177837984,-0.085518866,-0.19378166,0.766847767,1.903398713,-0.085740996,-0.722577389,1.870105675
3560,1.177291541,0.614306045,-0.142140053,-0.177657127,-0.085518866,-0.19378166,0.766847767,1.903398713,-0.085740996,-0.722577389,1.870105675
3561,1.177291541,0.614306045,-0.142140053,-0.177472082,-0.085518866,-0.19378166,0.766847767,1.903398713,-0.085740996,-0.722577389,1.870105675
3562,1.177291541,0.614306045,-0.142140053,-0.177284634,-0.085518866,-0.19378166,0.766847767,1.903398713,-0.085740996,-0.722577389,1.870105675
3563,1.177291541,0.614306045,-0.142140053,-0.177118998,-0.085518866,-0.19378166,0.766847767,1.903398713,-0.085740996,-0.722577389,1.870105675
3564,1.177291541,0.614306045,-0.142140053,-0.176926803,-0.085518866,-0.19378166,0.766847767,1.903398713,-0.085740996,-0.722577389,1.870105675
3565,1.314891814,0.614306045,-0.142140053,-0.176752189,-0.085518866,-0.19378166,0.766847767,1.903398713,-0.085740996,-0.602593604,-1.581531403
3566,1.314891814,0.614306045,-0.142140053,-0.176565302,-0.085518866,-0.19378166,0.766847767,1.903398713,-0.085740996,-0.602593604,-1.581531403
3567,1.314891814,0.614306045,-0.142140053,-0.176383687,-0.085518866,-0.19378166,0.766847767,1.903398713,-0.085740996,-0.602593604,-1.581531403
3568,1.314891814,0.614306045,-0.142140053,-0.176212814,-0.085518866,-0.19378166,0.766847767,1.903398713,-0.085740996,-0.602593604,-1.581531403
3569,1.314891814,0.614306045,-0.142140053,-0.176031287,-0.085518866,-0.19378166,0.766847767,1.903398713,-0.085740996,-0.602593604,-1.581531403
3570,1.314891814,0.614306045,-0.142140053,-0.175850444,-0.085518866,-0.19378166,0.766847767,1.903398713,-0.085740996,-0.602593604,-1.581531403
3571,1.452492087,0.614306045,-0.142140053,-0.175666418,-0.085518866,-0.19378166,0.766847767,1.903398713,-0.085740996,-0.547299014,1.574273455
3572,1.452492087,0.614306045,-0.142140053,-0.175484739,-0.085518866,-0.19378166,0.766847767,1.903398713,-0.085740996,-0.547299014,1.574273455
3573,1.452492087,0.614306045,-0.142140053,-0.175309696,-0.085518866,-0.19378166,0.766847767,1.903398713,-0.085740996,-0.547299014,1.574273455
3574,1.452492087,0.614306045,-0.142140053,-0.175128166,-0.085518866,-0.19378166,0.766847767,1.903398713,-0.085740996,-0.547299014,1.574273455
3575,1.452492087,0.614306045,-0.142140053,-0.174938948,-0.085518866,-0.19378166,0.766847767,1.903398713,-0.085740996,-0.547299014,1.574273455
3576,1.452492087,0.614306045,-0.142140053,-0.174764486,-0.085518866,-0.19378166,0.766847767,1.903398713,-0.085740996,-0.547299014,1.574273455
3577,1.590092361,0.614306045,-0.142140053,-0.174568674,-0.085518866,-0.19378166,0.766847767,1.903398713,-0.085740996,-0.28553552,0.188402896
3578,1.590092361,0.614306045,-0.142140053,-0.174399595,-0.085518866,-0.19378166,0.766847767,1.903398713,-0.085740996,-0.28553552,0.188402896
3579,1.590092361,0.614306045,-0.142140053,-0.174216383,-0.085518866,-0.19378166,0.766847767,1.903398713,-0.085740996,-0.28553552,0.188402896
3580,1.590092361,0.614306045,-0.142140053,-0.174038798,-0.085518866,-0.19378166,0.766847767,1.903398713,-0.085740996,-0.28553552,0.188402896
3581,1.590092361,0.614306045,-0.142140053,-0.1738511,-0.085518866,-0.19378166,0.766847767,1.903398713,-0.085740996,-0.28553552,0.188402896
3582,1.590092361,-1.627853101,7.035314646,-0.181082882,-0.102442718,-0.19378166,0.766847767,1.903398713,-0.085740996,-0.28553552,0.188402896
3583,1.590092361,-1.627853101,-0.142140053,-0.18090867,-0.102442718,-0.19378166,0.766847767,1.903398713,-0.085740996,-0.28553552,0.188402896
3584,1.590092361,-1.627853101,-0.142140053,-0.180729333,-0.102442718,-0.19378166,0.766847767,1.903398713,-0.085740996,-0.28553552,0.188402896
3585,1.590092361,-1.627853101,-0.142140053,-0.180540038,-0.102442718,-0.19378166,0.766847767,1.903398713,-0.085740996,-0.28553552,0.188402896
3586,1.590092361,-1.627853101,-0.142140053,-0.180363502,-0.102442718,-0.19378166,0.766847767,1.903398713,-0.085740996,-0.28553552,0.188402896
3587,1.314891814,-1.627853101,-0.142140053,-0.180178741,-0.102442718,-0.19378166,0.766847767,1.903398713,-0.085740996,-0.602593604,-1.581531403
3588,1.314891814,-1.627853101,-0.142140053,-0.180002958,-0.102442718,-0.19378166,0.766847767,1.903398713,-0.085740996,-0.602593604,-1.581531403
3589,1.314891814,-1.627853101,-0.142140053,-0.179820484,-0.102442718,-0.19378166,0.766847767,1.903398713,-0.085740996,-0.602593604,-1.581531403
3590,1.314891814,-1.627853101,-0.142140053,-0.179637768,-0.102442718,-0.19378166,0.766847767,1.903398713,-0.085740996,-0.602593604,-1.581531403
3591,1.314891814,-1.627853101,-0.142140053,-0.179445238,-0.102442718,-0.19378166,0.766847767,1.903398713,-0.085740996,-0.602593604,-1.581531403
3592,1.314891814,-1.627853101,-0.142140053,-0.17926437,-0.102442718,-0.19378166,0.766847767,1.903398713,-0.085740996,-0.602593604,-1.581531403
3593,1.039691268,-1.627853101,-0.142140053,-0.179101998,-0.102442718,-0.19378166,0.766847767,1.903398713,-0.085740996,-0.765245104,0.349325381
3594,1.039691268,-1.627853101,-0.142140053,-0.178908667,-0.102442718,-0.19378166,0.766847767,1.903398713,-0.085740996,-0.765245104,0.349325381
3595,1.039691268,-1.627853101,-0.142140053,-0.17873664,-0.102442718,-0.19378166,0.766847767,1.903398713,-0.085740996,-0.765245104,0.349325381
3596,1.039691268,-1.627853101,-0.142140053,-0.178551598,-0.102442718,-0.19378166,0.766847767,1.903398713,-0.085740996,-0.765245104,0.349325381
3597,1.039691268,-1.627853101,-0.142140053,-0.178364282,-0.102442718,-0.19378166,0.766847767,1.903398713,-0.085740996,-0.765245104,0.349325381
3598,1.039691268,-1.627853101,-0.142140053,-0.178184709,-0.102442718,-0.19378166,0.766847767,1.903398713,-0.085740996,-0.765245104,0.349325381
3599,0.764490721,-1.627853101,-0.142140053,-0.178003049,-0.102442718,-0.19378166,0.766847767,1.903398713,-0.085740996,-0.468185485,0.025426383
3600,0.764490721,-1.627853101,-0.142140053,-0.177822815,-0.102442718,-0.19378166,0.766847767,1.903398713,-0.085740996,-0.468185485,0.025426383
3601,0.764490721,-1.627853101,-0.142140053,-0.177648848,-0.102442718,-0.19378166,0.766847767,1.903398713,-0.085740996,-0.468185485,0.025426383
3602,0.764490721,-1.627853101,-0.142140053,-0.177458696,-0.102442718,-0.19378166,0.766847767,1.903398713,-0.085740996,-0.468185485,0.025426383
3603,0.764490721,-1.627853101,-0.142140053,-0.177293222,-0.102442718,-0.19378166,0.766847767,1.903398713,-0.085740996,-0.468185485,0.025426383
3604,0.764490721,-1.627853101,-0.142140053,-0.177106063,-0.102442718,-0.19378166,0.766847767,1.903398713,-0.085740996,-0.468185485,0.025426383
3605,0.489290174,-1.627853101,-0.142140053,-0.176931635,-0.102442718,-0.19378166,0.766847767,1.903398713,-0.085740996,-0.300630395,-0.842633605
3606,0.489290174,-1.627853101,-0.142140053,-0.176743194,-0.102442718,-0.19378166,0.766847767,1.903398713,-0.085740996,-0.300630395,-0.842633605
3607,0.489290174,-1.627853101,-0.142140053,-0.176571859,-0.102442718,-0.19378166,0.766847767,1.903398713,-0.085740996,-0.300630395,-0.842633605
3608,0.489290174,-1.627853101,-0.142140053,-0.176377138,-0.102442718,-0.19378166,0.766847767,1.903398713,-0.085740996,-0.300630395,-0.842633605
3609,0.489290174,-1.627853101,-0.142140053,-0.17620356,-0.102442718,-0.19378166,0.766847767,1.903398713,-0.085740996,-0.300630395,-0.842633605
3610,0.489290174,-1.627853101,-0.142140053,-0.176021786,-0.102442718,-0.19378166,0.766847767,1.903398713,-0.085740996,-0.300630395,-0.842633605
3611,0.214089628,-1.627853101,-0.142140053,-0.175841234,-0.102442718,-0.19378166,0.766847767,1.903398713,-0.085740996,-0.225276461,1.088460372
3612,0.214089628,-1.627853101,-0.142140053,-0.175659688,-0.102442718,-0.19378166,0.766847767,1.903398713,-0.085740996,-0.225276461,1.088460372
3613,0.214089628,-1.627853101,-0.142140053,-0.175484462,-0.102442718,-0.19378166,0.766847767,1.903398713,-0.085740996,-0.225276461,1.088460372
3614,0.214089628,0.614306045,7.035314646,-0.181082882,-0.102442718,0.05356694,0.766847767,1.271336135,-0.085740996,-0.225276461,1.088460372
3615,0.214089628,0.614306045,-0.142140053,-0.180938812,-0.102442718,0.05356694,0.766847767,1.271336135,-0.085740996,-0.225276461,1.088460372
3616,0.214089628,0.614306045,-0.142140053,-0.180710281,-0.102442718,0.05356694,0.766847767,1.271336135,-0.085740996,-0.225276461,1.088460372
3617,0.214089628,0.614306045,-0.142140053,-0.180390515,-0.102442718,0.05356694,0.766847767,1.271336135,-0.085740996,-0.225276461,1.088460372
3618,0.214089628,0.614306045,-0.142140053,-0.180214925,-0.102442718,0.05356694,0.766847767,1.271336135,-0.085740996,-0.225276461,1.088460372
3619,0.351689901,0.614306045,-0.142140053,-0.180034378,-0.102442718,0.05356694,0.766847767,1.271336135,-0.085740996,-0.38205907,-0.893572516
3620,0.351689901,0.614306045,-0.142140053,-0.179858563,-0.102442718,0.05356694,0.766847767,1.271336135,-0.085740996,-0.38205907,-0.893572516
3621,0.351689901,0.614306045,-0.142140053,-0.179676506,-0.102442718,0.05356694,0.766847767,1.271336135,-0.085740996,-0.38205907,-0.893572516
3622,0.351689901,0.614306045,-0.142140053,-0.179495428,-0.102442718,0.05356694,0.766847767,1.271336135,-0.085740996,-0.38205907,-0.893572516
3623,0.351689901,0.614306045,-0.142140053,-0.179275375,-0.102442718,0.05356694,0.766847767,1.271336135,-0.085740996,-0.38205907,-0.893572516
3624,0.351689901,0.614306045,-0.142140053,-0.179126023,-0.102442718,0.05356694,0.766847767,1.271336135,-0.085740996,-0.38205907,-0.893572516
3625,0.489290174,0.614306045,-0.142140053,-0.178955665,-0.102442718,0.05356694,0.766847767,1.271336135,-0.085740996,-0.300630395,-0.842633605
3626,0.489290174,0.614306045,-0.142140053,-0.178756354,-0.102442718,0.05356694,0.766847767,1.271336135,-0.085740996,-0.300630395,-0.842633605
3627,0.489290174,0.614306045,-0.142140053,-0.178582266,-0.102442718,0.05356694,0.766847767,1.271336135,-0.085740996,-0.300630395,-0.842633605
3628,0.489290174,0.614306045,-0.142140053,-0.178405802,-0.102442718,0.05356694,0.766847767,1.271336135,-0.085740996,-0.300630395,-0.842633605
3629,0.489290174,0.614306045,-0.142140053,-0.178224443,-0.102442718,0.05356694,0.766847767,1.271336135,-0.085740996,-0.300630395,-0.842633605
3630,0.489290174,0.614306045,-0.142140053,-0.178045947,-0.102442718,0.05356694,0.766847767,1.271336135,-0.085740996,-0.300630395,-0.842633605
3631,0.626890448,0.614306045,-0.142140053,-0.177872768,-0.102442718,0.05356694,0.766847767,1.271336135,-0.085740996,-0.451371112,1.184507192
3632,0.626890448,0.614306045,-0.142140053,-0.177688824,-0.102442718,0.05356694,0.766847767,1.271336135,-0.085740996,-0.451371112,1.184507192
3633,0.626890448,0.614306045,-0.142140053,-0.177507949,-0.102442718,0.05356694,0.766847767,1.271336135,-0.085740996,-0.451371112,1.184507192
3634,0.626890448,0.614306045,-0.142140053,-0.177309704,-0.102442718,0.05356694,0.766847767,1.271336135,-0.085740996,-0.451371112,1.184507192
3635,0.626890448,0.614306045,-0.142140053,-0.177140875,-0.102442718,0.05356694,0.766847767,1.271336135,-0.085740996,-0.451371112,1.184507192
3636,0.626890448,0.614306045,-0.142140053,-0.176962759,-0.102442718,0.05356694,0.766847767,1.271336135,-0.085740996,-0.451371112,1.184507192
3637,0.764490721,0.614306045,-0.142140053,-0.176777953,-0.102442718,0.05356694,0.766847767,1.271336135,-0.085740996,-0.468185485,0.025426383
3638,0.764490721,0.614306045,-0.142140053,-0.176567431,-0.102442718,0.05356694,0.766847767,1.271336135,-0.085740996,-0.468185485,0.025426383
3639,0.764490721,0.614306045,-0.142140053,-0.176411009,-0.102442718,0.05356694,0.766847767,1.271336135,-0.085740996,-0.468185485,0.025426383
3640,0.764490721,0.614306045,-0.142140053,-0.176233384,-0.102442718,0.05356694,0.766847767,1.271336135,-0.085740996,-0.468185485,0.025426383
3641,0.764490721,0.614306045,-0.142140053,-0.176056365,-0.102442718,0.05356694,0.766847767,1.271336135,-0.085740996,-0.468185485,0.025426383
3642,0.764490721,0.614306045,-0.142140053,-0.175878066,-0.102442718,0.05356694,0.766847767,1.271336135,-0.085740996,-0.468185485,0.025426383
3643,0.902090994,0.614306045,-0.142140053,-0.175690391,-0.102442718,0.05356694,0.766847767,1.271336135,-0.085740996,-0.632213985,0.499142058
3644,0.902090994,0.614306045,-0.142140053,-0.17550749,-0.102442718,0.05356694,0.766847767,1.271336135,-0.085740996,-0.632213985,0.499142058
3645,0.902090994,0.614306045,-0.142140053,-0.175325532,-0.102442718,0.05356694,0.766847767,1.271336135,-0.085740996,-0.632213985,0.499142058
3646,0.902090994,0.614306045,-0.142140053,-0.175144655,-0.102442718,0.05356694,0.766847767,1.271336135,-0.085740996,-0.632213985,0.499142058
3647,0.902090994,0.614306045,-0.142140053,-0.174970881,-0.102442718,0.05356694,0.766847767,1.271336135,-0.085740996,-0.632213985,0.499142058
3648,0.902090994,0.614306045,-0.142140053,-0.174792311,-0.102442718,0.05356694,0.766847767,1.271336135,-0.085740996,-0.632213985,0.499142058
3649,1.039691268,0.614306045,-0.142140053,-0.174605288,-0.102442718,0.05356694,0.766847767,1.271336135,-0.085740996,-0.765245104,0.349325381
3650,1.039691268,0.614306045,-0.142140053,-0.174413798,-0.102442718,0.05356694,0.766847767,1.271336135,-0.085740996,-0.765245104,0.349325381
3651,1.039691268,0.614306045,-0.142140053,-0.174244986,-0.102442718,0.05356694,0.766847767,1.271336135,-0.085740996,-0.765245104,0.349325381
3652,1.039691268,0.614306045,-0.142140053,-0.174071897,-0.102442718,0.05356694,0.766847767,1.271336135,-0.085740996,-0.765245104,0.349325381
3653,1.039691268,0.614306045,-0.142140053,-0.173888905,-0.102442718,0.05356694,0.766847767,1.271336135,-0.085740996,-0.765245104,0.349325381
3654,1.039691268,0.614306045,-0.142140053,-0.173702804,-0.102442718,0.05356694,0.766847767,1.271336135,-0.085740996,-0.765245104,0.349325381
3655,1.177291541,0.614306045,-0.142140053,-0.173517646,-0.102442718,0.05356694,0.766847767,1.271336135,-0.085740996,-0.722577389,1.870105675
3656,1.177291541,0.614306045,-0.142140053,-0.17334044,-0.102442718,0.05356694,0.766847767,1.271336135,-0.085740996,-0.722577389,1.870105675
3657,1.177291541,0.614306045,-0.142140053,-0.173153752,-0.102442718,0.05356694,0.766847767,1.271336135,-0.085740996,-0.722577389,1.870105675
3658,1.177291541,0.614306045,-0.142140053,-0.17298157,-0.102442718,0.05356694,0.766847767,1.271336135,-0.085740996,-0.722577389,1.870105675
3659,1.177291541,0.614306045,-0.142140053,-0.172792011,-0.102442718,0.05356694,0.766847767,1.271336135,-0.085740996,-0.722577389,1.870105675
3660,1.177291541,0.614306045,-0.142140053,-0.172611687,-0.102442718,0.05356694,0.766847767,1.271336135,-0.085740996,-0.722577389,1.870105675
3661,1.314891814,0.614306045,-0.142140053,-0.172433264,-0.102442718,0.05356694,0.766847767,1.271336135,-0.085740996,-0.602593604,-1.581531403
3662,1.314891814,0.614306045,-0.142140053,-0.172258009,-0.102442718,0.05356694,0.766847767,1.271336135,-0.085740996,-0.602593604,-1.581531403
3663,1.314891814,0.614306045,-0.142140053,-0.172075656,-0.102442718,0.05356694,0.766847767,1.271336135,-0.085740996,-0.602593604,-1.581531403
3664,1.314891814,0.614306045,-0.142140053,-0.171888988,-0.102442718,0.05356694,0.766847767,1.271336135,-0.085740996,-0.602593604,-1.581531403
3665,1.314891814,0.614306045,-0.142140053,-0.171704906,-0.102442718,0.05356694,0.766847767,1.271336135,-0.085740996,-0.602593604,-1.581531403
3666,1.314891814,0.614306045,-0.142140053,-0.171531493,-0.102442718,0.05356694,0.766847767,1.271336135,-0.085740996,-0.602593604,-1.581531403
3667,1.452492087,0.614306045,-0.142140053,-0.171339897,-0.102442718,0.05356694,0.766847767,1.271336135,-0.085740996,-0.547299014,1.574273455
3668,1.452492087,0.614306045,-0.142140053,-0.171173639,-0.102442718,0.05356694,0.766847767,1.271336135,-0.085740996,-0.547299014,1.574273455
3669,1.452492087,0.614306045,-0.142140053,-0.170978468,-0.102442718,0.05356694,0.766847767,1.271336135,-0.085740996,-0.547299014,1.574273455
3670,1.452492087,0.614306045,-0.142140053,-0.170810697,-0.102442718,0.05356694,0.766847767,1.271336135,-0.085740996,-0.547299014,1.574273455
3671,1.452492087,0.614306045,-0.142140053,-0.170627961,-0.102442718,0.05356694,0.766847767,1.271336135,-0.085740996,-0.547299014,1.574273455
3672,1.452492087,0.614306045,-0.142140053,-0.170441277,-0.102442718,0.05356694,0.766847767,1.271336135,-0.085740996,-0.547299014,1.574273455
3673,1.590092361,0.614306045,-0.142140053,-0.170259077,-0.102442718,0.05356694,0.766847767,1.271336135,-0.085740996,-0.28553552,0.188402896
3674,1.590092361,0.614306045,-0.142140053,-0.170077797,-0.102442718,0.05356694,0.766847767,1.271336135,-0.085740996,-0.28553552,0.188402896
3675,1.590092361,0.614306045,-0.142140053,-0.169898055,-0.102442718,0.05356694,0.766847767,1.271336135,-0.085740996,-0.28553552,0.188402896
3676,1.590092361,0.614306045,-0.142140053,-0.169723128,-0.102442718,0.05356694,0.766847767,1.271336135,-0.085740996,-0.28553552,0.188402896
3677,1.590092361,0.614306045,-0.142140053,-0.169544666,-0.102442718,0.05356694,0.766847767,1.271336135,-0.085740996,-0.28553552,0.188402896
3678,1.590092361,-1.627853101,7.035314646,-0.181082882,-0.097446092,0.05356694,0.766847767,1.271336135,-0.085740996,-0.28553552,0.188402896
3679,1.590092361,-1.627853101,-0.142140053,-0.180917344,-0.097446092,0.05356694,0.766847767,1.271336135,-0.085740996,-0.28553552,0.188402896
3680,1.590092361,-1.627853101,-0.142140053,-0.180730027,-0.097446092,0.05356694,0.766847767,1.271336135,-0.085740996,-0.28553552,0.188402896
3681,1.590092361,-1.627853101,-0.142140053,-0.180548085,-0.097446092,0.05356694,0.766847767,1.271336135,-0.085740996,-0.28553552,0.188402896
3682,1.590092361,-1.627853101,-0.142140053,-0.180366454,-0.097446092,0.05356694,0.766847767,1.271336135,-0.085740996,-0.28553552,0.188402896
3683,1.314891814,-1.627853101,-0.142140053,-0.180174857,-0.097446092,0.05356694,0.766847767,1.271336135,-0.085740996,-0.602593604,-1.581531403
3684,1.314891814,-1.627853101,-0.142140053,-0.180008004,-0.097446092,0.05356694,0.766847767,1.271336135,-0.085740996,-0.602593604,-1.581531403
3685,1.314891814,-1.627853101,-0.142140053,-0.179829147,-0.097446092,0.05356694,0.766847767,1.271336135,-0.085740996,-0.602593604,-1.581531403
3686,1.314891814,-1.627853101,-0.142140053,-0.179639421,-0.097446092,0.05356694,0.766847767,1.271336135,-0.085740996,-0.602593604,-1.581531403
3687,1.314891814,-1.627853101,-0.142140053,-0.179463482,-0.097446092,0.05356694,0.766847767,1.271336135,-0.085740996,-0.602593604,-1.581531403
3688,1.314891814,-1.627853101,-0.142140053,-0.179278101,-0.097446092,0.05356694,0.766847767,1.271336135,-0.085740996,-0.602593604,-1.581531403
3689,1.039691268,-1.627853101,-0.142140053,-0.179106428,-0.097446092,0.05356694,0.766847767,1.271336135,-0.085740996,-0.765245104,0.349325381
3690,1.039691268,-1.627853101,-0.142140053,-0.178921638,-0.097446092,0.05356694,0.766847767,1.271336135,-0.085740996,-0.765245104,0.349325381
3691,1.039691268,-1.627853101,-0.142140053,-0.178741008,-0.097446092,0.05356694,0.766847767,1.271336135,-0.085740996,-0.765245104,0.349325381
3692,1.039691268,-1.627853101,-0.142140053,-0.178568963,-0.097446092,0.05356694,0.766847767,1.271336135,-0.085740996,-0.765245104,0.349325381
3693,1.039691268,-1.627853101,-0.142140053,-0.178375719,-0.097446092,0.05356694,0.766847767,1.271336135,-0.085740996,-0.765245104,0.349325381
3694,1.039691268,-1.627853101,-0.142140053,-0.178193914,-0.097446092,0.05356694,0.766847767,1.271336135,-0.085740996,-0.765245104,0.349325381
3695,0.764490721,-1.627853101,-0.142140053,-0.178018858,-0.097446092,0.05356694,0.766847767,1.271336135,-0.085740996,-0.468185485,0.025426383
3696,0.764490721,-1.627853101,-0.142140053,-0.177840332,-0.097446092,0.05356694,0.766847767,1.271336135,-0.085740996,-0.468185485,0.025426383
3697,0.764490721,-1.627853101,-0.142140053,-0.177663415,-0.097446092,0.05356694,0.766847767,1.271336135,-0.085740996,-0.468185485,0.025426383
3698,0.764490721,-1.627853101,-0.142140053,-0.177481294,-0.097446092,0.05356694,0.766847767,1.271336135,-0.085740996,-0.468185485,0.025426383
3699,0.764490721,-1.627853101,-0.142140053,-0.177289511,-0.097446092,0.05356694,0.766847767,1.271336135,-0.085740996,-0.468185485,0.025426383
3700,0.764490721,-1.627853101,-0.142140053,-0.17711333,-0.097446092,0.05356694,0.766847767,1.271336135,-0.085740996,-0.468185485,0.025426383
3701,0.489290174,-1.627853101,-0.142140053,-0.176927395,-0.097446092,0.05356694,0.766847767,1.271336135,-0.085740996,-0.300630395,-0.842633605
3702,0.489290174,-1.627853101,-0.142140053,-0.176749095,-0.097446092,0.05356694,0.766847767,1.271336135,-0.085740996,-0.300630395,-0.842633605
3703,0.489290174,-1.627853101,-0.142140053,-0.176571922,-0.097446092,0.05356694,0.766847767,1.271336135,-0.085740996,-0.300630395,-0.842633605
3704,0.489290174,-1.627853101,-0.142140053,-0.176383306,-0.097446092,0.05356694,0.766847767,1.271336135,-0.085740996,-0.300630395,-0.842633605
3705,0.489290174,-1.627853101,-0.142140053,-0.176206281,-0.097446092,0.05356694,0.766847767,1.271336135,-0.085740996,-0.300630395,-0.842633605
3706,0.489290174,-1.627853101,-0.142140053,-0.176027382,-0.097446092,0.05356694,0.766847767,1.271336135,-0.085740996,-0.300630395,-0.842633605
3707,0.214089628,-1.627853101,-0.142140053,-0.175848343,-0.097446092,0.05356694,0.766847767,1.271336135,-0.085740996,-0.225276461,1.088460372
3708,0.214089628,-1.627853101,-0.142140053,-0.175668403,-0.097446092,0.05356694,0.766847767,1.271336135,-0.085740996,-0.225276461,1.088460372
3709,0.214089628,-1.627853101,-0.142140053,-0.175483862,-0.097446092,0.05356694,0.766847767,1.271336135,-0.085740996,-0.225276461,1.088460372
3710,0.214089628,-1.627853101,-0.142140053,-0.175304707,-0.097446092,0.05356694,0.766847767,1.271336135,-0.085740996,-0.225276461,1.088460372
3711,0.214089628,-1.627853101,-0.142140053,-0.175121842,-0.097446092,0.05356694,0.766847767,1.271336135,-0.085740996,-0.225276461,1.088460372
3712,0.214089628,0.614306045,7.035314646,-0.181082882,-0.097446092,0.089672897,0.766847767,1.271336135,-0.085740996,-0.225276461,1.088460372
3713,0.214089628,0.614306045,-0.142140053,-0.180885212,-0.097446092,0.089672897,0.766847767,1.271336135,-0.085740996,-0.225276461,1.088460372
3714,0.214089628,0.614306045,-0.142140053,-0.180562829,-0.097446092,0.089672897,0.766847767,1.271336135,-0.085740996,-0.225276461,1.088460372
3715,0.214089628,0.614306045,-0.142140053,-0.180393427,-0.097446092,0.089672897,0.766847767,1.271336135,-0.085740996,-0.225276461,1.088460372
3716,0.214089628,0.614306045,-0.142140053,-0.180192405,-0.097446092,0.089672897,0.766847767,1.271336135,-0.085740996,-0.225276461,1.088460372
3717,0.351689901,0.614306045,-0.142140053,-0.180010526,-0.097446092,0.089672897,0.766847767,1.271336135,-0.085740996,-0.38205907,-0.893572516
3718,0.351689901,0.614306045,-0.142140053,-0.179833125,-0.097446092,0.089672897,0.766847767,1.271336135,-0.085740996,-0.38205907,-0.893572516
3719,0.351689901,0.614306045,-0.142140053,-0.179663125,-0.097446092,0.089672897,0.766847767,1.271336135,-0.085740996,-0.38205907,-0.893572516
3720,0.351689901,0.614306045,-0.142140053,-0.179489744,-0.097446092,0.089672897,0.766847767,1.271336135,-0.085740996,-0.38205907,-0.893572516
3721,0.351689901,0.614306045,-0.142140053,-0.179305521,-0.097446092,0.089672897,0.766847767,1.271336135,-0.085740996,-0.38205907,-0.893572516
3722,0.351689901,0.614306045,-0.142140053,-0.179114388,-0.097446092,0.089672897,0.766847767,1.271336135,-0.085740996,-0.38205907,-0.893572516
3723,0.489290174,0.614306045,-0.142140053,-0.178944813,-0.097446092,0.089672897,0.766847767,1.271336135,-0.085740996,-0.300630395,-0.842633605
3724,0.489290174,0.614306045,-0.142140053,-0.178765766,-0.097446092,0.089672897,0.766847767,1.271336135,-0.085740996,-0.300630395,-0.842633605
3725,0.489290174,0.614306045,-0.142140053,-0.178576477,-0.097446092,0.089672897,0.766847767,1.271336135,-0.085740996,-0.300630395,-0.842633605
3726,0.489290174,0.614306045,-0.142140053,-0.178388813,-0.097446092,0.089672897,0.766847767,1.271336135,-0.085740996,-0.300630395,-0.842633605
3727,0.489290174,0.614306045,-0.142140053,-0.178213215,-0.097446092,0.089672897,0.766847767,1.271336135,-0.085740996,-0.300630395,-0.842633605
3728,0.489290174,0.614306045,-0.142140053,-0.17803596,-0.097446092,0.089672897,0.766847767,1.271336135,-0.085740996,-0.300630395,-0.842633605
3729,0.626890448,0.614306045,-0.142140053,-0.177856801,-0.097446092,0.089672897,0.766847767,1.271336135,-0.085740996,-0.451371112,1.184507192
3730,0.626890448,0.614306045,-0.142140053,-0.177673625,-0.097446092,0.089672897,0.766847767,1.271336135,-0.085740996,-0.451371112,1.184507192
3731,0.626890448,0.614306045,-0.142140053,-0.177498514,-0.097446092,0.089672897,0.766847767,1.271336135,-0.085740996,-0.451371112,1.184507192
3732,0.626890448,0.614306045,-0.142140053,-0.177309875,-0.097446092,0.089672897,0.766847767,1.271336135,-0.085740996,-0.451371112,1.184507192
3733,0.626890448,0.614306045,-0.142140053,-0.177133388,-0.097446092,0.089672897,0.766847767,1.271336135,-0.085740996,-0.451371112,1.184507192
3734,0.626890448,0.614306045,-0.142140053,-0.176955915,-0.097446092,0.089672897,0.766847767,1.271336135,-0.085740996,-0.451371112,1.184507192
3735,0.764490721,0.614306045,-0.142140053,-0.176767681,-0.097446092,0.089672897,0.766847767,1.271336135,-0.085740996,-0.468185485,0.025426383
3736,0.764490721,0.614306045,-0.142140053,-0.176586236,-0.097446092,0.089672897,0.766847767,1.271336135,-0.085740996,-0.468185485,0.025426383
3737,0.764490721,0.614306045,-0.142140053,-0.176382413,-0.097446092,0.089672897,0.766847767,1.271336135,-0.085740996,-0.468185485,0.025426383
3738,0.764490721,0.614306045,-0.142140053,-0.176223951,-0.097446092,0.089672897,0.766847767,1.271336135,-0.085740996,-0.468185485,0.025426383
3739,0.764490721,0.614306045,-0.142140053,-0.176046874,-0.097446092,0.089672897,0.766847767,1.271336135,-0.085740996,-0.468185485,0.025426383
3740,0.764490721,0.614306045,-0.142140053,-0.175864239,-0.097446092,0.089672897,0.766847767,1.271336135,-0.085740996,-0.468185485,0.025426383
3741,0.902090994,0.614306045,-0.142140053,-0.175672798,-0.097446092,0.089672897,0.766847767,1.271336135,-0.085740996,-0.632213985,0.499142058
3742,0.902090994,0.614306045,-0.142140053,-0.175506694,-0.097446092,0.089672897,0.766847767,1.271336135,-0.085740996,-0.632213985,0.499142058
3743,0.902090994,0.614306045,-0.142140053,-0.175325783,-0.097446092,0.089672897,0.766847767,1.271336135,-0.085740996,-0.632213985,0.499142058
3744,0.902090994,0.614306045,-0.142140053,-0.175135552,-0.097446092,0.089672897,0.766847767,1.271336135,-0.085740996,-0.632213985,0.499142058
3745,0.902090994,0.614306045,-0.142140053,-0.174958701,-0.097446092,0.089672897,0.766847767,1.271336135,-0.085740996,-0.632213985,0.499142058
3746,0.902090994,0.614306045,-0.142140053,-0.17478536,-0.097446092,0.089672897,0.766847767,1.271336135,-0.085740996,-0.632213985,0.499142058
3747,1.039691268,0.614306045,-0.142140053,-0.174594444,-0.097446092,0.089672897,0.766847767,1.271336135,-0.085740996,-0.765245104,0.349325381
3748,1.039691268,0.614306045,-0.142140053,-0.174411928,-0.097446092,0.089672897,0.766847767,1.271336135,-0.085740996,-0.765245104,0.349325381
3749,1.039691268,0.614306045,-0.142140053,-0.174231008,-0.097446092,0.089672897,0.766847767,1.271336135,-0.085740996,-0.765245104,0.349325381
3750,1.039691268,0.614306045,-0.142140053,-0.174048409,-0.097446092,0.089672897,0.766847767,1.271336135,-0.085740996,-0.765245104,0.349325381
3751,1.039691268,0.614306045,-0.142140053,-0.173881239,-0.097446092,0.089672897,0.766847767,1.271336135,-0.085740996,-0.765245104,0.349325381
3752,1.039691268,0.614306045,-0.142140053,-0.173695932,-0.097446092,0.089672897,0.766847767,1.271336135,-0.085740996,-0.765245104,0.349325381
3753,1.177291541,0.614306045,-0.142140053,-0.173513839,-0.097446092,0.089672897,0.766847767,1.271336135,-0.085740996,-0.722577389,1.870105675
3754,1.177291541,0.614306045,-0.142140053,-0.173337842,-0.097446092,0.089672897,0.766847767,1.271336135,-0.085740996,-0.722577389,1.870105675
3755,1.177291541,0.614306045,-0.142140053,-0.17314557,-0.097446092,0.089672897,0.766847767,1.271336135,-0.085740996,-0.722577389,1.870105675
3756,1.177291541,0.614306045,-0.142140053,-0.172973419,-0.097446092,0.089672897,0.766847767,1.271336135,-0.085740996,-0.722577389,1.870105675
3757,1.177291541,0.614306045,-0.142140053,-0.172783755,-0.097446092,0.089672897,0.766847767,1.271336135,-0.085740996,-0.722577389,1.870105675
3758,1.177291541,0.614306045,-0.142140053,-0.172609674,-0.097446092,0.089672897,0.766847767,1.271336135,-0.085740996,-0.722577389,1.870105675
3759,1.314891814,0.614306045,-0.142140053,-0.172430928,-0.097446092,0.089672897,0.766847767,1.271336135,-0.085740996,-0.602593604,-1.581531403
3760,1.314891814,0.614306045,-0.142140053,-0.172247613,-0.097446092,0.089672897,0.766847767,1.271336135,-0.085740996,-0.602593604,-1.581531403
3761,1.314891814,0.614306045,-0.142140053,-0.172053575,-0.097446092,0.089672897,0.766847767,1.271336135,-0.085740996,-0.602593604,-1.581531403
3762,1.314891814,0.614306045,-0.142140053,-0.171885516,-0.097446092,0.089672897,0.766847767,1.271336135,-0.085740996,-0.602593604,-1.581531403
3763,1.314891814,0.614306045,-0.142140053,-0.171705075,-0.097446092,0.089672897,0.766847767,1.271336135,-0.085740996,-0.602593604,-1.581531403
3764,1.314891814,0.614306045,-0.142140053,-0.171521372,-0.097446092,0.089672897,0.766847767,1.271336135,-0.085740996,-0.602593604,-1.581531403
3765,1.452492087,0.614306045,-0.142140053,-0.171340659,-0.097446092,0.089672897,0.766847767,1.271336135,-0.085740996,-0.547299014,1.574273455
3766,1.452492087,0.614306045,-0.142140053,-0.171165687,-0.097446092,0.089672897,0.766847767,1.271336135,-0.085740996,-0.547299014,1.574273455
3767,1.452492087,0.614306045,-0.142140053,-0.170977612,-0.097446092,0.089672897,0.766847767,1.271336135,-0.085740996,-0.547299014,1.574273455
3768,1.452492087,0.614306045,-0.142140053,-0.170802059,-0.097446092,0.089672897,0.766847767,1.271336135,-0.085740996,-0.547299014,1.574273455
3769,1.452492087,0.614306045,-0.142140053,-0.170613479,-0.097446092,0.089672897,0.766847767,1.271336135,-0.085740996,-0.547299014,1.574273455
3770,1.452492087,0.614306045,-0.142140053,-0.170442555,-0.097446092,0.089672897,0.766847767,1.271336135,-0.085740996,-0.547299014,1.574273455
3771,1.590092361,0.614306045,-0.142140053,-0.170262264,-0.097446092,0.089672897,0.766847767,1.271336135,-0.085740996,-0.28553552,0.188402896
3772,1.590092361,-1.627853101,7.035314646,-0.181082882,-0.098230533,0.089672897,0.766847767,1.271336135,-0.085740996,-0.28553552,0.188402896
3773,1.590092361,-1.627853101,-0.142140053,-0.180762331,-0.098230533,0.089672897,0.766847767,1.271336135,-0.085740996,-0.28553552,0.188402896
3774,1.590092361,-1.627853101,-0.142140053,-0.18058285,-0.098230533,0.089672897,0.766847767,1.271336135,-0.085740996,-0.28553552,0.188402896
3775,1.590092361,-1.627853101,-0.142140053,-0.180401634,-0.098230533,0.089672897,0.766847767,1.271336135,-0.085740996,-0.28553552,0.188402896
3776,1.590092361,-1.627853101,-0.142140053,-0.180218745,-0.098230533,0.089672897,0.766847767,1.271336135,-0.085740996,-0.28553552,0.188402896
3777,0.489290174,-1.627853101,-0.142140053,-0.180041398,-0.098230533,0.089672897,0.766847767,1.271336135,-0.085740996,-0.300630395,-0.842633605
3778,0.489290174,-1.627853101,-0.142140053,-0.179858808,-0.098230533,0.089672897,0.766847767,1.271336135,-0.085740996,-0.300630395,-0.842633605
3779,0.489290174,-1.627853101,-0.142140053,-0.179686459,-0.098230533,0.089672897,0.766847767,1.271336135,-0.085740996,-0.300630395,-0.842633605
3780,0.489290174,-1.627853101,-0.142140053,-0.179497411,-0.098230533,0.089672897,0.766847767,1.271336135,-0.085740996,-0.300630395,-0.842633605
3781,0.489290174,-1.627853101,-0.142140053,-0.179321956,-0.098230533,0.089672897,0.766847767,1.271336135,-0.085740996,-0.300630395,-0.842633605
3782,0.489290174,-1.627853101,-0.142140053,-0.179135775,-0.098230533,0.089672897,0.766847767,1.271336135,-0.085740996,-0.300630395,-0.842633605
3783,-0.611512012,-1.627853101,-0.142140053,-0.178958176,-0.098230533,0.089672897,0.766847767,1.271336135,-0.085740996,-0.141224304,-0.804030394
3784,-0.611512012,0.614306045,7.035314646,-0.181082882,-0.098230533,-0.311126922,0.766847767,0.323242267,-0.085740996,-0.141224304,-0.804030394
3785,-0.611512012,0.614306045,-0.142140053,-0.180912901,-0.098230533,-0.311126922,0.766847767,0.323242267,-0.085740996,-0.141224304,-0.804030394
3786,-0.611512012,0.614306045,-0.142140053,-0.180719039,-0.098230533,-0.311126922,0.766847767,0.323242267,-0.085740996,-0.141224304,-0.804030394
3787,-0.611512012,0.614306045,-0.142140053,-0.180549795,-0.098230533,-0.311126922,0.766847767,0.323242267,-0.085740996,-0.141224304,-0.804030394
3788,-0.611512012,0.614306045,-0.142140053,-0.18034615,-0.098230533,-0.311126922,0.766847767,0.323242267,-0.085740996,-0.141224304,-0.804030394
3789,-0.473911739,0.614306045,-0.142140053,-0.180193689,-0.098230533,-0.311126922,0.766847767,0.323242267,-0.085740996,-0.305089,-1.099685818
3790,-0.473911739,0.614306045,-0.142140053,-0.180009018,-0.098230533,-0.311126922,0.766847767,0.323242267,-0.085740996,-0.305089,-1.099685818
3791,-0.473911739,0.614306045,-0.142140053,-0.179815095,-0.098230533,-0.311126922,0.766847767,0.323242267,-0.085740996,-0.305089,-1.099685818
3792,-0.473911739,0.614306045,-0.142140053,-0.179648689,-0.098230533,-0.311126922,0.766847767,0.323242267,-0.085740996,-0.305089,-1.099685818
3793,-0.473911739,0.614306045,-0.142140053,-0.179468541,-0.098230533,-0.311126922,0.766847767,0.323242267,-0.085740996,-0.305089,-1.099685818
3794,-0.473911739,0.614306045,-0.142140053,-0.179287939,-0.098230533,-0.311126922,0.766847767,0.323242267,-0.085740996,-0.305089,-1.099685818
3795,-0.336311465,0.614306045,-0.142140053,-0.179104939,-0.098230533,-0.311126922,0.766847767,0.323242267,-0.085740996,-0.182551809,-1.556837493
3796,-0.336311465,0.614306045,-0.142140053,-0.178917858,-0.098230533,-0.311126922,0.766847767,0.323242267,-0.085740996,-0.182551809,-1.556837493
3797,-0.336311465,0.614306045,-0.142140053,-0.178740369,-0.098230533,-0.311126922,0.766847767,0.323242267,-0.085740996,-0.182551809,-1.556837493
3798,-0.336311465,0.614306045,-0.142140053,-0.178567602,-0.098230533,-0.311126922,0.766847767,0.323242267,-0.085740996,-0.182551809,-1.556837493
3799,-0.336311465,0.614306045,-0.142140053,-0.178384994,-0.098230533,-0.311126922,0.766847767,0.323242267,-0.085740996,-0.182551809,-1.556837493
3800,-0.336311465,0.614306045,-0.142140053,-0.178199085,-0.098230533,-0.311126922,0.766847767,0.323242267,-0.085740996,-0.182551809,-1.556837493
3801,-0.198711192,0.614306045,-0.142140053,-0.178022364,-0.098230533,-0.311126922,0.766847767,0.323242267,-0.085740996,-0.313471879,0.528647917
3802,-0.198711192,0.614306045,-0.142140053,-0.177843046,-0.098230533,-0.311126922,0.766847767,0.323242267,-0.085740996,-0.313471879,0.528647917
3803,-0.198711192,0.614306045,-0.142140053,-0.177661268,-0.098230533,-0.311126922,0.766847767,0.323242267,-0.085740996,-0.313471879,0.528647917
3804,-0.198711192,0.614306045,-0.142140053,-0.17748322,-0.098230533,-0.311126922,0.766847767,0.323242267,-0.085740996,-0.313471879,0.528647917
3805,-0.198711192,0.614306045,-0.142140053,-0.177298497,-0.098230533,-0.311126922,0.766847767,0.323242267,-0.085740996,-0.313471879,0.528647917
3806,-0.198711192,0.614306045,-0.142140053,-0.177115055,-0.098230533,-0.311126922,0.766847767,0.323242267,-0.085740996,-0.313471879,0.528647917
3807,-0.061110919,0.614306045,-0.142140053,-0.176943913,-0.098230533,-0.311126922,0.766847767,0.323242267,-0.085740996,-0.495418454,0.638409672
3808,-0.061110919,0.614306045,-0.142140053,-0.176758058,-0.098230533,-0.311126922,0.766847767,0.323242267,-0.085740996,-0.495418454,0.638409672
3809,-0.061110919,0.614306045,-0.142140053,-0.17657833,-0.098230533,-0.311126922,0.766847767,0.323242267,-0.085740996,-0.495418454,0.638409672
3810,-0.061110919,0.614306045,-0.142140053,-0.17640162,-0.098230533,-0.311126922,0.766847767,0.323242267,-0.085740996,-0.495418454,0.638409672
3811,-0.061110919,0.614306045,-0.142140053,-0.176208881,-0.098230533,-0.311126922,0.766847767,0.323242267,-0.085740996,-0.495418454,0.638409672
3812,-0.061110919,0.614306045,-0.142140053,-0.176022844,-0.098230533,-0.311126922,0.766847767,0.323242267,-0.085740996,-0.495418454,0.638409672
3813,0.076489355,0.614306045,-0.142140053,-0.175844892,-0.098230533,-0.311126922,0.766847767,0.323242267,-0.085740996,-0.287596201,0.475905898
3814,0.076489355,0.614306045,-0.142140053,-0.175671594,-0.098230533,-0.311126922,0.766847767,0.323242267,-0.085740996,-0.287596201,0.475905898
3815,0.076489355,0.614306045,-0.142140053,-0.175492463,-0.098230533,-0.311126922,0.766847767,0.323242267,-0.085740996,-0.287596201,0.475905898
3816,0.076489355,0.614306045,-0.142140053,-0.175310402,-0.098230533,-0.311126922,0.766847767,0.323242267,-0.085740996,-0.287596201,0.475905898
3817,0.076489355,0.614306045,-0.142140053,-0.175128575,-0.098230533,-0.311126922,0.766847767,0.323242267,-0.085740996,-0.287596201,0.475905898
3818,0.076489355,0.614306045,-0.142140053,-0.1749466,-0.098230533,-0.311126922,0.766847767,0.323242267,-0.085740996,-0.287596201,0.475905898
3819,0.214089628,0.614306045,-0.142140053,-0.174763023,-0.098230533,-0.311126922,0.766847767,0.323242267,-0.085740996,-0.225276461,1.088460372
3820,0.214089628,0.614306045,-0.142140053,-0.174584251,-0.098230533,-0.311126922,0.766847767,0.323242267,-0.085740996,-0.225276461,1.088460372
3821,0.214089628,0.614306045,-0.142140053,-0.174380344,-0.098230533,-0.311126922,0.766847767,0.323242267,-0.085740996,-0.225276461,1.088460372
3822,0.214089628,0.614306045,-0.142140053,-0.17422655,-0.098230533,-0.311126922,0.766847767,0.323242267,-0.085740996,-0.225276461,1.088460372
3823,0.214089628,0.614306045,-0.142140053,-0.174037997,-0.098230533,-0.311126922,0.766847767,0.323242267,-0.085740996,-0.225276461,1.088460372
3824,0.214089628,0.614306045,-0.142140053,-0.173863118,-0.098230533,-0.311126922,0.766847767,0.323242267,-0.085740996,-0.225276461,1.088460372
3825,0.351689901,0.614306045,-0.142140053,-0.173680851,-0.098230533,-0.311126922,0.766847767,0.323242267,-0.085740996,-0.38205907,-0.893572516
3826,0.351689901,0.614306045,-0.142140053,-0.17350117,-0.098230533,-0.311126922,0.766847767,0.323242267,-0.085740996,-0.38205907,-0.893572516
3827,0.351689901,0.614306045,-0.142140053,-0.173319804,-0.098230533,-0.311126922,0.766847767,0.323242267,-0.085740996,-0.38205907,-0.893572516
3828,0.351689901,0.614306045,-0.142140053,-0.173140818,-0.098230533,-0.311126922,0.766847767,0.323242267,-0.085740996,-0.38205907,-0.893572516
3829,0.351689901,0.614306045,-0.142140053,-0.172949524,-0.098230533,-0.311126922,0.766847767,0.323242267,-0.085740996,-0.38205907,-0.893572516
3830,0.351689901,0.614306045,-0.142140053,-0.17278575,-0.098230533,-0.311126922,0.766847767,0.323242267,-0.085740996,-0.38205907,-0.893572516
3831,0.489290174,0.614306045,-0.142140053,-0.172600107,-0.098230533,-0.311126922,0.766847767,0.323242267,-0.085740996,-0.300630395,-0.842633605
3832,0.489290174,0.614306045,-0.142140053,-0.172411423,-0.098230533,-0.311126922,0.766847767,0.323242267,-0.085740996,-0.300630395,-0.842633605
3833,0.489290174,0.614306045,-0.142140053,-0.172241168,-0.098230533,-0.311126922,0.766847767,0.323242267,-0.085740996,-0.300630395,-0.842633605
3834,0.489290174,0.614306045,-0.142140053,-0.172054558,-0.098230533,-0.311126922,0.766847767,0.323242267,-0.085740996,-0.300630395,-0.842633605
3835,0.489290174,0.614306045,-0.142140053,-0.171872453,-0.098230533,-0.311126922,0.766847767,0.323242267,-0.085740996,-0.300630395,-0.842633605
3836,0.489290174,0.614306045,-0.142140053,-0.171675665,-0.098230533,-0.311126922,0.766847767,0.323242267,-0.085740996,-0.300630395,-0.842633605
3837,0.626890448,0.614306045,-0.142140053,-0.17150763,-0.098230533,-0.311126922,0.766847767,0.323242267,-0.085740996,-0.451371112,1.184507192
3838,0.626890448,0.614306045,-0.142140053,-0.17132627,-0.098230533,-0.311126922,0.766847767,0.323242267,-0.085740996,-0.451371112,1.184507192
3839,0.626890448,0.614306045,-0.142140053,-0.17114489,-0.098230533,-0.311126922,0.766847767,0.323242267,-0.085740996,-0.451371112,1.184507192
3840,0.626890448,0.614306045,-0.142140053,-0.170966124,-0.098230533,-0.311126922,0.766847767,0.323242267,-0.085740996,-0.451371112,1.184507192
3841,0.626890448,0.614306045,-0.142140053,-0.170789822,-0.098230533,-0.311126922,0.766847767,0.323242267,-0.085740996,-0.451371112,1.184507192
3842,0.626890448,0.614306045,-0.142140053,-0.17061302,-0.098230533,-0.311126922,0.766847767,0.323242267,-0.085740996,-0.451371112,1.184507192
3843,0.764490721,0.614306045,-0.142140053,-0.170430242,-0.098230533,-0.311126922,0.766847767,0.323242267,-0.085740996,-0.468185485,0.025426383
3844,0.764490721,0.614306045,-0.142140053,-0.170241176,-0.098230533,-0.311126922,0.766847767,0.323242267,-0.085740996,-0.468185485,0.025426383
3845,0.764490721,0.614306045,-0.142140053,-0.170066546,-0.098230533,-0.311126922,0.766847767,0.323242267,-0.085740996,-0.468185485,0.025426383
3846,0.764490721,0.614306045,-0.142140053,-0.169869032,-0.098230533,-0.311126922,0.766847767,0.323242267,-0.085740996,-0.468185485,0.025426383
3847,0.764490721,0.614306045,-0.142140053,-0.169699612,-0.098230533,-0.311126922,0.766847767,0.323242267,-0.085740996,-0.468185485,0.025426383
3848,0.764490721,0.614306045,-0.142140053,-0.169527573,-0.098230533,-0.311126922,0.766847767,0.323242267,-0.085740996,-0.468185485,0.025426383
3849,0.902090994,0.614306045,-0.142140053,-0.169341311,-0.098230533,-0.311126922,0.766847767,0.323242267,-0.085740996,-0.632213985,0.499142058
3850,0.902090994,0.614306045,-0.142140053,-0.169164765,-0.098230533,-0.311126922,0.766847767,0.323242267,-0.085740996,-0.632213985,0.499142058
3851,0.902090994,0.614306045,-0.142140053,-0.168981149,-0.098230533,-0.311126922,0.766847767,0.323242267,-0.085740996,-0.632213985,0.499142058
3852,0.902090994,0.614306045,-0.142140053,-0.168788136,-0.098230533,-0.311126922,0.766847767,0.323242267,-0.085740996,-0.632213985,0.499142058
3853,0.902090994,0.614306045,-0.142140053,-0.168621907,-0.098230533,-0.311126922,0.766847767,0.323242267,-0.085740996,-0.632213985,0.499142058
3854,0.902090994,0.614306045,-0.142140053,-0.168442131,-0.098230533,-0.311126922,0.766847767,0.323242267,-0.085740996,-0.632213985,0.499142058
3855,1.039691268,0.614306045,-0.142140053,-0.168251721,-0.098230533,-0.311126922,0.766847767,0.323242267,-0.085740996,-0.765245104,0.349325381
3856,1.039691268,0.614306045,-0.142140053,-0.168069404,-0.098230533,-0.311126922,0.766847767,0.323242267,-0.085740996,-0.765245104,0.349325381
3857,1.039691268,0.614306045,-0.142140053,-0.167890434,-0.098230533,-0.311126922,0.766847767,0.323242267,-0.085740996,-0.765245104,0.349325381
3858,1.039691268,0.614306045,-0.142140053,-0.167709776,-0.098230533,-0.311126922,0.766847767,0.323242267,-0.085740996,-0.765245104,0.349325381
3859,1.039691268,0.614306045,-0.142140053,-0.167536591,-0.098230533,-0.311126922,0.766847767,0.323242267,-0.085740996,-0.765245104,0.349325381
3860,1.039691268,0.614306045,-0.142140053,-0.167353071,-0.098230533,-0.311126922,0.766847767,0.323242267,-0.085740996,-0.765245104,0.349325381
3861,1.177291541,0.614306045,-0.142140053,-0.167160059,-0.098230533,-0.311126922,0.766847767,0.323242267,-0.085740996,-0.722577389,1.870105675
3862,1.177291541,0.614306045,-0.142140053,-0.166986131,-0.098230533,-0.311126922,0.766847767,0.323242267,-0.085740996,-0.722577389,1.870105675
3863,1.177291541,0.614306045,-0.142140053,-0.166814914,-0.098230533,-0.311126922,0.766847767,0.323242267,-0.085740996,-0.722577389,1.870105675
3864,1.177291541,0.614306045,-0.142140053,-0.166629133,-0.098230533,-0.311126922,0.766847767,0.323242267,-0.085740996,-0.722577389,1.870105675
3865,1.177291541,0.614306045,-0.142140053,-0.166441102,-0.098230533,-0.311126922,0.766847767,0.323242267,-0.085740996,-0.722577389,1.870105675
3866,1.177291541,0.614306045,-0.142140053,-0.166270642,-0.098230533,-0.311126922,0.766847767,0.323242267,-0.085740996,-0.722577389,1.870105675
3867,1.314891814,0.614306045,-0.142140053,-0.166075027,-0.098230533,-0.311126922,0.766847767,0.323242267,-0.085740996,-0.602593604,-1.581531403
3868,1.314891814,0.614306045,-0.142140053,-0.165909828,-0.098230533,-0.311126922,0.766847767,0.323242267,-0.085740996,-0.602593604,-1.581531403
3869,1.314891814,0.614306045,-0.142140053,-0.165722631,-0.098230533,-0.311126922,0.766847767,0.323242267,-0.085740996,-0.602593604,-1.581531403
3870,1.314891814,0.614306045,-0.142140053,-0.16555098,-0.098230533,-0.311126922,0.766847767,0.323242267,-0.085740996,-0.602593604,-1.581531403
3871,1.314891814,0.614306045,-0.142140053,-0.165346158,-0.098230533,-0.311126922,0.766847767,0.323242267,-0.085740996,-0.602593604,-1.581531403
3872,1.314891814,0.614306045,-0.142140053,-0.165191546,-0.098230533,-0.311126922,0.766847767,0.323242267,-0.085740996,-0.602593604,-1.581531403
3873,1.452492087,0.614306045,-0.142140053,-0.16500164,-0.098230533,-0.311126922,0.766847767,0.323242267,-0.085740996,-0.547299014,1.574273455
3874,1.452492087,0.614306045,-0.142140053,-0.16482214,-0.098230533,-0.311126922,0.766847767,0.323242267,-0.085740996,-0.547299014,1.574273455
3875,1.452492087,0.614306045,-0.142140053,-0.164638501,-0.098230533,-0.311126922,0.766847767,0.323242267,-0.085740996,-0.547299014,1.574273455
3876,1.452492087,0.614306045,-0.142140053,-0.164466638,-0.098230533,-0.311126922,0.766847767,0.323242267,-0.085740996,-0.547299014,1.574273455
3877,1.452492087,0.614306045,-0.142140053,-0.164279385,-0.098230533,-0.311126922,0.766847767,0.323242267,-0.085740996,-0.547299014,1.574273455
3878,1.452492087,0.614306045,-0.142140053,-0.164102275,-0.098230533,-0.311126922,0.766847767,0.323242267,-0.085740996,-0.547299014,1.574273455
3879,1.590092361,0.614306045,-0.142140053,-0.163915353,-0.098230533,-0.311126922,0.766847767,0.323242267,-0.085740996,-0.28553552,0.188402896
3880,1.590092361,0.614306045,-0.142140053,-0.16373583,-0.098230533,-0.311126922,0.766847767,0.323242267,-0.085740996,-0.28553552,0.188402896
3881,1.590092361,0.614306045,-0.142140053,-0.163551259,-0.098230533,-0.311126922,0.766847767,0.323242267,-0.085740996,-0.28553552,0.188402896
3882,1.590092361,0.614306045,-0.142140053,-0.163377187,-0.098230533,-0.311126922,0.766847767,0.323242267,-0.085740996,-0.28553552,0.188402896
3883,1.590092361,0.614306045,-0.142140053,-0.163197722,-0.098230533,-0.311126922,0.766847767,0.323242267,-0.085740996,-0.28553552,0.188402896
3884,1.590092361,-1.627853101,7.035314646,-0.181082882,-0.090112877,-0.311126922,0.766847767,0.323242267,-0.085740996,-0.28553552,0.188402896
3885,1.590092361,-1.627853101,-0.142140053,-0.180893914,-0.090112877,-0.311126922,0.766847767,0.323242267,-0.085740996,-0.28553552,0.188402896
3886,1.590092361,-1.627853101,-0.142140053,-0.1806946,-0.090112877,-0.311126922,0.766847767,0.323242267,-0.085740996,-0.28553552,0.188402896
3887,1.590092361,-1.627853101,-0.142140053,-0.180535822,-0.090112877,-0.311126922,0.766847767,0.323242267,-0.085740996,-0.28553552,0.188402896
3888,1.590092361,-1.627853101,-0.142140053,-0.180364637,-0.090112877,-0.311126922,0.766847767,0.323242267,-0.085740996,-0.28553552,0.188402896
3889,0.489290174,-1.627853101,-0.142140053,-0.180170947,-0.090112877,-0.311126922,0.766847767,0.323242267,-0.085740996,-0.300630395,-0.842633605
3890,0.489290174,-1.627853101,-0.142140053,-0.180001499,-0.090112877,-0.311126922,0.766847767,0.323242267,-0.085740996,-0.300630395,-0.842633605
3891,0.489290174,-1.627853101,-0.142140053,-0.179769742,-0.090112877,-0.311126922,0.766847767,0.323242267,-0.085740996,-0.300630395,-0.842633605
3892,0.489290174,-1.627853101,-0.142140053,-0.179430295,-0.090112877,-0.311126922,0.766847767,0.323242267,-0.085740996,-0.300630395,-0.842633605
3893,0.489290174,-1.627853101,-0.142140053,-0.179271217,-0.090112877,-0.311126922,0.766847767,0.323242267,-0.085740996,-0.300630395,-0.842633605
3894,0.489290174,-1.627853101,-0.142140053,-0.179094376,-0.090112877,-0.311126922,0.766847767,0.323242267,-0.085740996,-0.300630395,-0.842633605
3895,-0.611512012,-1.627853101,-0.142140053,-0.178913504,-0.090112877,-0.311126922,0.766847767,0.323242267,-0.085740996,-0.141224304,-0.804030394
3896,-0.611512012,0.614306045,7.035314646,-0.181082882,-0.090112877,-0.304168986,0.766847767,0.323242267,-0.085740996,-0.141224304,-0.804030394
3897,-0.611512012,0.614306045,-0.142140053,-0.180896764,-0.090112877,-0.304168986,0.766847767,0.323242267,-0.085740996,-0.141224304,-0.804030394
3898,-0.611512012,0.614306045,-0.142140053,-0.180740632,-0.090112877,-0.304168986,0.766847767,0.323242267,-0.085740996,-0.141224304,-0.804030394
3899,-0.611512012,0.614306045,-0.142140053,-0.180571349,-0.090112877,-0.304168986,0.766847767,0.323242267,-0.085740996,-0.141224304,-0.804030394
3900,-0.611512012,0.614306045,-0.142140053,-0.180395744,-0.090112877,-0.304168986,0.766847767,0.323242267,-0.085740996,-0.141224304,-0.804030394
3901,-0.473911739,0.614306045,-0.142140053,-0.180213422,-0.090112877,-0.304168986,0.766847767,0.323242267,-0.085740996,-0.305089,-1.099685818
3902,-0.473911739,0.614306045,-0.142140053,-0.180037406,-0.090112877,-0.304168986,0.766847767,0.323242267,-0.085740996,-0.305089,-1.099685818
3903,-0.473911739,0.614306045,-0.142140053,-0.179840515,-0.090112877,-0.304168986,0.766847767,0.323242267,-0.085740996,-0.305089,-1.099685818
3904,-0.473911739,0.614306045,-0.142140053,-0.179672606,-0.090112877,-0.304168986,0.766847767,0.323242267,-0.085740996,-0.305089,-1.099685818
3905,-0.473911739,0.614306045,-0.142140053,-0.179464498,-0.090112877,-0.304168986,0.766847767,0.323242267,-0.085740996,-0.305089,-1.099685818
3906,-0.473911739,0.614306045,-0.142140053,-0.179304645,-0.090112877,-0.304168986,0.766847767,0.323242267,-0.085740996,-0.305089,-1.099685818
3907,-0.336311465,0.614306045,-0.142140053,-0.179128492,-0.090112877,-0.304168986,0.766847767,0.323242267,-0.085740996,-0.182551809,-1.556837493
3908,-0.336311465,0.614306045,-0.142140053,-0.178941259,-0.090112877,-0.304168986,0.766847767,0.323242267,-0.085740996,-0.182551809,-1.556837493
3909,-0.336311465,0.614306045,-0.142140053,-0.178772343,-0.090112877,-0.304168986,0.766847767,0.323242267,-0.085740996,-0.182551809,-1.556837493
3910,-0.336311465,0.614306045,-0.142140053,-0.178586064,-0.090112877,-0.304168986,0.766847767,0.323242267,-0.085740996,-0.182551809,-1.556837493
3911,-0.336311465,0.614306045,-0.142140053,-0.178405504,-0.090112877,-0.304168986,0.766847767,0.323242267,-0.085740996,-0.182551809,-1.556837493
3912,-0.336311465,0.614306045,-0.142140053,-0.178222295,-0.090112877,-0.304168986,0.766847767,0.323242267,-0.085740996,-0.182551809,-1.556837493
3913,-0.198711192,0.614306045,-0.142140053,-0.178032599,-0.090112877,-0.304168986,0.766847767,0.323242267,-0.085740996,-0.313471879,0.528647917
3914,-0.198711192,0.614306045,-0.142140053,-0.17785,-0.090112877,-0.304168986,0.766847767,0.323242267,-0.085740996,-0.313471879,0.528647917
3915,-0.198711192,0.614306045,-0.142140053,-0.17768618,-0.090112877,-0.304168986,0.766847767,0.323242267,-0.085740996,-0.313471879,0.528647917
3916,-0.198711192,0.614306045,-0.142140053,-0.177502286,-0.090112877,-0.304168986,0.766847767,0.323242267,-0.085740996,-0.313471879,0.528647917
3917,-0.198711192,0.614306045,-0.142140053,-0.177316769,-0.090112877,-0.304168986,0.766847767,0.323242267,-0.085740996,-0.313471879,0.528647917
3918,-0.198711192,0.614306045,-0.142140053,-0.17713797,-0.090112877,-0.304168986,0.766847767,0.323242267,-0.085740996,-0.313471879,0.528647917
3919,-0.061110919,0.614306045,-0.142140053,-0.176957807,-0.090112877,-0.304168986,0.766847767,0.323242267,-0.085740996,-0.495418454,0.638409672
3920,-0.061110919,0.614306045,-0.142140053,-0.176769486,-0.090112877,-0.304168986,0.766847767,0.323242267,-0.085740996,-0.495418454,0.638409672
3921,-0.061110919,0.614306045,-0.142140053,-0.176596188,-0.090112877,-0.304168986,0.766847767,0.323242267,-0.085740996,-0.495418454,0.638409672
3922,-0.061110919,0.614306045,-0.142140053,-0.176408166,-0.090112877,-0.304168986,0.766847767,0.323242267,-0.085740996,-0.495418454,0.638409672
3923,-0.061110919,0.614306045,-0.142140053,-0.176235651,-0.090112877,-0.304168986,0.766847767,0.323242267,-0.085740996,-0.495418454,0.638409672
3924,-0.061110919,0.614306045,-0.142140053,-0.176054159,-0.090112877,-0.304168986,0.766847767,0.323242267,-0.085740996,-0.495418454,0.638409672
3925,0.076489355,0.614306045,-0.142140053,-0.175864819,-0.090112877,-0.304168986,0.766847767,0.323242267,-0.085740996,-0.287596201,0.475905898
3926,0.076489355,0.614306045,-0.142140053,-0.175688662,-0.090112877,-0.304168986,0.766847767,0.323242267,-0.085740996,-0.287596201,0.475905898
3927,0.076489355,0.614306045,-0.142140053,-0.175507809,-0.090112877,-0.304168986,0.766847767,0.323242267,-0.085740996,-0.287596201,0.475905898
3928,0.076489355,0.614306045,-0.142140053,-0.175332119,-0.090112877,-0.304168986,0.766847767,0.323242267,-0.085740996,-0.287596201,0.475905898
3929,0.076489355,0.614306045,-0.142140053,-0.175147211,-0.090112877,-0.304168986,0.766847767,0.323242267,-0.085740996,-0.287596201,0.475905898
3930,0.076489355,0.614306045,-0.142140053,-0.174960904,-0.090112877,-0.304168986,0.766847767,0.323242267,-0.085740996,-0.287596201,0.475905898
3931,0.214089628,0.614306045,-0.142140053,-0.17479365,-0.090112877,-0.304168986,0.766847767,0.323242267,-0.085740996,-0.225276461,1.088460372
3932,0.214089628,0.614306045,-0.142140053,-0.174597531,-0.090112877,-0.304168986,0.766847767,0.323242267,-0.085740996,-0.225276461,1.088460372
3933,0.214089628,0.614306045,-0.142140053,-0.174428599,-0.090112877,-0.304168986,0.766847767,0.323242267,-0.085740996,-0.225276461,1.088460372
3934,0.214089628,0.614306045,-0.142140053,-0.174245867,-0.090112877,-0.304168986,0.766847767,0.323242267,-0.085740996,-0.225276461,1.088460372
3935,0.214089628,0.614306045,-0.142140053,-0.174058971,-0.090112877,-0.304168986,0.766847767,0.323242267,-0.085740996,-0.225276461,1.088460372
3936,0.214089628,0.614306045,-0.142140053,-0.173882938,-0.090112877,-0.304168986,0.766847767,0.323242267,-0.085740996,-0.225276461,1.088460372
3937,0.351689901,0.614306045,-0.142140053,-0.173697215,-0.090112877,-0.304168986,0.766847767,0.323242267,-0.085740996,-0.38205907,-0.893572516
3938,0.351689901,0.614306045,-0.142140053,-0.173520467,-0.090112877,-0.304168986,0.766847767,0.323242267,-0.085740996,-0.38205907,-0.893572516
3939,0.351689901,0.614306045,-0.142140053,-0.173347848,-0.090112877,-0.304168986,0.766847767,0.323242267,-0.085740996,-0.38205907,-0.893572516
3940,0.351689901,0.614306045,-0.142140053,-0.173138911,-0.090112877,-0.304168986,0.766847767,0.323242267,-0.085740996,-0.38205907,-0.893572516
3941,0.351689901,0.614306045,-0.142140053,-0.172973406,-0.090112877,-0.304168986,0.766847767,0.323242267,-0.085740996,-0.38205907,-0.893572516
3942,0.351689901,0.614306045,-0.142140053,-0.172789911,-0.090112877,-0.304168986,0.766847767,0.323242267,-0.085740996,-0.38205907,-0.893572516
3943,0.489290174,0.614306045,-0.142140053,-0.172607084,-0.090112877,-0.304168986,0.766847767,0.323242267,-0.085740996,-0.300630395,-0.842633605
3944,0.489290174,0.614306045,-0.142140053,-0.172441875,-0.090112877,-0.304168986,0.766847767,0.323242267,-0.085740996,-0.300630395,-0.842633605
3945,0.489290174,0.614306045,-0.142140053,-0.172231851,-0.090112877,-0.304168986,0.766847767,0.323242267,-0.085740996,-0.300630395,-0.842633605
3946,0.489290174,0.614306045,-0.142140053,-0.172068659,-0.090112877,-0.304168986,0.766847767,0.323242267,-0.085740996,-0.300630395,-0.842633605
3947,0.489290174,0.614306045,-0.142140053,-0.171882884,-0.090112877,-0.304168986,0.766847767,0.323242267,-0.085740996,-0.300630395,-0.842633605
3948,0.489290174,0.614306045,-0.142140053,-0.171706814,-0.090112877,-0.304168986,0.766847767,0.323242267,-0.085740996,-0.300630395,-0.842633605
3949,0.626890448,0.614306045,-0.142140053,-0.171525251,-0.090112877,-0.304168986,0.766847767,0.323242267,-0.085740996,-0.451371112,1.184507192
3950,0.626890448,0.614306045,-0.142140053,-0.171330471,-0.090112877,-0.304168986,0.766847767,0.323242267,-0.085740996,-0.451371112,1.184507192
3951,0.626890448,0.614306045,-0.142140053,-0.171154107,-0.090112877,-0.304168986,0.766847767,0.323242267,-0.085740996,-0.451371112,1.184507192
3952,0.626890448,0.614306045,-0.142140053,-0.170997193,-0.090112877,-0.304168986,0.766847767,0.323242267,-0.085740996,-0.451371112,1.184507192
3953,0.626890448,0.614306045,-0.142140053,-0.170812675,-0.090112877,-0.304168986,0.766847767,0.323242267,1.560202687,-0.451371112,1.184507192
3954,0.626890448,0.614306045,-0.142140053,-0.170626647,-0.090112877,-0.304168986,0.766847767,0.323242267,1.560202687,-0.451371112,1.184507192
3955,0.626890448,0.614306045,-0.142140053,-0.170419673,-0.090112877,-0.304168986,0.766847767,0.323242267,1.560202687,-0.451371112,1.184507192
3956,0.626890448,0.614306045,-0.142140053,-0.170268446,-0.090112877,-0.304168986,0.766847767,0.323242267,1.560202687,-0.451371112,1.184507192
3957,0.764490721,0.614306045,-0.142140053,-0.170086789,-0.090112877,-0.304168986,0.766847767,0.323242267,1.560202687,-0.468185485,0.025426383
3958,0.764490721,0.614306045,-0.142140053,-0.169907084,-0.090112877,-0.304168986,0.766847767,0.323242267,1.560202687,-0.468185485,0.025426383
3959,0.764490721,0.614306045,-0.142140053,-0.169722024,-0.090112877,-0.304168986,0.766847767,0.323242267,1.560202687,-0.468185485,0.025426383
3960,0.764490721,0.614306045,-0.142140053,-0.169549856,-0.090112877,-0.304168986,0.766847767,0.323242267,1.560202687,-0.468185485,0.025426383
3961,0.764490721,0.614306045,-0.142140053,-0.169367677,-0.090112877,-0.304168986,0.766847767,0.323242267,1.560202687,-0.468185485,0.025426383
3962,0.764490721,0.614306045,-0.142140053,-0.169185579,-0.090112877,-0.304168986,0.766847767,0.323242267,1.560202687,-0.468185485,0.025426383
3963,0.764490721,0.614306045,-0.142140053,-0.168985954,-0.090112877,-0.304168986,0.766847767,0.323242267,1.560202687,-0.468185485,0.025426383
3964,0.764490721,0.614306045,-0.142140053,-0.168825165,-0.090112877,-0.304168986,0.766847767,0.323242267,1.560202687,-0.468185485,0.025426383
3965,0.902090994,0.614306045,-0.142140053,-0.168634689,-0.090112877,-0.304168986,0.766847767,0.323242267,1.560202687,-0.632213985,0.499142058
3966,0.902090994,0.614306045,-0.142140053,-0.168461712,-0.090112877,-0.304168986,0.766847767,0.323242267,1.560202687,-0.632213985,0.499142058
3967,0.902090994,0.614306045,-0.142140053,-0.1682648,-0.090112877,-0.304168986,0.766847767,0.323242267,1.560202687,-0.632213985,0.499142058
3968,0.902090994,0.614306045,-0.142140053,-0.168099858,-0.090112877,-0.304168986,0.766847767,0.323242267,1.560202687,-0.632213985,0.499142058
3969,0.902090994,0.614306045,-0.142140053,-0.167905896,-0.090112877,-0.304168986,0.766847767,0.323242267,1.560202687,-0.632213985,0.499142058
3970,0.902090994,0.614306045,-0.142140053,-0.16773888,-0.090112877,-0.304168986,0.766847767,0.323242267,1.560202687,-0.632213985,0.499142058
3971,0.902090994,0.614306045,-0.142140053,-0.167547806,-0.090112877,-0.304168986,0.766847767,0.323242267,1.560202687,-0.632213985,0.499142058
3972,0.902090994,0.614306045,-0.142140053,-0.16737576,-0.090112877,-0.304168986,0.766847767,0.323242267,1.560202687,-0.632213985,0.499142058
3973,1.039691268,0.614306045,-0.142140053,-0.167187698,-0.090112877,-0.304168986,0.766847767,0.323242267,1.560202687,-0.765245104,0.349325381
3974,1.039691268,0.614306045,-0.142140053,-0.167008862,-0.090112877,-0.304168986,0.766847767,0.323242267,1.560202687,-0.765245104,0.349325381
3975,1.039691268,0.614306045,-0.142140053,-0.166832718,-0.090112877,-0.304168986,0.766847767,0.323242267,1.560202687,-0.765245104,0.349325381
3976,1.039691268,0.614306045,-0.142140053,-0.166650967,-0.090112877,-0.304168986,0.766847767,0.323242267,1.560202687,-0.765245104,0.349325381
3977,1.039691268,0.614306045,-0.142140053,-0.166469932,-0.090112877,-0.304168986,0.766847767,0.323242267,1.560202687,-0.765245104,0.349325381
3978,1.039691268,0.614306045,-0.142140053,-0.16628005,-0.090112877,-0.304168986,0.766847767,0.323242267,1.560202687,-0.765245104,0.349325381
3979,1.039691268,0.614306045,-0.142140053,-0.166102524,-0.090112877,-0.304168986,0.766847767,0.323242267,1.560202687,-0.765245104,0.349325381
3980,1.039691268,0.614306045,-0.142140053,-0.165927236,-0.090112877,-0.304168986,0.766847767,0.323242267,1.560202687,-0.765245104,0.349325381
3981,1.177291541,0.614306045,-0.142140053,-0.165742944,-0.090112877,-0.304168986,0.766847767,0.323242267,1.560202687,-0.722577389,1.870105675
3982,1.177291541,0.614306045,-0.142140053,-0.165570046,-0.090112877,-0.304168986,0.766847767,0.323242267,1.560202687,-0.722577389,1.870105675
3983,1.177291541,0.614306045,-0.142140053,-0.165384154,-0.090112877,-0.304168986,0.766847767,0.323242267,1.560202687,-0.722577389,1.870105675
3984,1.177291541,0.614306045,-0.142140053,-0.1652037,-0.090112877,-0.304168986,0.766847767,0.323242267,1.560202687,-0.722577389,1.870105675
3985,1.177291541,0.614306045,-0.142140053,-0.165021627,-0.090112877,-0.304168986,0.766847767,0.323242267,1.560202687,-0.722577389,1.870105675
3986,1.177291541,0.614306045,-0.142140053,-0.164835958,-0.090112877,-0.304168986,0.766847767,0.323242267,1.560202687,-0.722577389,1.870105675
3987,1.177291541,0.614306045,-0.142140053,-0.164656851,-0.090112877,-0.304168986,0.766847767,0.323242267,1.560202687,-0.722577389,1.870105675
3988,1.177291541,0.614306045,-0.142140053,-0.16447015,-0.090112877,-0.304168986,0.766847767,0.323242267,1.560202687,-0.722577389,1.870105675
3989,1.314891814,0.614306045,-0.142140053,-0.164302572,-0.090112877,-0.304168986,0.766847767,0.323242267,1.560202687,-0.602593604,-1.581531403
3990,1.314891814,0.614306045,-0.142140053,-0.164108743,-0.090112877,-0.304168986,0.766847767,0.323242267,1.560202687,-0.602593604,-1.581531403
3991,1.314891814,0.614306045,-0.142140053,-0.163939882,-0.090112877,-0.304168986,0.766847767,0.323242267,1.560202687,-0.602593604,-1.581531403
3992,1.314891814,0.614306045,-0.142140053,-0.163754272,-0.090112877,-0.304168986,0.766847767,0.323242267,1.560202687,-0.602593604,-1.581531403
3993,1.314891814,0.614306045,-0.142140053,-0.163570644,-0.090112877,-0.304168986,0.766847767,0.323242267,1.560202687,-0.602593604,-1.581531403
3994,1.314891814,0.614306045,-0.142140053,-0.163397944,-0.090112877,-0.304168986,0.766847767,0.323242267,1.560202687,-0.602593604,-1.581531403
3995,1.314891814,0.614306045,-0.142140053,-0.163202659,-0.090112877,-0.304168986,0.766847767,0.323242267,1.560202687,-0.602593604,-1.581531403
3996,1.314891814,0.614306045,-0.142140053,-0.163008693,-0.090112877,-0.304168986,0.766847767,0.323242267,1.560202687,-0.602593604,-1.581531403
3997,1.452492087,0.614306045,-0.142140053,-0.162851863,-0.090112877,-0.304168986,0.766847767,0.323242267,1.560202687,-0.547299014,1.574273455
3998,1.452492087,0.614306045,-0.142140053,-0.16267116,-0.090112877,-0.304168986,0.766847767,0.323242267,1.560202687,-0.547299014,1.574273455
3999,1.452492087,0.614306045,-0.142140053,-0.162488812,-0.090112877,-0.304168986,0.766847767,0.323242267,1.560202687,-0.547299014,1.574273455
4000,1.452492087,0.614306045,-0.142140053,-0.162303686,-0.090112877,-0.304168986,0.766847767,0.323242267,1.560202687,-0.547299014,1.574273455
4001,1.452492087,0.614306045,-0.142140053,-0.162128414,-0.090112877,-0.304168986,0.766847767,0.323242267,1.560202687,-0.547299014,1.574273455
4002,1.452492087,0.614306045,-0.142140053,-0.161940234,-0.090112877,-0.304168986,0.766847767,0.323242267,1.560202687,-0.547299014,1.574273455
4003,1.452492087,0.614306045,-0.142140053,-0.161772704,-0.090112877,-0.304168986,0.766847767,0.323242267,1.560202687,-0.547299014,1.574273455
4004,1.452492087,0.614306045,-0.142140053,-0.161582984,-0.090112877,-0.304168986,0.766847767,0.323242267,1.560202687,-0.547299014,1.574273455
4005,1.590092361,0.614306045,-0.142140053,-0.161399134,-0.090112877,-0.304168986,0.766847767,0.323242267,1.560202687,-0.28553552,0.188402896
4006,1.590092361,0.614306045,-0.142140053,-0.161221594,-0.090112877,-0.304168986,0.766847767,0.323242267,1.560202687,-0.28553552,0.188402896
4007,1.590092361,0.614306045,-0.142140053,-0.161044615,-0.090112877,-0.304168986,0.766847767,0.323242267,1.560202687,-0.28553552,0.188402896
4008,1.590092361,0.614306045,-0.142140053,-0.1608658,-0.090112877,-0.304168986,0.766847767,0.323242267,1.560202687,-0.28553552,0.188402896
4009,1.590092361,0.614306045,-0.142140053,-0.160681886,-0.090112877,-0.304168986,0.766847767,0.323242267,1.560202687,-0.28553552,0.188402896
4010,1.590092361,0.614306045,-0.142140053,-0.160498605,-0.090112877,-0.304168986,0.766847767,0.323242267,1.560202687,-0.28553552,0.188402896
4011,1.590092361,-1.627853101,7.035314646,-0.181082882,-0.086994127,-0.304168986,0.766847767,0.323242267,1.560202687,-0.28553552,0.188402896
4012,1.590092361,-1.627853101,-0.142140053,-0.180898715,-0.086994127,-0.304168986,0.766847767,0.323242267,1.560202687,-0.28553552,0.188402896
4013,1.590092361,-1.627853101,-0.142140053,-0.180721171,-0.086994127,-0.304168986,0.766847767,0.323242267,1.560202687,-0.28553552,0.188402896
4014,1.590092361,-1.627853101,-0.142140053,-0.180544873,-0.086994127,-0.304168986,0.766847767,0.323242267,1.560202687,-0.28553552,0.188402896
4015,1.590092361,-1.627853101,-0.142140053,-0.180360886,-0.086994127,-0.304168986,0.766847767,0.323242267,1.560202687,-0.28553552,0.188402896
4016,1.590092361,-1.627853101,-0.142140053,-0.180178332,-0.086994127,-0.304168986,0.766847767,0.323242267,1.560202687,-0.28553552,0.188402896
4017,1.590092361,-1.627853101,-0.142140053,-0.180002841,-0.086994127,-0.304168986,0.766847767,0.323242267,1.560202687,-0.28553552,0.188402896
4018,-0.611512012,-1.627853101,-0.142140053,-0.179809769,-0.086994127,-0.304168986,0.766847767,0.323242267,1.560202687,-0.141224304,-0.804030394
4019,-0.611512012,-1.627853101,-0.142140053,-0.179627668,-0.086994127,-0.304168986,0.766847767,0.323242267,1.560202687,-0.141224304,-0.804030394
4020,-0.611512012,-1.627853101,-0.142140053,-0.179457241,-0.086994127,-0.304168986,0.766847767,0.323242267,1.560202687,-0.141224304,-0.804030394
4021,-0.611512012,-1.627853101,-0.142140053,-0.17926921,-0.086994127,-0.304168986,0.766847767,0.323242267,1.560202687,-0.141224304,-0.804030394
4022,-0.611512012,-1.627853101,-0.142140053,-0.179089653,-0.086994127,-0.304168986,0.766847767,0.323242267,1.560202687,-0.141224304,-0.804030394
4023,-0.611512012,-1.627853101,-0.142140053,-0.178900731,-0.086994127,-0.304168986,0.766847767,0.323242267,1.560202687,-0.141224304,-0.804030394
4024,-0.611512012,0.614306045,7.035314646,-0.181082882,-0.086994127,-0.307873726,0.766847767,0.323242267,1.560202687,-0.141224304,-0.804030394
4025,-0.611512012,0.614306045,-0.142140053,-0.180845121,-0.086994127,-0.307873726,0.766847767,0.323242267,1.560202687,-0.141224304,-0.804030394
4026,-0.611512012,0.614306045,-0.142140053,-0.18051737,-0.086994127,-0.307873726,0.766847767,0.323242267,1.560202687,-0.141224304,-0.804030394
4027,-0.611512012,0.614306045,-0.142140053,-0.180354289,-0.086994127,-0.307873726,0.766847767,0.323242267,1.560202687,-0.141224304,-0.804030394
4028,-0.611512012,0.614306045,-0.142140053,-0.180185854,-0.086994127,-0.307873726,0.766847767,0.323242267,1.560202687,-0.141224304,-0.804030394
4029,-0.611512012,0.614306045,-0.142140053,-0.179959694,-0.086994127,-0.307873726,0.766847767,0.323242267,1.560202687,-0.141224304,-0.804030394
4030,-0.611512012,0.614306045,-0.142140053,-0.179813333,-0.086994127,-0.307873726,0.766847767,0.323242267,1.560202687,-0.141224304,-0.804030394
4031,-0.473911739,0.614306045,-0.142140053,-0.179631778,-0.086994127,-0.307873726,0.766847767,0.323242267,1.560202687,-0.305089,-1.099685818
4032,-0.473911739,0.614306045,-0.142140053,-0.179443108,-0.086994127,-0.307873726,0.766847767,0.323242267,1.560202687,-0.305089,-1.099685818
4033,-0.473911739,0.614306045,-0.142140053,-0.179278521,-0.086994127,-0.307873726,0.766847767,0.323242267,1.560202687,-0.305089,-1.099685818
4034,-0.473911739,0.614306045,-0.142140053,-0.179074249,-0.086994127,-0.307873726,0.766847767,0.323242267,1.560202687,-0.305089,-1.099685818
4035,-0.473911739,0.614306045,-0.142140053,-0.178909125,-0.086994127,-0.307873726,0.766847767,0.323242267,1.560202687,-0.305089,-1.099685818
4036,-0.473911739,0.614306045,-0.142140053,-0.178735344,-0.086994127,-0.307873726,0.766847767,0.323242267,1.560202687,-0.305089,-1.099685818
4037,-0.473911739,0.614306045,-0.142140053,-0.178541595,-0.086994127,-0.307873726,0.766847767,0.323242267,1.560202687,-0.305089,-1.099685818
4038,-0.473911739,0.614306045,-0.142140053,-0.178363515,-0.086994127,-0.307873726,0.766847767,0.323242267,1.560202687,-0.305089,-1.099685818
4039,-0.336311465,0.614306045,-0.142140053,-0.178191507,-0.086994127,-0.307873726,0.766847767,0.323242267,1.560202687,-0.182551809,-1.556837493
4040,-0.336311465,0.614306045,-0.142140053,-0.178006657,-0.086994127,-0.307873726,0.766847767,0.323242267,1.560202687,-0.182551809,-1.556837493
4041,-0.336311465,0.614306045,-0.142140053,-0.177829409,-0.086994127,-0.307873726,0.766847767,0.323242267,1.560202687,-0.182551809,-1.556837493
4042,-0.336311465,0.614306045,-0.142140053,-0.177646721,-0.086994127,-0.307873726,0.766847767,0.323242267,1.560202687,-0.182551809,-1.556837493
4043,-0.336311465,0.614306045,-0.142140053,-0.177467018,-0.086994127,-0.307873726,0.766847767,0.323242267,1.560202687,-0.182551809,-1.556837493
4044,-0.336311465,0.614306045,-0.142140053,-0.177285705,-0.086994127,-0.307873726,0.766847767,0.323242267,1.560202687,-0.182551809,-1.556837493
4045,-0.336311465,0.614306045,-0.142140053,-0.177104905,-0.086994127,-0.307873726,0.766847767,0.323242267,1.560202687,-0.182551809,-1.556837493
4046,-0.336311465,0.614306045,-0.142140053,-0.176916397,-0.086994127,-0.307873726,0.766847767,0.323242267,1.560202687,-0.182551809,-1.556837493
4047,-0.198711192,0.614306045,-0.142140053,-0.176737707,-0.086994127,-0.307873726,0.766847767,0.323242267,1.560202687,-0.313471879,0.528647917
4048,-0.198711192,0.614306045,-0.142140053,-0.176566607,-0.086994127,-0.307873726,0.766847767,0.323242267,1.560202687,-0.313471879,0.528647917
4049,-0.198711192,0.614306045,-0.142140053,-0.1763789,-0.086994127,-0.307873726,0.766847767,0.323242267,1.560202687,-0.313471879,0.528647917
4050,-0.198711192,0.614306045,-0.142140053,-0.176194065,-0.086994127,-0.307873726,0.766847767,0.323242267,1.560202687,-0.313471879,0.528647917
4051,-0.198711192,0.614306045,-0.142140053,-0.176021932,-0.086994127,-0.307873726,0.766847767,0.323242267,1.560202687,-0.313471879,0.528647917
4052,-0.198711192,0.614306045,-0.142140053,-0.175832876,-0.086994127,-0.307873726,0.766847767,0.323242267,1.560202687,-0.313471879,0.528647917
4053,-0.198711192,0.614306045,-0.142140053,-0.175659394,-0.086994127,-0.307873726,0.766847767,0.323242267,1.560202687,-0.313471879,0.528647917
4054,-0.198711192,0.614306045,-0.142140053,-0.175472037,-0.086994127,-0.307873726,0.766847767,0.323242267,1.560202687,-0.313471879,0.528647917
4055,-0.061110919,0.614306045,-0.142140053,-0.175287049,-0.086994127,-0.307873726,0.766847767,0.323242267,1.560202687,-0.495418454,0.638409672
4056,-0.061110919,0.614306045,-0.142140053,-0.175112845,-0.086994127,-0.307873726,0.766847767,0.323242267,1.560202687,-0.495418454,0.638409672
4057,-0.061110919,0.614306045,-0.142140053,-0.174933946,-0.086994127,-0.307873726,0.766847767,0.323242267,1.560202687,-0.495418454,0.638409672
4058,-0.061110919,0.614306045,-0.142140053,-0.174752652,-0.086994127,-0.307873726,0.766847767,0.323242267,1.560202687,-0.495418454,0.638409672
4059,-0.061110919,0.614306045,-0.142140053,-0.174566998,-0.086994127,-0.307873726,0.766847767,0.323242267,1.560202687,-0.495418454,0.638409672
4060,-0.061110919,0.614306045,-0.142140053,-0.174388032,-0.086994127,-0.307873726,0.766847767,0.323242267,1.560202687,-0.495418454,0.638409672
4061,-0.061110919,0.614306045,-0.142140053,-0.174216134,-0.086994127,-0.307873726,0.766847767,0.323242267,1.560202687,-0.495418454,0.638409672
4062,-0.061110919,0.614306045,-0.142140053,-0.174033956,-0.086994127,-0.307873726,0.766847767,0.323242267,1.560202687,-0.495418454,0.638409672
4063,0.076489355,0.614306045,-0.142140053,-0.173837787,-0.086994127,-0.307873726,0.766847767,0.323242267,1.560202687,-0.287596201,0.475905898
4064,0.076489355,0.614306045,-0.142140053,-0.173672063,-0.086994127,-0.307873726,0.766847767,0.323242267,1.560202687,-0.287596201,0.475905898
4065,0.076489355,0.614306045,-0.142140053,-0.173485267,-0.086994127,-0.307873726,0.766847767,0.323242267,1.560202687,-0.287596201,0.475905898
4066,0.076489355,0.614306045,-0.142140053,-0.173300601,-0.086994127,-0.307873726,0.766847767,0.323242267,1.560202687,-0.287596201,0.475905898
4067,0.076489355,0.614306045,-0.142140053,-0.173123076,-0.086994127,-0.307873726,0.766847767,0.323242267,1.560202687,-0.287596201,0.475905898
4068,0.076489355,0.614306045,-0.142140053,-0.172950356,-0.086994127,-0.307873726,0.766847767,0.323242267,1.560202687,-0.287596201,0.475905898
4069,0.076489355,0.614306045,-0.142140053,-0.172764316,-0.086994127,-0.307873726,0.766847767,0.323242267,1.560202687,-0.287596201,0.475905898
4070,0.076489355,0.614306045,-0.142140053,-0.172572348,-0.086994127,-0.307873726,0.766847767,0.323242267,1.560202687,-0.287596201,0.475905898
4071,0.214089628,0.614306045,-0.142140053,-0.172401087,-0.086994127,-0.307873726,0.766847767,0.323242267,1.560202687,-0.225276461,1.088460372
4072,0.214089628,0.614306045,-0.142140053,-0.172217344,-0.086994127,-0.307873726,0.766847767,0.323242267,1.560202687,-0.225276461,1.088460372
4073,0.214089628,0.614306045,-0.142140053,-0.172037456,-0.086994127,-0.307873726,0.766847767,0.323242267,1.560202687,-0.225276461,1.088460372
4074,0.214089628,0.614306045,-0.142140053,-0.171864919,-0.086994127,-0.307873726,0.766847767,0.323242267,1.560202687,-0.225276461,1.088460372
4075,0.214089628,0.614306045,-0.142140053,-0.171680852,-0.086994127,-0.307873726,0.766847767,0.323242267,1.560202687,-0.225276461,1.088460372
4076,0.214089628,0.614306045,-0.142140053,-0.17149614,-0.086994127,-0.307873726,0.766847767,0.323242267,1.560202687,-0.225276461,1.088460372
4077,0.214089628,0.614306045,-0.142140053,-0.171313235,-0.086994127,-0.307873726,0.766847767,0.323242267,1.560202687,-0.225276461,1.088460372
4078,0.214089628,0.614306045,-0.142140053,-0.171139699,-0.086994127,-0.307873726,0.766847767,0.323242267,1.560202687,-0.225276461,1.088460372
4079,0.351689901,0.614306045,-0.142140053,-0.170946625,-0.086994127,-0.307873726,0.766847767,0.323242267,1.560202687,-0.38205907,-0.893572516
4080,0.351689901,0.614306045,-0.142140053,-0.170769456,-0.086994127,-0.307873726,0.766847767,0.323242267,1.560202687,-0.38205907,-0.893572516
4081,0.351689901,0.614306045,-0.142140053,-0.170594856,-0.086994127,-0.307873726,0.766847767,0.323242267,1.560202687,-0.38205907,-0.893572516
4082,0.351689901,0.614306045,-0.142140053,-0.170406179,-0.086994127,-0.307873726,0.766847767,0.323242267,1.560202687,-0.38205907,-0.893572516
4083,0.351689901,0.614306045,-0.142140053,-0.170232971,-0.086994127,-0.307873726,0.766847767,0.323242267,1.560202687,-0.38205907,-0.893572516
4084,0.351689901,0.614306045,-0.142140053,-0.170050169,-0.086994127,-0.307873726,0.766847767,0.323242267,1.560202687,-0.38205907,-0.893572516
4085,0.351689901,0.614306045,-0.142140053,-0.169866649,-0.086994127,-0.307873726,0.766847767,0.323242267,1.560202687,-0.38205907,-0.893572516
4086,0.351689901,0.614306045,-0.142140053,-0.169680615,-0.086994127,-0.307873726,0.766847767,0.323242267,1.560202687,-0.38205907,-0.893572516
4087,0.489290174,0.614306045,-0.142140053,-0.169496435,-0.086994127,-0.307873726,0.766847767,0.323242267,1.560202687,-0.300630395,-0.842633605
4088,0.489290174,0.614306045,-0.142140053,-0.169332684,-0.086994127,-0.307873726,0.766847767,0.323242267,1.560202687,-0.300630395,-0.842633605
4089,0.489290174,0.614306045,-0.142140053,-0.169146118,-0.086994127,-0.307873726,0.766847767,0.323242267,1.560202687,-0.300630395,-0.842633605
4090,0.489290174,0.614306045,-0.142140053,-0.168963481,-0.086994127,-0.307873726,0.766847767,0.323242267,1.560202687,-0.300630395,-0.842633605
4091,0.489290174,0.614306045,-0.142140053,-0.168782697,-0.086994127,-0.307873726,0.766847767,0.323242267,1.560202687,-0.300630395,-0.842633605
4092,0.489290174,0.614306045,-0.142140053,-0.168608312,-0.086994127,-0.307873726,0.766847767,0.323242267,1.560202687,-0.300630395,-0.842633605
4093,0.489290174,0.614306045,-0.142140053,-0.168420661,-0.086994127,-0.307873726,0.766847767,0.323242267,1.560202687,-0.300630395,-0.842633605
4094,0.489290174,0.614306045,-0.142140053,-0.16821462,-0.086994127,-0.307873726,0.766847767,0.323242267,1.560202687,-0.300630395,-0.842633605
4095,0.626890448,0.614306045,-0.142140053,-0.168050152,-0.086994127,-0.307873726,0.766847767,0.323242267,1.560202687,-0.451371112,1.184507192
4096,0.626890448,0.614306045,-0.142140053,-0.167878322,-0.086994127,-0.307873726,0.766847767,0.323242267,1.560202687,-0.451371112,1.184507192
4097,0.626890448,0.614306045,-0.142140053,-0.167700344,-0.086994127,-0.307873726,0.766847767,0.323242267,1.560202687,-0.451371112,1.184507192
4098,0.626890448,0.614306045,-0.142140053,-0.167512879,-0.086994127,-0.307873726,0.766847767,0.323242267,1.560202687,-0.451371112,1.184507192
4099,0.626890448,0.614306045,-0.142140053,-0.167309391,-0.086994127,-0.307873726,0.766847767,0.323242267,1.560202687,-0.451371112,1.184507192
4100,0.626890448,0.614306045,-0.142140053,-0.167161399,-0.086994127,-0.307873726,0.766847767,0.323242267,1.560202687,-0.451371112,1.184507192
4101,0.626890448,0.614306045,-0.142140053,-0.166978193,-0.086994127,-0.307873726,0.766847767,0.323242267,1.560202687,-0.451371112,1.184507192
4102,0.626890448,0.614306045,-0.142140053,-0.1667919,-0.086994127,-0.307873726,0.766847767,0.323242267,1.560202687,-0.451371112,1.184507192
4103,0.764490721,0.614306045,-0.142140053,-0.166609906,-0.086994127,-0.307873726,0.766847767,0.323242267,1.560202687,-0.468185485,0.025426383
4104,0.764490721,0.614306045,-0.142140053,-0.166399225,-0.086994127,-0.307873726,0.766847767,0.323242267,1.560202687,-0.468185485,0.025426383
4105,0.764490721,0.614306045,-0.142140053,-0.166250463,-0.086994127,-0.307873726,0.766847767,0.323242267,1.560202687,-0.468185485,0.025426383
4106,0.764490721,0.614306045,-0.142140053,-0.166075391,-0.086994127,-0.307873726,0.766847767,0.323242267,1.560202687,-0.468185485,0.025426383
4107,0.764490721,0.614306045,-0.142140053,-0.165902328,-0.086994127,-0.307873726,0.766847767,0.323242267,1.560202687,-0.468185485,0.025426383
4108,0.764490721,0.614306045,-0.142140053,-0.165715727,-0.086994127,-0.307873726,0.766847767,0.323242267,1.560202687,-0.468185485,0.025426383
4109,0.764490721,0.614306045,-0.142140053,-0.1655119,-0.086994127,-0.307873726,0.766847767,0.323242267,1.560202687,-0.468185485,0.025426383
4110,0.764490721,0.614306045,-0.142140053,-0.165349974,-0.086994127,-0.307873726,0.766847767,0.323242267,1.560202687,-0.468185485,0.025426383
4111,0.902090994,0.614306045,-0.142140053,-0.165168172,-0.086994127,-0.307873726,0.766847767,0.323242267,1.560202687,-0.632213985,0.499142058
4112,0.902090994,0.614306045,-0.142140053,-0.164987438,-0.086994127,-0.307873726,0.766847767,0.323242267,1.560202687,-0.632213985,0.499142058
4113,0.902090994,0.614306045,-0.142140053,-0.164802981,-0.086994127,-0.307873726,0.766847767,0.323242267,1.560202687,-0.632213985,0.499142058
4114,0.902090994,0.614306045,-0.142140053,-0.164624193,-0.086994127,-0.307873726,0.766847767,0.323242267,1.560202687,-0.632213985,0.499142058
4115,0.902090994,0.614306045,-0.142140053,-0.164444652,-0.086994127,-0.307873726,0.766847767,0.323242267,1.560202687,-0.632213985,0.499142058
4116,0.902090994,0.614306045,-0.142140053,-0.16425515,-0.086994127,-0.307873726,0.766847767,0.323242267,1.560202687,-0.632213985,0.499142058
4117,0.902090994,0.614306045,-0.142140053,-0.164078111,-0.086994127,-0.307873726,0.766847767,0.323242267,1.560202687,-0.632213985,0.499142058
4118,0.902090994,0.614306045,-0.142140053,-0.163904173,-0.086994127,-0.307873726,0.766847767,0.323242267,1.560202687,-0.632213985,0.499142058
4119,1.039691268,0.614306045,-0.142140053,-0.1637228,-0.086994127,-0.307873726,0.766847767,0.323242267,1.560202687,-0.765245104,0.349325381
4120,1.039691268,0.614306045,-0.142140053,-0.16353797,-0.086994127,-0.307873726,0.766847767,0.323242267,1.560202687,-0.765245104,0.349325381
4121,1.039691268,0.614306045,-0.142140053,-0.163359248,-0.086994127,-0.307873726,0.766847767,0.323242267,1.560202687,-0.765245104,0.349325381
4122,1.039691268,0.614306045,-0.142140053,-0.163187375,-0.086994127,-0.307873726,0.766847767,0.323242267,1.560202687,-0.765245104,0.349325381
4123,1.039691268,0.614306045,-0.142140053,-0.162998112,-0.086994127,-0.307873726,0.766847767,0.323242267,1.560202687,-0.765245104,0.349325381
4124,1.039691268,0.614306045,-0.142140053,-0.162816141,-0.086994127,-0.307873726,0.766847767,0.323242267,1.560202687,-0.765245104,0.349325381
4125,1.039691268,0.614306045,-0.142140053,-0.162641214,-0.086994127,-0.307873726,0.766847767,0.323242267,1.560202687,-0.765245104,0.349325381
4126,1.039691268,0.614306045,-0.142140053,-0.162452665,-0.086994127,-0.307873726,0.766847767,0.323242267,1.560202687,-0.765245104,0.349325381
4127,1.177291541,0.614306045,-0.142140053,-0.162273211,-0.086994127,-0.307873726,0.766847767,0.323242267,1.560202687,-0.722577389,1.870105675
4128,1.177291541,0.614306045,-0.142140053,-0.162099054,-0.086994127,-0.307873726,0.766847767,0.323242267,1.560202687,-0.722577389,1.870105675
4129,1.177291541,0.614306045,-0.142140053,-0.161913554,-0.086994127,-0.307873726,0.766847767,0.323242267,1.560202687,-0.722577389,1.870105675
4130,1.177291541,0.614306045,-0.142140053,-0.161725032,-0.086994127,-0.307873726,0.766847767,0.323242267,1.560202687,-0.722577389,1.870105675
4131,1.177291541,0.614306045,-0.142140053,-0.161550269,-0.086994127,-0.307873726,0.766847767,0.323242267,1.560202687,-0.722577389,1.870105675
4132,1.177291541,0.614306045,-0.142140053,-0.161369178,-0.086994127,-0.307873726,0.766847767,0.323242267,1.560202687,-0.722577389,1.870105675
4133,1.177291541,0.614306045,-0.142140053,-0.161186599,-0.086994127,-0.307873726,0.766847767,0.323242267,1.560202687,-0.722577389,1.870105675
4134,1.177291541,0.614306045,-0.142140053,-0.161008573,-0.086994127,-0.307873726,0.766847767,0.323242267,1.560202687,-0.722577389,1.870105675
4135,1.314891814,0.614306045,-0.142140053,-0.160825462,-0.086994127,-0.307873726,0.766847767,0.323242267,1.560202687,-0.602593604,-1.581531403
4136,1.314891814,0.614306045,-0.142140053,-0.160639155,-0.086994127,-0.307873726,0.766847767,0.323242267,1.560202687,-0.602593604,-1.581531403
4137,1.314891814,0.614306045,-0.142140053,-0.160448232,-0.086994127,-0.307873726,0.766847767,0.323242267,1.560202687,-0.602593604,-1.581531403
4138,1.314891814,0.614306045,-0.142140053,-0.160285198,-0.086994127,-0.307873726,0.766847767,0.323242267,1.560202687,-0.602593604,-1.581531403
4139,1.314891814,0.614306045,-0.142140053,-0.1600988,-0.086994127,-0.307873726,0.766847767,0.323242267,1.560202687,-0.602593604,-1.581531403
4140,1.314891814,0.614306045,-0.142140053,-0.159918881,-0.086994127,-0.307873726,0.766847767,0.323242267,1.560202687,-0.602593604,-1.581531403
4141,1.314891814,0.614306045,-0.142140053,-0.159741281,-0.086994127,-0.307873726,0.766847767,0.323242267,1.560202687,-0.602593604,-1.581531403
4142,1.314891814,0.614306045,-0.142140053,-0.159555592,-0.086994127,-0.307873726,0.766847767,0.323242267,1.560202687,-0.602593604,-1.581531403
4143,1.452492087,0.614306045,-0.142140053,-0.159382508,-0.086994127,-0.307873726,0.766847767,0.323242267,1.560202687,-0.547299014,1.574273455
4144,1.452492087,0.614306045,-0.142140053,-0.1592021,-0.086994127,-0.307873726,0.766847767,0.323242267,1.560202687,-0.547299014,1.574273455
4145,1.452492087,0.614306045,-0.142140053,-0.159012987,-0.086994127,-0.307873726,0.766847767,0.323242267,1.560202687,-0.547299014,1.574273455
4146,1.452492087,0.614306045,-0.142140053,-0.15881053,-0.086994127,-0.307873726,0.766847767,0.323242267,1.560202687,-0.547299014,1.574273455
4147,1.452492087,0.614306045,-0.142140053,-0.158663058,-0.086994127,-0.307873726,0.766847767,0.323242267,1.560202687,-0.547299014,1.574273455
4148,1.452492087,0.614306045,-0.142140053,-0.15847584,-0.086994127,-0.307873726,0.766847767,0.323242267,1.560202687,-0.547299014,1.574273455
4149,1.452492087,0.614306045,-0.142140053,-0.158296438,-0.086994127,-0.307873726,0.766847767,0.323242267,1.560202687,-0.547299014,1.574273455
4150,1.452492087,0.614306045,-0.142140053,-0.15810345,-0.086994127,-0.307873726,0.766847767,0.323242267,1.560202687,-0.547299014,1.574273455
4151,1.590092361,0.614306045,-0.142140053,-0.157936185,-0.086994127,-0.307873726,0.766847767,0.323242267,1.560202687,-0.28553552,0.188402896
4152,1.590092361,-1.627853101,7.035314646,-0.181082882,-0.084007826,-0.307873726,0.766847767,0.323242267,1.560202687,-0.28553552,0.188402896
4153,1.590092361,-1.627853101,-0.142140053,-0.180914565,-0.084007826,-0.307873726,0.766847767,0.323242267,1.560202687,-0.28553552,0.188402896
4154,1.590092361,-1.627853101,-0.142140053,-0.180693606,-0.084007826,-0.307873726,0.766847767,0.323242267,1.560202687,-0.28553552,0.188402896
4155,1.590092361,-1.627853101,-0.142140053,-0.18037464,-0.084007826,-0.307873726,0.766847767,0.323242267,1.560202687,-0.28553552,0.188402896
4156,1.590092361,-1.627853101,-0.142140053,-0.180197961,-0.084007826,-0.307873726,0.766847767,0.323242267,1.560202687,-0.28553552,0.188402896
4157,1.590092361,-1.627853101,-0.142140053,-0.180014206,-0.084007826,-0.307873726,0.766847767,0.323242267,1.560202687,-0.28553552,0.188402896
4158,1.590092361,-1.627853101,-0.142140053,-0.179830532,-0.084007826,-0.307873726,0.766847767,0.323242267,1.560202687,-0.28553552,0.188402896
4159,-0.611512012,-1.627853101,-0.142140053,-0.179651466,-0.084007826,-0.307873726,0.766847767,0.323242267,1.560202687,-0.141224304,-0.804030394
4160,-0.611512012,-1.627853101,-0.142140053,-0.179471181,-0.084007826,-0.307873726,0.766847767,0.323242267,1.560202687,-0.141224304,-0.804030394
4161,-0.611512012,-1.627853101,-0.142140053,-0.179292408,-0.084007826,-0.307873726,0.766847767,0.323242267,1.560202687,-0.141224304,-0.804030394
4162,-0.611512012,-1.627853101,-0.142140053,-0.179106367,-0.084007826,-0.307873726,0.766847767,0.323242267,1.560202687,-0.141224304,-0.804030394
4163,-0.611512012,-1.627853101,-0.142140053,-0.178925737,-0.084007826,-0.307873726,0.766847767,0.323242267,1.560202687,-0.141224304,-0.804030394
4164,-0.611512012,0.614306045,7.035314646,-0.181082882,-0.084007826,-0.3050197,0.766847767,0.323242267,1.560202687,-0.141224304,-0.804030394
4165,-0.611512012,0.614306045,-0.142140053,-0.180760389,-0.084007826,-0.3050197,0.766847767,0.323242267,1.560202687,-0.141224304,-0.804030394
4166,-0.611512012,0.614306045,-0.142140053,-0.18058801,-0.084007826,-0.3050197,0.766847767,0.323242267,1.560202687,-0.141224304,-0.804030394
4167,-0.611512012,0.614306045,-0.142140053,-0.1803817,-0.084007826,-0.3050197,0.766847767,0.323242267,1.560202687,-0.141224304,-0.804030394
4168,-0.611512012,0.614306045,-0.142140053,-0.180217821,-0.084007826,-0.3050197,0.766847767,0.323242267,1.560202687,-0.141224304,-0.804030394
4169,-0.611512012,0.614306045,-0.142140053,-0.180044644,-0.084007826,-0.3050197,0.766847767,0.323242267,1.560202687,-0.141224304,-0.804030394
4170,-0.611512012,0.614306045,-0.142140053,-0.179860498,-0.084007826,-0.3050197,0.766847767,0.323242267,1.560202687,-0.141224304,-0.804030394
4171,-0.473911739,0.614306045,-0.142140053,-0.179680451,-0.084007826,-0.3050197,0.766847767,0.323242267,1.560202687,-0.305089,-1.099685818
4172,-0.473911739,0.614306045,-0.142140053,-0.179501257,-0.084007826,-0.3050197,0.766847767,0.323242267,1.560202687,-0.305089,-1.099685818
4173,-0.473911739,0.614306045,-0.142140053,-0.17931783,-0.084007826,-0.3050197,0.766847767,0.323242267,1.560202687,-0.305089,-1.099685818
4174,-0.473911739,0.614306045,-0.142140053,-0.17914027,-0.084007826,-0.3050197,0.766847767,0.323242267,1.560202687,-0.305089,-1.099685818
4175,-0.473911739,0.614306045,-0.142140053,-0.178952851,-0.084007826,-0.3050197,0.766847767,0.323242267,1.560202687,-0.305089,-1.099685818
4176,-0.473911739,0.614306045,-0.142140053,-0.178768086,-0.084007826,-0.3050197,0.766847767,0.323242267,1.560202687,-0.305089,-1.099685818
4177,-0.473911739,0.614306045,-0.142140053,-0.178591807,-0.084007826,-0.3050197,0.766847767,0.323242267,1.560202687,-0.305089,-1.099685818
4178,-0.473911739,0.614306045,-0.142140053,-0.178417443,-0.084007826,-0.3050197,0.766847767,0.323242267,1.560202687,-0.305089,-1.099685818
4179,-0.336311465,0.614306045,-0.142140053,-0.178234696,-0.084007826,-0.3050197,0.766847767,0.323242267,1.560202687,-0.182551809,-1.556837493
4180,-0.336311465,0.614306045,-0.142140053,-0.178052536,-0.084007826,-0.3050197,0.766847767,0.323242267,1.560202687,-0.182551809,-1.556837493
4181,-0.336311465,0.614306045,-0.142140053,-0.177869534,-0.084007826,-0.3050197,0.766847767,0.323242267,-0.085740996,-0.182551809,-1.556837493
4182,-0.336311465,0.614306045,-0.142140053,-0.177667389,-0.084007826,-0.3050197,0.766847767,0.323242267,-0.085740996,-0.182551809,-1.556837493
4183,-0.336311465,0.614306045,-0.142140053,-0.177508605,-0.084007826,-0.3050197,0.766847767,0.323242267,-0.085740996,-0.182551809,-1.556837493
4184,-0.336311465,0.614306045,-0.142140053,-0.177322993,-0.084007826,-0.3050197,0.766847767,0.323242267,-0.085740996,-0.182551809,-1.556837493
4185,-0.198711192,0.614306045,-0.142140053,-0.177154567,-0.084007826,-0.3050197,0.766847767,0.323242267,-0.085740996,-0.313471879,0.528647917
4186,-0.198711192,0.614306045,-0.142140053,-0.176967368,-0.084007826,-0.3050197,0.766847767,0.323242267,-0.085740996,-0.313471879,0.528647917
4187,-0.198711192,0.614306045,-0.142140053,-0.176785666,-0.084007826,-0.3050197,0.766847767,0.323242267,-0.085740996,-0.313471879,0.528647917
4188,-0.198711192,0.614306045,-0.142140053,-0.176592155,-0.084007826,-0.3050197,0.766847767,0.323242267,-0.085740996,-0.313471879,0.528647917
4189,-0.198711192,0.614306045,-0.142140053,-0.176425033,-0.084007826,-0.3050197,0.766847767,0.323242267,-0.085740996,-0.313471879,0.528647917
4190,-0.198711192,0.614306045,-0.142140053,-0.176236704,-0.084007826,-0.3050197,0.766847767,0.323242267,-0.085740996,-0.313471879,0.528647917
4191,-0.061110919,0.614306045,-0.142140053,-0.17605737,-0.084007826,-0.3050197,0.766847767,0.323242267,-0.085740996,-0.495418454,0.638409672
4192,-0.061110919,0.614306045,-0.142140053,-0.175830661,-0.084007826,-0.3050197,0.766847767,0.323242267,-0.085740996,-0.495418454,0.638409672
4193,-0.061110919,0.614306045,-0.142140053,-0.175517058,-0.084007826,-0.3050197,0.766847767,0.323242267,-0.085740996,-0.495418454,0.638409672
4194,-0.061110919,0.614306045,-0.142140053,-0.175339014,-0.084007826,-0.3050197,0.766847767,0.323242267,-0.085740996,-0.495418454,0.638409672
4195,-0.061110919,0.614306045,-0.142140053,-0.175155251,-0.084007826,-0.3050197,0.766847767,0.323242267,-0.085740996,-0.495418454,0.638409672
4196,-0.061110919,0.614306045,-0.142140053,-0.174944272,-0.084007826,-0.3050197,0.766847767,0.323242267,-0.085740996,-0.495418454,0.638409672
4197,0.076489355,0.614306045,-0.142140053,-0.174797988,-0.084007826,-0.3050197,0.766847767,0.323242267,-0.085740996,-0.287596201,0.475905898
4198,0.076489355,0.614306045,-0.142140053,-0.174625016,-0.084007826,-0.3050197,0.766847767,0.323242267,-0.085740996,-0.287596201,0.475905898
4199,0.076489355,0.614306045,-0.142140053,-0.174438863,-0.084007826,-0.3050197,0.766847767,0.323242267,-0.085740996,-0.287596201,0.475905898
4200,0.076489355,0.614306045,-0.142140053,-0.174246528,-0.084007826,-0.3050197,0.766847767,0.323242267,-0.085740996,-0.287596201,0.475905898
4201,0.076489355,0.614306045,-0.142140053,-0.174075329,-0.084007826,-0.3050197,0.766847767,0.323242267,-0.085740996,-0.287596201,0.475905898
4202,0.076489355,0.614306045,-0.142140053,-0.173888071,-0.084007826,-0.3050197,0.766847767,0.323242267,-0.085740996,-0.287596201,0.475905898
4203,0.214089628,0.614306045,-0.142140053,-0.173712393,-0.084007826,-0.3050197,0.766847767,0.323242267,-0.085740996,-0.225276461,1.088460372
4204,0.214089628,0.614306045,-0.142140053,-0.173527859,-0.084007826,-0.3050197,0.766847767,0.323242267,-0.085740996,-0.225276461,1.088460372
4205,0.214089628,0.614306045,-0.142140053,-0.173351372,-0.084007826,-0.3050197,0.766847767,0.323242267,-0.085740996,-0.225276461,1.088460372
4206,0.214089628,0.614306045,-0.142140053,-0.173168317,-0.084007826,-0.3050197,0.766847767,0.323242267,-0.085740996,-0.225276461,1.088460372
4207,0.214089628,0.614306045,-0.142140053,-0.172993483,-0.084007826,-0.3050197,0.766847767,0.323242267,-0.085740996,-0.225276461,1.088460372
4208,0.214089628,0.614306045,-0.142140053,-0.172813547,-0.084007826,-0.3050197,0.766847767,0.323242267,-0.085740996,-0.225276461,1.088460372
4209,0.351689901,0.614306045,-0.142140053,-0.172619559,-0.084007826,-0.3050197,0.766847767,0.323242267,-0.085740996,-0.38205907,-0.893572516
4210,0.351689901,0.614306045,-0.142140053,-0.172437489,-0.084007826,-0.3050197,0.766847767,0.323242267,-0.085740996,-0.38205907,-0.893572516
4211,0.351689901,0.614306045,-0.142140053,-0.172239466,-0.084007826,-0.3050197,0.766847767,0.323242267,-0.085740996,-0.38205907,-0.893572516
4212,0.351689901,0.614306045,-0.142140053,-0.172076157,-0.084007826,-0.3050197,0.766847767,0.323242267,-0.085740996,-0.38205907,-0.893572516
4213,0.351689901,0.614306045,-0.142140053,-0.171896917,-0.084007826,-0.3050197,0.766847767,0.323242267,-0.085740996,-0.38205907,-0.893572516
4214,0.351689901,0.614306045,-0.142140053,-0.171721404,-0.084007826,-0.3050197,0.766847767,0.323242267,-0.085740996,-0.38205907,-0.893572516
4215,0.489290174,0.614306045,-0.142140053,-0.171540132,-0.084007826,-0.3050197,0.766847767,0.323242267,-0.085740996,-0.300630395,-0.842633605
4216,0.489290174,0.614306045,-0.142140053,-0.171335367,-0.084007826,-0.3050197,0.766847767,0.323242267,-0.085740996,-0.300630395,-0.842633605
4217,0.489290174,0.614306045,-0.142140053,-0.17118006,-0.084007826,-0.3050197,0.766847767,0.323242267,-0.085740996,-0.300630395,-0.842633605
4218,0.489290174,0.614306045,-0.142140053,-0.170995576,-0.084007826,-0.3050197,0.766847767,0.323242267,-0.085740996,-0.300630395,-0.842633605
4219,0.489290174,0.614306045,-0.142140053,-0.170815347,-0.084007826,-0.3050197,0.766847767,0.323242267,-0.085740996,-0.300630395,-0.842633605
4220,0.489290174,0.614306045,-0.142140053,-0.170637155,-0.084007826,-0.3050197,0.766847767,0.323242267,-0.085740996,-0.300630395,-0.842633605
4221,0.626890448,0.614306045,-0.142140053,-0.170450066,-0.084007826,-0.3050197,0.766847767,0.323242267,-0.085740996,-0.451371112,1.184507192
4222,0.626890448,0.614306045,-0.142140053,-0.170276671,-0.084007826,-0.3050197,0.766847767,0.323242267,-0.085740996,-0.451371112,1.184507192
4223,0.626890448,0.614306045,-0.142140053,-0.170094611,-0.084007826,-0.3050197,0.766847767,0.323242267,-0.085740996,-0.451371112,1.184507192
4224,0.626890448,0.614306045,-0.142140053,-0.169913654,-0.084007826,-0.3050197,0.766847767,0.323242267,-0.085740996,-0.451371112,1.184507192
4225,0.626890448,0.614306045,-0.142140053,-0.169734259,-0.084007826,-0.3050197,0.766847767,0.323242267,-0.085740996,-0.451371112,1.184507192
4226,0.626890448,0.614306045,-0.142140053,-0.169551055,-0.084007826,-0.3050197,0.766847767,0.323242267,-0.085740996,-0.451371112,1.184507192
4227,0.764490721,0.614306045,-0.142140053,-0.169364961,-0.084007826,-0.3050197,0.766847767,0.323242267,-0.085740996,-0.468185485,0.025426383
4228,0.764490721,0.614306045,-0.142140053,-0.169186705,-0.084007826,-0.3050197,0.766847767,0.323242267,-0.085740996,-0.468185485,0.025426383
4229,0.764490721,0.614306045,-0.142140053,-0.169006435,-0.084007826,-0.3050197,0.766847767,0.323242267,-0.085740996,-0.468185485,0.025426383
4230,0.764490721,0.614306045,-0.142140053,-0.16883063,-0.084007826,-0.3050197,0.766847767,0.323242267,-0.085740996,-0.468185485,0.025426383
4231,0.764490721,0.614306045,-0.142140053,-0.168647811,-0.084007826,-0.3050197,0.766847767,0.323242267,-0.085740996,-0.468185485,0.025426383
4232,0.764490721,0.614306045,-0.142140053,-0.168464701,-0.084007826,-0.3050197,0.766847767,0.323242267,-0.085740996,-0.468185485,0.025426383
4233,0.902090994,0.614306045,-0.142140053,-0.168278151,-0.084007826,-0.3050197,0.766847767,0.323242267,-0.085740996,-0.632213985,0.499142058
4234,0.902090994,0.614306045,-0.142140053,-0.168106288,-0.084007826,-0.3050197,0.766847767,0.323242267,-0.085740996,-0.632213985,0.499142058
4235,0.902090994,0.614306045,-0.142140053,-0.16792147,-0.084007826,-0.3050197,0.766847767,0.323242267,-0.085740996,-0.632213985,0.499142058
4236,0.902090994,0.614306045,-0.142140053,-0.167748508,-0.084007826,-0.3050197,0.766847767,0.323242267,-0.085740996,-0.632213985,0.499142058
4237,0.902090994,0.614306045,-0.142140053,-0.167563292,-0.084007826,-0.3050197,0.766847767,0.323242267,-0.085740996,-0.632213985,0.499142058
4238,0.902090994,0.614306045,-0.142140053,-0.167380708,-0.084007826,-0.3050197,0.766847767,0.323242267,-0.085740996,-0.632213985,0.499142058
4239,1.039691268,0.614306045,-0.142140053,-0.167206401,-0.084007826,-0.3050197,0.766847767,0.323242267,-0.085740996,-0.765245104,0.349325381
4240,1.039691268,0.614306045,-0.142140053,-0.16701335,-0.084007826,-0.3050197,0.766847767,0.323242267,-0.085740996,-0.765245104,0.349325381
4241,1.039691268,0.614306045,-0.142140053,-0.166838717,-0.084007826,-0.3050197,0.766847767,0.323242267,-0.085740996,-0.765245104,0.349325381
4242,1.039691268,0.614306045,-0.142140053,-0.166657257,-0.084007826,-0.3050197,0.766847767,0.323242267,-0.085740996,-0.765245104,0.349325381
4243,1.039691268,0.614306045,-0.142140053,-0.166484507,-0.084007826,-0.3050197,0.766847767,0.323242267,-0.085740996,-0.765245104,0.349325381
4244,1.039691268,0.614306045,-0.142140053,-0.166292941,-0.084007826,-0.3050197,0.766847767,0.323242267,-0.085740996,-0.765245104,0.349325381
4245,1.177291541,0.614306045,-0.142140053,-0.166119002,-0.084007826,-0.3050197,0.766847767,0.323242267,-0.085740996,-0.722577389,1.870105675
4246,1.177291541,0.614306045,-0.142140053,-0.165918713,-0.084007826,-0.3050197,0.766847767,0.323242267,-0.085740996,-0.722577389,1.870105675
4247,1.177291541,0.614306045,-0.142140053,-0.165751866,-0.084007826,-0.3050197,0.766847767,0.323242267,-0.085740996,-0.722577389,1.870105675
4248,1.177291541,0.614306045,-0.142140053,-0.165568148,-0.084007826,-0.3050197,0.766847767,0.323242267,-0.085740996,-0.722577389,1.870105675
4249,1.177291541,0.614306045,-0.142140053,-0.165385167,-0.084007826,-0.3050197,0.766847767,0.323242267,-0.085740996,-0.722577389,1.870105675
4250,1.177291541,0.614306045,-0.142140053,-0.165211422,-0.084007826,-0.3050197,0.766847767,0.323242267,-0.085740996,-0.722577389,1.870105675
4251,1.314891814,0.614306045,-0.142140053,-0.165033684,-0.084007826,-0.3050197,0.766847767,0.323242267,-0.085740996,-0.602593604,-1.581531403
4252,1.314891814,0.614306045,-0.142140053,-0.164850372,-0.084007826,-0.3050197,0.766847767,0.323242267,-0.085740996,-0.602593604,-1.581531403
4253,1.314891814,0.614306045,-0.142140053,-0.164661112,-0.084007826,-0.3050197,0.766847767,0.323242267,-0.085740996,-0.602593604,-1.581531403
4254,1.314891814,0.614306045,-0.142140053,-0.164487433,-0.084007826,-0.3050197,0.766847767,0.323242267,-0.085740996,-0.602593604,-1.581531403
4255,1.314891814,0.614306045,-0.142140053,-0.164300358,-0.084007826,-0.3050197,0.766847767,0.323242267,-0.085740996,-0.602593604,-1.581531403
4256,1.314891814,0.614306045,-0.142140053,-0.164131512,-0.084007826,-0.3050197,0.766847767,0.323242267,-0.085740996,-0.602593604,-1.581531403
4257,1.452492087,0.614306045,-0.142140053,-0.163939601,-0.084007826,-0.3050197,0.766847767,0.323242267,-0.085740996,-0.547299014,1.574273455
4258,1.452492087,0.614306045,-0.142140053,-0.163765122,-0.084007826,-0.3050197,0.766847767,0.323242267,-0.085740996,-0.547299014,1.574273455
4259,1.452492087,0.614306045,-0.142140053,-0.163590878,-0.084007826,-0.3050197,0.766847767,0.323242267,-0.085740996,-0.547299014,1.574273455
4260,1.452492087,0.614306045,-0.142140053,-0.16339907,-0.084007826,-0.3050197,0.766847767,0.323242267,-0.085740996,-0.547299014,1.574273455
4261,1.452492087,0.614306045,-0.142140053,-0.163224186,-0.084007826,-0.3050197,0.766847767,0.323242267,-0.085740996,-0.547299014,1.574273455
4262,1.452492087,0.614306045,-0.142140053,-0.163044748,-0.084007826,-0.3050197,0.766847767,0.323242267,-0.085740996,-0.547299014,1.574273455
4263,1.590092361,0.614306045,-0.142140053,-0.162865216,-0.084007826,-0.3050197,0.766847767,0.323242267,-0.085740996,-0.28553552,0.188402896
4264,1.590092361,0.614306045,-0.142140053,-0.162674139,-0.084007826,-0.3050197,0.766847767,0.323242267,-0.085740996,-0.28553552,0.188402896
4265,1.590092361,0.614306045,-0.142140053,-0.162502926,-0.084007826,-0.3050197,0.766847767,0.323242267,-0.085740996,-0.28553552,0.188402896
4266,1.590092361,0.614306045,-0.142140053,-0.162319021,-0.084007826,-0.3050197,0.766847767,0.323242267,-0.085740996,-0.28553552,0.188402896
4267,1.590092361,0.614306045,-0.142140053,-0.162138513,-0.084007826,-0.3050197,0.766847767,0.323242267,-0.085740996,-0.28553552,0.188402896
4268,1.590092361,-1.627853101,7.035314646,-0.181082882,-0.088878952,-0.3050197,0.766847767,0.323242267,1.560202687,-0.28553552,0.188402896
4269,1.590092361,-1.627853101,-0.142140053,-0.180909752,-0.088878952,-0.3050197,0.766847767,0.323242267,1.560202687,-0.28553552,0.188402896
4270,1.590092361,-1.627853101,-0.142140053,-0.180724713,-0.088878952,-0.3050197,0.766847767,0.323242267,1.560202687,-0.28553552,0.188402896
4271,1.590092361,-1.627853101,-0.142140053,-0.180544722,-0.088878952,-0.3050197,0.766847767,0.323242267,1.560202687,-0.28553552,0.188402896
4272,1.590092361,-1.627853101,-0.142140053,-0.180360073,-0.088878952,-0.3050197,0.766847767,0.323242267,1.560202687,-0.28553552,0.188402896
4273,1.590092361,-1.627853101,-0.142140053,-0.18018607,-0.088878952,-0.3050197,0.766847767,0.323242267,1.560202687,-0.28553552,0.188402896
4274,1.590092361,-1.627853101,-0.142140053,-0.18000488,-0.088878952,-0.3050197,0.766847767,0.323242267,1.560202687,-0.28553552,0.188402896
4275,0.489290174,-1.627853101,-0.142140053,-0.179825075,-0.088878952,-0.3050197,0.766847767,0.323242267,1.560202687,-0.300630395,-0.842633605
4276,0.489290174,-1.627853101,-0.142140053,-0.179649999,-0.088878952,-0.3050197,0.766847767,0.323242267,1.560202687,-0.300630395,-0.842633605
4277,0.489290174,-1.627853101,-0.142140053,-0.179469919,-0.088878952,-0.3050197,0.766847767,0.323242267,1.560202687,-0.300630395,-0.842633605
4278,0.489290174,-1.627853101,-0.142140053,-0.179282177,-0.088878952,-0.3050197,0.766847767,0.323242267,1.560202687,-0.300630395,-0.842633605
4279,0.489290174,-1.627853101,-0.142140053,-0.179096456,-0.088878952,-0.3050197,0.766847767,0.323242267,1.560202687,-0.300630395,-0.842633605
4280,0.489290174,-1.627853101,-0.142140053,-0.178919016,-0.088878952,-0.3050197,0.766847767,0.323242267,1.560202687,-0.300630395,-0.842633605
4281,0.489290174,-1.627853101,-0.142140053,-0.178744501,-0.088878952,-0.3050197,0.766847767,0.323242267,1.560202687,-0.300630395,-0.842633605
4282,0.489290174,0.614306045,7.035314646,-0.181082882,-0.088878952,-0.289091586,0.766847767,1.587367424,-0.085740996,-0.300630395,-0.842633605
4283,0.489290174,0.614306045,-0.142140053,-0.180907631,-0.088878952,-0.289091586,0.766847767,1.587367424,-0.085740996,-0.300630395,-0.842633605
4284,0.489290174,0.614306045,-0.142140053,-0.180726524,-0.088878952,-0.289091586,0.766847767,1.587367424,-0.085740996,-0.300630395,-0.842633605
4285,0.489290174,0.614306045,-0.142140053,-0.180523413,-0.088878952,-0.289091586,0.766847767,1.587367424,-0.085740996,-0.300630395,-0.842633605
4286,0.489290174,0.614306045,-0.142140053,-0.180318009,-0.088878952,-0.289091586,0.766847767,1.587367424,-0.085740996,-0.300630395,-0.842633605
4287,0.626890448,0.614306045,-0.142140053,-0.179998059,-0.088878952,-0.289091586,0.766847767,1.587367424,-0.085740996,-0.451371112,1.184507192
4288,0.626890448,0.614306045,-0.142140053,-0.179823709,-0.088878952,-0.289091586,0.766847767,1.587367424,-0.085740996,-0.451371112,1.184507192
4289,0.626890448,0.614306045,-0.142140053,-0.179640462,-0.088878952,-0.289091586,0.766847767,1.587367424,-0.085740996,-0.451371112,1.184507192
4290,0.626890448,0.614306045,-0.142140053,-0.179451254,-0.088878952,-0.289091586,0.766847767,1.587367424,-0.085740996,-0.451371112,1.184507192
4291,0.626890448,0.614306045,-0.142140053,-0.17927697,-0.088878952,-0.289091586,0.766847767,1.587367424,-0.085740996,-0.451371112,1.184507192
4292,0.626890448,0.614306045,-0.142140053,-0.179104137,-0.088878952,-0.289091586,0.766847767,1.587367424,-0.085740996,-0.451371112,1.184507192
4293,0.764490721,0.614306045,-0.142140053,-0.178919946,-0.088878952,-0.289091586,0.766847767,1.587367424,-0.085740996,-0.468185485,0.025426383
4294,0.764490721,0.614306045,-0.142140053,-0.17874812,-0.088878952,-0.289091586,0.766847767,1.587367424,-0.085740996,-0.468185485,0.025426383
4295,0.764490721,0.614306045,-0.142140053,-0.17855658,-0.088878952,-0.289091586,0.766847767,1.587367424,-0.085740996,-0.468185485,0.025426383
4296,0.764490721,0.614306045,-0.142140053,-0.178374594,-0.088878952,-0.289091586,0.766847767,1.587367424,-0.085740996,-0.468185485,0.025426383
4297,0.764490721,0.614306045,-0.142140053,-0.178192498,-0.088878952,-0.289091586,0.766847767,1.587367424,-0.085740996,-0.468185485,0.025426383
4298,0.764490721,0.614306045,-0.142140053,-0.178010382,-0.088878952,-0.289091586,0.766847767,1.587367424,-0.085740996,-0.468185485,0.025426383
4299,0.902090994,0.614306045,-0.142140053,-0.177834717,-0.088878952,-0.289091586,0.766847767,1.587367424,-0.085740996,-0.632213985,0.499142058
4300,0.902090994,0.614306045,-0.142140053,-0.177650229,-0.088878952,-0.289091586,0.766847767,1.587367424,-0.085740996,-0.632213985,0.499142058
4301,0.902090994,0.614306045,-0.142140053,-0.177471135,-0.088878952,-0.289091586,0.766847767,1.587367424,-0.085740996,-0.632213985,0.499142058
4302,0.902090994,0.614306045,-0.142140053,-0.177291578,-0.088878952,-0.289091586,0.766847767,1.587367424,-0.085740996,-0.632213985,0.499142058
4303,0.902090994,0.614306045,-0.142140053,-0.177113441,-0.088878952,-0.289091586,0.766847767,1.587367424,-0.085740996,-0.632213985,0.499142058
4304,0.902090994,0.614306045,-0.142140053,-0.17693275,-0.088878952,-0.289091586,0.766847767,1.587367424,-0.085740996,-0.632213985,0.499142058
4305,1.039691268,0.614306045,-0.142140053,-0.176746062,-0.088878952,-0.289091586,0.766847767,1.587367424,-0.085740996,-0.765245104,0.349325381
4306,1.039691268,0.614306045,-0.142140053,-0.176556458,-0.088878952,-0.289091586,0.766847767,1.587367424,-0.085740996,-0.765245104,0.349325381
4307,1.039691268,0.614306045,-0.142140053,-0.176387978,-0.088878952,-0.289091586,0.766847767,1.587367424,-0.085740996,-0.765245104,0.349325381
4308,1.039691268,0.614306045,-0.142140053,-0.176206222,-0.088878952,-0.289091586,0.766847767,1.587367424,-0.085740996,-0.765245104,0.349325381
4309,1.039691268,0.614306045,-0.142140053,-0.176027514,-0.088878952,-0.289091586,0.766847767,1.587367424,-0.085740996,-0.765245104,0.349325381
4310,1.039691268,0.614306045,-0.142140053,-0.175836929,-0.088878952,-0.289091586,0.766847767,1.587367424,-0.085740996,-0.765245104,0.349325381
4311,1.177291541,0.614306045,-0.142140053,-0.175666095,-0.088878952,-0.289091586,0.766847767,1.587367424,-0.085740996,-0.722577389,1.870105675
4312,1.177291541,0.614306045,-0.142140053,-0.175477539,-0.088878952,-0.289091586,0.766847767,1.587367424,-0.085740996,-0.722577389,1.870105675
4313,1.177291541,0.614306045,-0.142140053,-0.175300594,-0.088878952,-0.289091586,0.766847767,1.587367424,-0.085740996,-0.722577389,1.870105675
4314,1.177291541,0.614306045,-0.142140053,-0.175102114,-0.088878952,-0.289091586,0.766847767,1.587367424,-0.085740996,-0.722577389,1.870105675
4315,1.177291541,0.614306045,-0.142140053,-0.174899375,-0.088878952,-0.289091586,0.766847767,1.587367424,-0.085740996,-0.722577389,1.870105675
4316,1.177291541,0.614306045,-0.142140053,-0.174577325,-0.088878952,-0.289091586,0.766847767,1.587367424,-0.085740996,-0.722577389,1.870105675
4317,1.314891814,0.614306045,-0.142140053,-0.174396307,-0.088878952,-0.289091586,0.766847767,1.587367424,-0.085740996,-0.602593604,-1.581531403
4318,1.314891814,0.614306045,-0.142140053,-0.174216654,-0.088878952,-0.289091586,0.766847767,1.587367424,-0.085740996,-0.602593604,-1.581531403
4319,1.314891814,0.614306045,-0.142140053,-0.174026221,-0.088878952,-0.289091586,0.766847767,1.587367424,-0.085740996,-0.602593604,-1.581531403
4320,1.314891814,0.614306045,-0.142140053,-0.173856302,-0.088878952,-0.289091586,0.766847767,1.587367424,-0.085740996,-0.602593604,-1.581531403
4321,1.314891814,0.614306045,-0.142140053,-0.173668223,-0.088878952,-0.289091586,0.766847767,1.587367424,-0.085740996,-0.602593604,-1.581531403
4322,1.314891814,0.614306045,-0.142140053,-0.173496651,-0.088878952,-0.289091586,0.766847767,1.587367424,-0.085740996,-0.602593604,-1.581531403
4323,1.452492087,0.614306045,-0.142140053,-0.173316495,-0.088878952,-0.289091586,0.766847767,1.587367424,-0.085740996,-0.547299014,1.574273455
4324,1.452492087,0.614306045,-0.142140053,-0.17313387,-0.088878952,-0.289091586,0.766847767,1.587367424,-0.085740996,-0.547299014,1.574273455
4325,1.452492087,0.614306045,-0.142140053,-0.172955614,-0.088878952,-0.289091586,0.766847767,1.587367424,-0.085740996,-0.547299014,1.574273455
4326,1.452492087,0.614306045,-0.142140053,-0.172767446,-0.088878952,-0.289091586,0.766847767,1.587367424,-0.085740996,-0.547299014,1.574273455
4327,1.452492087,0.614306045,-0.142140053,-0.172593326,-0.088878952,-0.289091586,0.766847767,1.587367424,-0.085740996,-0.547299014,1.574273455
4328,1.452492087,0.614306045,-0.142140053,-0.172408004,-0.088878952,-0.289091586,0.766847767,1.587367424,-0.085740996,-0.547299014,1.574273455
4329,1.590092361,0.614306045,-0.142140053,-0.172226766,-0.088878952,-0.289091586,0.766847767,1.587367424,-0.085740996,-0.28553552,0.188402896
4330,1.590092361,0.614306045,-0.142140053,-0.172043733,-0.088878952,-0.289091586,0.766847767,1.587367424,-0.085740996,-0.28553552,0.188402896
4331,1.590092361,0.614306045,-0.142140053,-0.171863788,-0.088878952,-0.289091586,0.766847767,1.587367424,-0.085740996,-0.28553552,0.188402896
4332,1.590092361,0.614306045,-0.142140053,-0.171690813,-0.088878952,-0.289091586,0.766847767,1.587367424,-0.085740996,-0.28553552,0.188402896
4333,1.590092361,0.614306045,-0.142140053,-0.171509395,-0.088878952,-0.289091586,0.766847767,1.587367424,-0.085740996,-0.28553552,0.188402896
4334,1.590092361,0.614306045,-0.142140053,-0.171287751,-0.088878952,-0.289091586,0.766847767,1.587367424,-0.085740996,-0.28553552,0.188402896
4335,1.590092361,-1.627853101,7.035314646,-0.181082882,-0.099460805,-0.289091586,0.766847767,1.587367424,1.560202687,-0.28553552,0.188402896
4336,1.590092361,-1.627853101,-0.142140053,-0.180750356,-0.099460805,-0.289091586,0.766847767,1.587367424,1.560202687,-0.28553552,0.188402896
4337,1.590092361,-1.627853101,-0.142140053,-0.180587844,-0.099460805,-0.289091586,0.766847767,1.587367424,1.560202687,-0.28553552,0.188402896
4338,1.590092361,-1.627853101,-0.142140053,-0.180372378,-0.099460805,-0.289091586,0.766847767,1.587367424,1.560202687,-0.28553552,0.188402896
4339,1.590092361,-1.627853101,-0.142140053,-0.180229853,-0.099460805,-0.289091586,0.766847767,1.587367424,1.560202687,-0.28553552,0.188402896
4340,1.590092361,-1.627853101,-0.142140053,-0.180047095,-0.099460805,-0.289091586,0.766847767,1.587367424,1.560202687,-0.28553552,0.188402896
4341,1.590092361,-1.627853101,-0.142140053,-0.179871497,-0.099460805,-0.289091586,0.766847767,1.587367424,1.560202687,-0.28553552,0.188402896
4342,0.489290174,-1.627853101,-0.142140053,-0.179687901,-0.099460805,-0.289091586,0.766847767,1.587367424,1.560202687,-0.300630395,-0.842633605
4343,0.489290174,-1.627853101,-0.142140053,-0.179509141,-0.099460805,-0.289091586,0.766847767,1.587367424,1.560202687,-0.300630395,-0.842633605
4344,0.489290174,-1.627853101,-0.142140053,-0.179331078,-0.099460805,-0.289091586,0.766847767,1.587367424,1.560202687,-0.300630395,-0.842633605
4345,0.489290174,-1.627853101,-0.142140053,-0.179142614,-0.099460805,-0.289091586,0.766847767,1.587367424,1.560202687,-0.300630395,-0.842633605
4346,0.489290174,-1.627853101,-0.142140053,-0.178964729,-0.099460805,-0.289091586,0.766847767,1.587367424,1.560202687,-0.300630395,-0.842633605
4347,0.489290174,-1.627853101,-0.142140053,-0.17877298,-0.099460805,-0.289091586,0.766847767,1.587367424,1.560202687,-0.300630395,-0.842633605
4348,0.489290174,-1.627853101,-0.142140053,-0.178600712,-0.099460805,-0.289091586,0.766847767,1.587367424,1.560202687,-0.300630395,-0.842633605
4349,0.489290174,0.614306045,7.035314646,-0.181082882,-0.099460805,-0.270865906,0.766847767,1.587367424,-0.085740996,-0.300630395,-0.842633605
4350,0.489290174,0.614306045,-0.142140053,-0.180948534,-0.099460805,-0.270865906,0.766847767,1.587367424,-0.085740996,-0.300630395,-0.842633605
4351,0.489290174,0.614306045,-0.142140053,-0.180764571,-0.099460805,-0.270865906,0.766847767,1.587367424,-0.085740996,-0.300630395,-0.842633605
4352,0.489290174,0.614306045,-0.142140053,-0.180562422,-0.099460805,-0.270865906,0.766847767,1.587367424,-0.085740996,-0.300630395,-0.842633605
4353,0.489290174,0.614306045,-0.142140053,-0.18036413,-0.099460805,-0.270865906,0.766847767,1.587367424,-0.085740996,-0.300630395,-0.842633605
4354,0.626890448,0.614306045,-0.142140053,-0.180216729,-0.099460805,-0.270865906,0.766847767,1.587367424,-0.085740996,-0.451371112,1.184507192
4355,0.626890448,0.614306045,-0.142140053,-0.18003548,-0.099460805,-0.270865906,0.766847767,1.587367424,-0.085740996,-0.451371112,1.184507192
4356,0.626890448,0.614306045,-0.142140053,-0.179848596,-0.099460805,-0.270865906,0.766847767,1.587367424,-0.085740996,-0.451371112,1.184507192
4357,0.626890448,0.614306045,-0.142140053,-0.179683063,-0.099460805,-0.270865906,0.766847767,1.587367424,-0.085740996,-0.451371112,1.184507192
4358,0.626890448,0.614306045,-0.142140053,-0.179484374,-0.099460805,-0.270865906,0.766847767,1.587367424,-0.085740996,-0.451371112,1.184507192
4359,0.626890448,0.614306045,-0.142140053,-0.179315269,-0.099460805,-0.270865906,0.766847767,1.587367424,-0.085740996,-0.451371112,1.184507192
4360,0.764490721,0.614306045,-0.142140053,-0.179137346,-0.099460805,-0.270865906,0.766847767,1.587367424,-0.085740996,-0.468185485,0.025426383
4361,0.764490721,0.614306045,-0.142140053,-0.178933658,-0.099460805,-0.270865906,0.766847767,1.587367424,-0.085740996,-0.468185485,0.025426383
4362,0.764490721,0.614306045,-0.142140053,-0.178771397,-0.099460805,-0.270865906,0.766847767,1.587367424,-0.085740996,-0.468185485,0.025426383
4363,0.764490721,0.614306045,-0.142140053,-0.178544518,-0.099460805,-0.270865906,0.766847767,1.587367424,-0.085740996,-0.468185485,0.025426383
4364,0.764490721,0.614306045,-0.142140053,-0.178225033,-0.099460805,-0.270865906,0.766847767,1.587367424,-0.085740996,-0.468185485,0.025426383
4365,0.764490721,0.614306045,-0.142140053,-0.178054505,-0.099460805,-0.270865906,0.766847767,1.587367424,-0.085740996,-0.468185485,0.025426383
4366,0.902090994,0.614306045,-0.142140053,-0.177864648,-0.099460805,-0.270865906,0.766847767,1.587367424,-0.085740996,-0.632213985,0.499142058
4367,0.902090994,0.614306045,-0.142140053,-0.17768898,-0.099460805,-0.270865906,0.766847767,1.587367424,-0.085740996,-0.632213985,0.499142058
4368,0.902090994,0.614306045,-0.142140053,-0.177499415,-0.099460805,-0.270865906,0.766847767,1.587367424,-0.085740996,-0.632213985,0.499142058
4369,0.902090994,0.614306045,-0.142140053,-0.177317831,-0.099460805,-0.270865906,0.766847767,1.587367424,-0.085740996,-0.632213985,0.499142058
4370,0.902090994,0.614306045,-0.142140053,-0.177145422,-0.099460805,-0.270865906,0.766847767,1.587367424,-0.085740996,-0.632213985,0.499142058
4371,0.902090994,0.614306045,-0.142140053,-0.176949337,-0.099460805,-0.270865906,0.766847767,1.587367424,-0.085740996,-0.632213985,0.499142058
4372,1.039691268,0.614306045,-0.142140053,-0.176778072,-0.099460805,-0.270865906,0.766847767,1.587367424,-0.085740996,-0.765245104,0.349325381
4373,1.039691268,0.614306045,-0.142140053,-0.176604875,-0.099460805,-0.270865906,0.766847767,1.587367424,-0.085740996,-0.765245104,0.349325381
4374,1.039691268,0.614306045,-0.142140053,-0.176409351,-0.099460805,-0.270865906,0.766847767,1.587367424,-0.085740996,-0.765245104,0.349325381
4375,1.039691268,0.614306045,-0.142140053,-0.176240582,-0.099460805,-0.270865906,0.766847767,1.587367424,-0.085740996,-0.765245104,0.349325381
4376,1.039691268,0.614306045,-0.142140053,-0.176061611,-0.099460805,-0.270865906,0.766847767,1.587367424,-0.085740996,-0.765245104,0.349325381
4377,1.039691268,0.614306045,-0.142140053,-0.175881348,-0.099460805,-0.270865906,0.766847767,1.587367424,-0.085740996,-0.765245104,0.349325381
4378,1.177291541,0.614306045,-0.142140053,-0.175694975,-0.099460805,-0.270865906,0.766847767,1.587367424,-0.085740996,-0.722577389,1.870105675
4379,1.177291541,0.614306045,-0.142140053,-0.175498172,-0.099460805,-0.270865906,0.766847767,1.587367424,-0.085740996,-0.722577389,1.870105675
4380,1.177291541,0.614306045,-0.142140053,-0.17532601,-0.099460805,-0.270865906,0.766847767,1.587367424,-0.085740996,-0.722577389,1.870105675
4381,1.177291541,0.614306045,-0.142140053,-0.175158764,-0.099460805,-0.270865906,0.766847767,1.587367424,-0.085740996,-0.722577389,1.870105675
4382,1.177291541,0.614306045,-0.142140053,-0.174942734,-0.099460805,-0.270865906,0.766847767,1.587367424,-0.085740996,-0.722577389,1.870105675
4383,1.177291541,0.614306045,-0.142140053,-0.174796985,-0.099460805,-0.270865906,0.766847767,1.587367424,-0.085740996,-0.722577389,1.870105675
4384,1.314891814,0.614306045,-0.142140053,-0.174607669,-0.099460805,-0.270865906,0.766847767,1.587367424,-0.085740996,-0.602593604,-1.581531403
4385,1.314891814,0.614306045,-0.142140053,-0.174434223,-0.099460805,-0.270865906,0.766847767,1.587367424,-0.085740996,-0.602593604,-1.581531403
4386,1.314891814,0.614306045,-0.142140053,-0.174203447,-0.099460805,-0.270865906,0.766847767,1.587367424,-0.085740996,-0.602593604,-1.581531403
4387,1.314891814,0.614306045,-0.142140053,-0.173896297,-0.099460805,-0.270865906,0.766847767,1.587367424,-0.085740996,-0.602593604,-1.581531403
4388,1.314891814,0.614306045,-0.142140053,-0.173711393,-0.099460805,-0.270865906,0.766847767,1.587367424,-0.085740996,-0.602593604,-1.581531403
4389,1.314891814,0.614306045,-0.142140053,-0.173522075,-0.099460805,-0.270865906,0.766847767,1.587367424,-0.085740996,-0.602593604,-1.581531403
4390,1.452492087,0.614306045,-0.142140053,-0.173346877,-0.099460805,-0.270865906,0.766847767,1.587367424,-0.085740996,-0.547299014,1.574273455
4391,1.452492087,0.614306045,-0.142140053,-0.173169214,-0.099460805,-0.270865906,0.766847767,1.587367424,-0.085740996,-0.547299014,1.574273455
4392,1.452492087,0.614306045,-0.142140053,-0.172978339,-0.099460805,-0.270865906,0.766847767,1.587367424,-0.085740996,-0.547299014,1.574273455
4393,1.452492087,0.614306045,-0.142140053,-0.172804879,-0.099460805,-0.270865906,0.766847767,1.587367424,-0.085740996,-0.547299014,1.574273455
4394,1.452492087,0.614306045,-0.142140053,-0.172618267,-0.099460805,-0.270865906,0.766847767,1.587367424,-0.085740996,-0.547299014,1.574273455
4395,1.452492087,0.614306045,-0.142140053,-0.172439201,-0.099460805,-0.270865906,0.766847767,1.587367424,-0.085740996,-0.547299014,1.574273455
4396,1.590092361,0.614306045,-0.142140053,-0.172262461,-0.099460805,-0.270865906,0.766847767,1.587367424,-0.085740996,-0.28553552,0.188402896
4397,1.590092361,0.614306045,-0.142140053,-0.172073921,-0.099460805,-0.270865906,0.766847767,1.587367424,-0.085740996,-0.28553552,0.188402896
4398,1.590092361,-1.627853101,7.035314646,-0.181082882,-0.100378131,-0.270865906,0.766847767,1.587367424,1.560202687,-0.28553552,0.188402896
4399,1.590092361,-1.627853101,-0.142140053,-0.180914558,-0.100378131,-0.270865906,0.766847767,1.587367424,1.560202687,-0.28553552,0.188402896
4400,1.590092361,-1.627853101,-0.142140053,-0.180730818,-0.100378131,-0.270865906,0.766847767,1.587367424,1.560202687,-0.28553552,0.188402896
4401,1.590092361,-1.627853101,-0.142140053,-0.180512055,-0.100378131,-0.270865906,0.766847767,1.587367424,1.560202687,-0.28553552,0.188402896
4402,1.590092361,-1.627853101,-0.142140053,-0.180187073,-0.100378131,-0.270865906,0.766847767,1.587367424,1.560202687,-0.28553552,0.188402896
4403,1.590092361,-1.627853101,-0.142140053,-0.1800069,-0.100378131,-0.270865906,0.766847767,1.587367424,1.560202687,-0.28553552,0.188402896
4404,1.590092361,-1.627853101,-0.142140053,-0.179833891,-0.100378131,-0.270865906,0.766847767,1.587367424,1.560202687,-0.28553552,0.188402896
4405,0.489290174,-1.627853101,-0.142140053,-0.179639244,-0.100378131,-0.270865906,0.766847767,1.587367424,1.560202687,-0.300630395,-0.842633605
4406,0.489290174,-1.627853101,-0.142140053,-0.17947233,-0.100378131,-0.270865906,0.766847767,1.587367424,1.560202687,-0.300630395,-0.842633605
4407,0.489290174,-1.627853101,-0.142140053,-0.179283182,-0.100378131,-0.270865906,0.766847767,1.587367424,1.560202687,-0.300630395,-0.842633605
4408,0.489290174,-1.627853101,-0.142140053,-0.179103305,-0.100378131,-0.270865906,0.766847767,1.587367424,1.560202687,-0.300630395,-0.842633605
4409,0.489290174,-1.627853101,-0.142140053,-0.178922202,-0.100378131,-0.270865906,0.766847767,1.587367424,1.560202687,-0.300630395,-0.842633605
4410,0.489290174,-1.627853101,-0.142140053,-0.178726129,-0.100378131,-0.270865906,0.766847767,1.587367424,1.560202687,-0.300630395,-0.842633605
4411,0.489290174,0.614306045,7.035314646,-0.181082882,-0.100378131,-0.288292831,0.766847767,1.587367424,-0.085740996,-0.300630395,-0.842633605
4412,0.489290174,0.614306045,-0.142140053,-0.180919423,-0.100378131,-0.288292831,0.766847767,1.587367424,-0.085740996,-0.300630395,-0.842633605
4413,0.489290174,0.614306045,-0.142140053,-0.180674783,-0.100378131,-0.288292831,0.766847767,1.587367424,-0.085740996,-0.300630395,-0.842633605
4414,0.489290174,0.614306045,-0.142140053,-0.180378326,-0.100378131,-0.288292831,0.766847767,1.587367424,-0.085740996,-0.300630395,-0.842633605
4415,0.489290174,0.614306045,-0.142140053,-0.180196092,-0.100378131,-0.288292831,0.766847767,1.587367424,-0.085740996,-0.300630395,-0.842633605
4416,0.626890448,0.614306045,-0.142140053,-0.180013116,-0.100378131,-0.288292831,0.766847767,1.587367424,-0.085740996,-0.451371112,1.184507192
4417,0.626890448,0.614306045,-0.142140053,-0.179837612,-0.100378131,-0.288292831,0.766847767,1.587367424,-0.085740996,-0.451371112,1.184507192
4418,0.626890448,0.614306045,-0.142140053,-0.17966217,-0.100378131,-0.288292831,0.766847767,1.587367424,-0.085740996,-0.451371112,1.184507192
4419,0.626890448,0.614306045,-0.142140053,-0.179470382,-0.100378131,-0.288292831,0.766847767,1.587367424,-0.085740996,-0.451371112,1.184507192
4420,0.626890448,0.614306045,-0.142140053,-0.179297206,-0.100378131,-0.288292831,0.766847767,1.587367424,-0.085740996,-0.451371112,1.184507192
4421,0.626890448,0.614306045,-0.142140053,-0.179105975,-0.100378131,-0.288292831,0.766847767,1.587367424,-0.085740996,-0.451371112,1.184507192
4422,0.764490721,0.614306045,-0.142140053,-0.178925682,-0.100378131,-0.288292831,0.766847767,1.587367424,-0.085740996,-0.468185485,0.025426383
4423,0.764490721,0.614306045,-0.142140053,-0.178751149,-0.100378131,-0.288292831,0.766847767,1.587367424,-0.085740996,-0.468185485,0.025426383
4424,0.764490721,0.614306045,-0.142140053,-0.178566148,-0.100378131,-0.288292831,0.766847767,1.587367424,-0.085740996,-0.468185485,0.025426383
4425,0.764490721,0.614306045,-0.142140053,-0.17838859,-0.100378131,-0.288292831,0.766847767,1.587367424,-0.085740996,-0.468185485,0.025426383
4426,0.764490721,0.614306045,-0.142140053,-0.178203921,-0.100378131,-0.288292831,0.766847767,1.587367424,-0.085740996,-0.468185485,0.025426383
4427,0.764490721,0.614306045,-0.142140053,-0.178031857,-0.100378131,-0.288292831,0.766847767,1.587367424,-0.085740996,-0.468185485,0.025426383
4428,0.902090994,0.614306045,-0.142140053,-0.177849391,-0.100378131,-0.288292831,0.766847767,1.587367424,-0.085740996,-0.632213985,0.499142058
4429,0.902090994,0.614306045,-0.142140053,-0.177665955,-0.100378131,-0.288292831,0.766847767,1.587367424,-0.085740996,-0.632213985,0.499142058
4430,0.902090994,0.614306045,-0.142140053,-0.177480559,-0.100378131,-0.288292831,0.766847767,1.587367424,-0.085740996,-0.632213985,0.499142058
4431,0.902090994,0.614306045,-0.142140053,-0.177305786,-0.100378131,-0.288292831,0.766847767,1.587367424,-0.085740996,-0.632213985,0.499142058
4432,0.902090994,0.614306045,-0.142140053,-0.177122114,-0.100378131,-0.288292831,0.766847767,1.587367424,-0.085740996,-0.632213985,0.499142058
4433,0.902090994,0.614306045,-0.142140053,-0.176936282,-0.100378131,-0.288292831,0.766847767,1.587367424,-0.085740996,-0.632213985,0.499142058
4434,1.039691268,0.614306045,-0.142140053,-0.176758318,-0.100378131,-0.288292831,0.766847767,1.587367424,-0.085740996,-0.765245104,0.349325381
4435,1.039691268,0.614306045,-0.142140053,-0.176579218,-0.100378131,-0.288292831,0.766847767,1.587367424,-0.085740996,-0.765245104,0.349325381
4436,1.039691268,0.614306045,-0.142140053,-0.176401357,-0.100378131,-0.288292831,0.766847767,1.587367424,-0.085740996,-0.765245104,0.349325381
4437,1.039691268,0.614306045,-0.142140053,-0.176217161,-0.100378131,-0.288292831,0.766847767,1.587367424,-0.085740996,-0.765245104,0.349325381
4438,1.039691268,0.614306045,-0.142140053,-0.176035783,-0.100378131,-0.288292831,0.766847767,1.587367424,-0.085740996,-0.765245104,0.349325381
4439,1.039691268,0.614306045,-0.142140053,-0.175838427,-0.100378131,-0.288292831,0.766847767,1.587367424,-0.085740996,-0.765245104,0.349325381
4440,1.177291541,0.614306045,-0.142140053,-0.175669695,-0.100378131,-0.288292831,0.766847767,1.587367424,-0.085740996,-0.722577389,1.870105675
4441,1.177291541,0.614306045,-0.142140053,-0.175499318,-0.100378131,-0.288292831,0.766847767,1.587367424,-0.085740996,-0.722577389,1.870105675
4442,1.177291541,0.614306045,-0.142140053,-0.175313921,-0.100378131,-0.288292831,0.766847767,1.587367424,-0.085740996,-0.722577389,1.870105675
4443,1.177291541,0.614306045,-0.142140053,-0.175122654,-0.100378131,-0.288292831,0.766847767,1.587367424,-0.085740996,-0.722577389,1.870105675
4444,1.177291541,0.614306045,-0.142140053,-0.174930762,-0.100378131,-0.288292831,0.766847767,1.587367424,-0.085740996,-0.722577389,1.870105675
4445,1.177291541,0.614306045,-0.142140053,-0.174766038,-0.100378131,-0.288292831,0.766847767,1.587367424,-0.085740996,-0.722577389,1.870105675
4446,1.314891814,0.614306045,-0.142140053,-0.174594274,-0.100378131,-0.288292831,0.766847767,1.587367424,-0.085740996,-0.602593604,-1.581531403
4447,1.314891814,0.614306045,-0.142140053,-0.17440795,-0.100378131,-0.288292831,0.766847767,1.587367424,-0.085740996,-0.602593604,-1.581531403
4448,1.314891814,0.614306045,-0.142140053,-0.174227739,-0.100378131,-0.288292831,0.766847767,1.587367424,-0.085740996,-0.602593604,-1.581531403
4449,1.314891814,0.614306045,-0.142140053,-0.174037382,-0.100378131,-0.288292831,0.766847767,1.587367424,-0.085740996,-0.602593604,-1.581531403
4450,1.314891814,0.614306045,-0.142140053,-0.173863758,-0.100378131,-0.288292831,0.766847767,1.587367424,-0.085740996,-0.602593604,-1.581531403
4451,1.314891814,0.614306045,-0.142140053,-0.173681146,-0.100378131,-0.288292831,0.766847767,1.587367424,-0.085740996,-0.602593604,-1.581531403
4452,1.452492087,0.614306045,-0.142140053,-0.173501951,-0.100378131,-0.288292831,0.766847767,1.587367424,-0.085740996,-0.547299014,1.574273455
4453,1.452492087,0.614306045,-0.142140053,-0.173326338,-0.100378131,-0.288292831,0.766847767,1.587367424,-0.085740996,-0.547299014,1.574273455
4454,1.452492087,0.614306045,-0.142140053,-0.173121133,-0.100378131,-0.288292831,0.766847767,1.587367424,-0.085740996,-0.547299014,1.574273455
4455,1.452492087,0.614306045,-0.142140053,-0.172958684,-0.100378131,-0.288292831,0.766847767,1.587367424,-0.085740996,-0.547299014,1.574273455
4456,1.452492087,0.614306045,-0.142140053,-0.172787833,-0.100378131,-0.288292831,0.766847767,1.587367424,-0.085740996,-0.547299014,1.574273455
4457,1.452492087,0.614306045,-0.142140053,-0.172588311,-0.100378131,-0.288292831,0.766847767,1.587367424,-0.085740996,-0.547299014,1.574273455
4458,1.590092361,0.614306045,-0.142140053,-0.172423903,-0.100378131,-0.288292831,0.766847767,1.587367424,-0.085740996,-0.28553552,0.188402896
4459,1.590092361,0.614306045,-0.142140053,-0.172206843,-0.100378131,-0.288292831,0.766847767,1.587367424,-0.085740996,-0.28553552,0.188402896
4460,1.590092361,0.614306045,-0.142140053,-0.172052877,-0.100378131,-0.288292831,0.766847767,1.587367424,-0.085740996,-0.28553552,0.188402896
4461,1.590092361,0.614306045,-0.142140053,-0.171861462,-0.100378131,-0.288292831,0.766847767,1.587367424,-0.085740996,-0.28553552,0.188402896
4462,1.590092361,0.614306045,-0.142140053,-0.171702227,-0.100378131,-0.288292831,0.766847767,1.587367424,-0.085740996,-0.28553552,0.188402896
4463,1.590092361,0.614306045,-0.142140053,-0.171517837,-0.100378131,-0.288292831,0.766847767,1.587367424,-0.085740996,-0.28553552,0.188402896
4464,1.727692634,0.614306045,-0.142140053,-0.171336714,-0.100378131,-0.288292831,0.766847767,1.587367424,-0.085740996,-0.297674051,2.455582227
4465,1.727692634,0.614306045,-0.142140053,-0.171159568,-0.100378131,-0.288292831,0.766847767,1.587367424,-0.085740996,-0.297674051,2.455582227
4466,1.727692634,0.614306045,-0.142140053,-0.170978479,-0.100378131,-0.288292831,0.766847767,1.587367424,-0.085740996,-0.297674051,2.455582227
4467,1.727692634,-1.627853101,7.035314646,-0.181082882,-0.099075027,-0.288292831,0.939347669,1.587367424,1.560202687,-0.297674051,2.455582227
4468,1.727692634,-1.627853101,-0.142140053,-0.18094411,-0.099075027,-0.288292831,0.939347669,1.587367424,1.560202687,-0.297674051,2.455582227
4469,1.727692634,-1.627853101,-0.142140053,-0.180713948,-0.099075027,-0.288292831,0.939347669,1.587367424,1.560202687,-0.297674051,2.455582227
4470,1.727692634,-1.627853101,-0.142140053,-0.180580338,-0.099075027,-0.288292831,0.939347669,1.587367424,1.560202687,-0.297674051,2.455582227
4471,1.727692634,-1.627853101,-0.142140053,-0.180397488,-0.099075027,-0.288292831,0.939347669,1.587367424,1.560202687,-0.297674051,2.455582227
4472,1.727692634,-1.627853101,-0.142140053,-0.180217657,-0.099075027,-0.288292831,0.939347669,1.587367424,1.560202687,-0.297674051,2.455582227
4473,1.727692634,-1.627853101,-0.142140053,-0.180033661,-0.099075027,-0.288292831,0.939347669,1.587367424,1.560202687,-0.297674051,2.455582227
4474,0.626890448,-1.627853101,-0.142140053,-0.179841899,-0.099075027,-0.288292831,0.939347669,1.587367424,1.560202687,-0.451371112,1.184507192
4475,0.626890448,-1.627853101,-0.142140053,-0.179672242,-0.099075027,-0.288292831,0.939347669,1.587367424,1.560202687,-0.451371112,1.184507192
4476,0.626890448,-1.627853101,-0.142140053,-0.179479197,-0.099075027,-0.288292831,0.939347669,1.587367424,1.560202687,-0.451371112,1.184507192
4477,0.626890448,-1.627853101,-0.142140053,-0.179307124,-0.099075027,-0.288292831,0.939347669,1.587367424,1.560202687,-0.451371112,1.184507192
4478,0.626890448,-1.627853101,-0.142140053,-0.179129181,-0.099075027,-0.288292831,0.939347669,1.587367424,1.560202687,-0.451371112,1.184507192
4479,0.626890448,-1.627853101,-0.142140053,-0.178938876,-0.099075027,-0.288292831,0.939347669,1.587367424,1.560202687,-0.451371112,1.184507192
4480,0.626890448,-1.627853101,-0.142140053,-0.178761488,-0.099075027,-0.288292831,0.939347669,1.587367424,1.560202687,-0.451371112,1.184507192
4481,0.626890448,0.614306045,7.035314646,-0.181082882,-0.099075027,-0.292710569,0.939347669,1.745383069,-0.085740996,-0.451371112,1.184507192
4482,0.626890448,0.614306045,-0.142140053,-0.180901274,-0.099075027,-0.292710569,0.939347669,1.745383069,-0.085740996,-0.451371112,1.184507192
4483,0.626890448,0.614306045,-0.142140053,-0.180711589,-0.099075027,-0.292710569,0.939347669,1.745383069,-0.085740996,-0.451371112,1.184507192
4484,0.626890448,0.614306045,-0.142140053,-0.180537117,-0.099075027,-0.292710569,0.939347669,1.745383069,-0.085740996,-0.451371112,1.184507192
4485,0.626890448,0.614306045,-0.142140053,-0.180337161,-0.099075027,-0.292710569,0.939347669,1.745383069,-0.085740996,-0.451371112,1.184507192
4486,0.764490721,0.614306045,-0.142140053,-0.180168377,-0.099075027,-0.292710569,0.939347669,1.745383069,-0.085740996,-0.468185485,0.025426383
4487,0.764490721,0.614306045,-0.142140053,-0.17998024,-0.099075027,-0.292710569,0.939347669,1.745383069,-0.085740996,-0.468185485,0.025426383
4488,0.764490721,0.614306045,-0.142140053,-0.179806442,-0.099075027,-0.292710569,0.939347669,1.745383069,-0.085740996,-0.468185485,0.025426383
4489,0.764490721,0.614306045,-0.142140053,-0.179630594,-0.099075027,-0.292710569,0.939347669,1.745383069,-0.085740996,-0.468185485,0.025426383
4490,0.764490721,0.614306045,-0.142140053,-0.179452477,-0.099075027,-0.292710569,0.939347669,1.745383069,-0.085740996,-0.468185485,0.025426383
4491,0.764490721,0.614306045,-0.142140053,-0.179277074,-0.099075027,-0.292710569,0.939347669,1.745383069,-0.085740996,-0.468185485,0.025426383
4492,0.902090994,0.614306045,-0.142140053,-0.179089247,-0.099075027,-0.292710569,0.939347669,1.745383069,-0.085740996,-0.632213985,0.499142058
4493,0.902090994,0.614306045,-0.142140053,-0.178900954,-0.099075027,-0.292710569,0.939347669,1.745383069,-0.085740996,-0.632213985,0.499142058
4494,0.902090994,0.614306045,-0.142140053,-0.178706063,-0.099075027,-0.292710569,0.939347669,1.745383069,-0.085740996,-0.632213985,0.499142058
4495,0.902090994,0.614306045,-0.142140053,-0.178546519,-0.099075027,-0.292710569,0.939347669,1.745383069,-0.085740996,-0.632213985,0.499142058
4496,0.902090994,0.614306045,-0.142140053,-0.178354595,-0.099075027,-0.292710569,0.939347669,1.745383069,-0.085740996,-0.632213985,0.499142058
4497,0.902090994,0.614306045,-0.142140053,-0.178177452,-0.099075027,-0.292710569,0.939347669,1.745383069,-0.085740996,-0.632213985,0.499142058
4498,1.039691268,0.614306045,-0.142140053,-0.178000922,-0.099075027,-0.292710569,0.939347669,1.745383069,-0.085740996,-0.765245104,0.349325381
4499,1.039691268,0.614306045,-0.142140053,-0.177826809,-0.099075027,-0.292710569,0.939347669,1.745383069,-0.085740996,-0.765245104,0.349325381
4500,1.039691268,0.614306045,-0.142140053,-0.177644719,-0.099075027,-0.292710569,0.939347669,1.745383069,-0.085740996,-0.765245104,0.349325381
4501,1.039691268,0.614306045,-0.142140053,-0.177458148,-0.099075027,-0.292710569,0.939347669,1.745383069,-0.085740996,-0.765245104,0.349325381
4502,1.039691268,0.614306045,-0.142140053,-0.177279529,-0.099075027,-0.292710569,0.939347669,1.745383069,-0.085740996,-0.765245104,0.349325381
4503,1.039691268,0.614306045,-0.142140053,-0.177101908,-0.099075027,-0.292710569,0.939347669,1.745383069,-0.085740996,-0.765245104,0.349325381
4504,1.177291541,0.614306045,-0.142140053,-0.176877667,-0.099075027,-0.292710569,0.939347669,1.745383069,-0.085740996,-0.722577389,1.870105675
4505,1.177291541,0.614306045,-0.142140053,-0.176733845,-0.099075027,-0.292710569,0.939347669,1.745383069,-0.085740996,-0.722577389,1.870105675
4506,1.177291541,0.614306045,-0.142140053,-0.176554942,-0.099075027,-0.292710569,0.939347669,1.745383069,-0.085740996,-0.722577389,1.870105675
4507,1.177291541,0.614306045,-0.142140053,-0.176374781,-0.099075027,-0.292710569,0.939347669,1.745383069,-0.085740996,-0.722577389,1.870105675
4508,1.177291541,0.614306045,-0.142140053,-0.176196585,-0.099075027,-0.292710569,0.939347669,1.745383069,-0.085740996,-0.722577389,1.870105675
4509,1.177291541,0.614306045,-0.142140053,-0.17601165,-0.099075027,-0.292710569,0.939347669,1.745383069,-0.085740996,-0.722577389,1.870105675
4510,1.314891814,0.614306045,-0.142140053,-0.175831612,-0.099075027,-0.292710569,0.939347669,1.745383069,-0.085740996,-0.602593604,-1.581531403
4511,1.314891814,0.614306045,-0.142140053,-0.175656479,-0.099075027,-0.292710569,0.939347669,1.745383069,-0.085740996,-0.602593604,-1.581531403
4512,1.314891814,0.614306045,-0.142140053,-0.175472871,-0.099075027,-0.292710569,0.939347669,1.745383069,-0.085740996,-0.602593604,-1.581531403
4513,1.314891814,0.614306045,-0.142140053,-0.175291482,-0.099075027,-0.292710569,0.939347669,1.745383069,-0.085740996,-0.602593604,-1.581531403
4514,1.314891814,0.614306045,-0.142140053,-0.175072279,-0.099075027,-0.292710569,0.939347669,1.745383069,-0.085740996,-0.602593604,-1.581531403
4515,1.314891814,0.614306045,-0.142140053,-0.174931937,-0.099075027,-0.292710569,0.939347669,1.745383069,-0.085740996,-0.602593604,-1.581531403
4516,1.452492087,0.614306045,-0.142140053,-0.174751676,-0.099075027,-0.292710569,0.939347669,1.745383069,-0.085740996,-0.547299014,1.574273455
4517,1.452492087,0.614306045,-0.142140053,-0.174552759,-0.099075027,-0.292710569,0.939347669,1.745383069,-0.085740996,-0.547299014,1.574273455
4518,1.452492087,0.614306045,-0.142140053,-0.174392468,-0.099075027,-0.292710569,0.939347669,1.745383069,-0.085740996,-0.547299014,1.574273455
4519,1.452492087,0.614306045,-0.142140053,-0.174207044,-0.099075027,-0.292710569,0.939347669,1.745383069,-0.085740996,-0.547299014,1.574273455
4520,1.452492087,0.614306045,-0.142140053,-0.174026179,-0.099075027,-0.292710569,0.939347669,1.745383069,-0.085740996,-0.547299014,1.574273455
4521,1.452492087,-1.627853101,7.035314646,-0.181082882,-0.102639158,-0.292710569,0.594347864,1.745383069,1.560202687,-0.547299014,1.574273455
4522,1.452492087,-1.627853101,-0.142140053,-0.180903768,-0.102639158,-0.292710569,0.594347864,1.745383069,1.560202687,-0.547299014,1.574273455
4523,1.452492087,-1.627853101,-0.142140053,-0.180717559,-0.102639158,-0.292710569,0.594347864,1.745383069,1.560202687,-0.547299014,1.574273455
4524,1.452492087,-1.627853101,-0.142140053,-0.180543794,-0.102639158,-0.292710569,0.594347864,1.745383069,1.560202687,-0.547299014,1.574273455
4525,1.452492087,-1.627853101,-0.142140053,-0.180353767,-0.102639158,-0.292710569,0.594347864,1.745383069,1.560202687,-0.547299014,1.574273455
4526,1.452492087,-1.627853101,-0.142140053,-0.180174224,-0.102639158,-0.292710569,0.594347864,1.745383069,1.560202687,-0.547299014,1.574273455
4527,1.452492087,-1.627853101,-0.142140053,-0.180005358,-0.102639158,-0.292710569,0.594347864,1.745383069,1.560202687,-0.547299014,1.574273455
4528,0.351689901,-1.627853101,-0.142140053,-0.17980843,-0.102639158,-0.292710569,0.594347864,1.745383069,1.560202687,-0.38205907,-0.893572516
4529,0.351689901,-1.627853101,-0.142140053,-0.17963225,-0.102639158,-0.292710569,0.594347864,1.745383069,1.560202687,-0.38205907,-0.893572516
4530,0.351689901,-1.627853101,-0.142140053,-0.179461008,-0.102639158,-0.292710569,0.594347864,1.745383069,1.560202687,-0.38205907,-0.893572516
4531,0.351689901,-1.627853101,-0.142140053,-0.179277576,-0.102639158,-0.292710569,0.594347864,1.745383069,1.560202687,-0.38205907,-0.893572516
4532,0.351689901,-1.627853101,-0.142140053,-0.179095551,-0.102639158,-0.292710569,0.594347864,1.745383069,1.560202687,-0.38205907,-0.893572516
4533,0.351689901,-1.627853101,-0.142140053,-0.178914571,-0.102639158,-0.292710569,0.594347864,1.745383069,1.560202687,-0.38205907,-0.893572516
4534,0.351689901,0.614306045,7.035314646,-0.181082882,-0.102639158,-0.306314667,0.594347864,1.429351779,-0.085740996,-0.38205907,-0.893572516
4535,0.351689901,0.614306045,-0.142140053,-0.180906417,-0.102639158,-0.306314667,0.594347864,1.429351779,-0.085740996,-0.38205907,-0.893572516
4536,0.351689901,0.614306045,-0.142140053,-0.18073296,-0.102639158,-0.306314667,0.594347864,1.429351779,-0.085740996,-0.38205907,-0.893572516
4537,0.351689901,0.614306045,-0.142140053,-0.18051587,-0.102639158,-0.306314667,0.594347864,1.429351779,-0.085740996,-0.38205907,-0.893572516
4538,0.351689901,0.614306045,-0.142140053,-0.180373994,-0.102639158,-0.306314667,0.594347864,1.429351779,-0.085740996,-0.38205907,-0.893572516
4539,0.489290174,0.614306045,-0.142140053,-0.180191676,-0.102639158,-0.306314667,0.594347864,1.429351779,-0.085740996,-0.300630395,-0.842633605
4540,0.489290174,0.614306045,-0.142140053,-0.180007833,-0.102639158,-0.306314667,0.594347864,1.429351779,-0.085740996,-0.300630395,-0.842633605
4541,0.489290174,0.614306045,-0.142140053,-0.179835123,-0.102639158,-0.306314667,0.594347864,1.429351779,-0.085740996,-0.300630395,-0.842633605
4542,0.489290174,0.614306045,-0.142140053,-0.179654172,-0.102639158,-0.306314667,0.594347864,1.429351779,-0.085740996,-0.300630395,-0.842633605
4543,0.489290174,0.614306045,-0.142140053,-0.179468776,-0.102639158,-0.306314667,0.594347864,1.429351779,-0.085740996,-0.300630395,-0.842633605
4544,0.489290174,0.614306045,-0.142140053,-0.17928863,-0.102639158,-0.306314667,0.594347864,1.429351779,-0.085740996,-0.300630395,-0.842633605
4545,0.626890448,0.614306045,-0.142140053,-0.179110455,-0.102639158,-0.306314667,0.594347864,1.429351779,-0.085740996,-0.451371112,1.184507192
4546,0.626890448,0.614306045,-0.142140053,-0.178920593,-0.102639158,-0.306314667,0.594347864,1.429351779,-0.085740996,-0.451371112,1.184507192
4547,0.626890448,0.614306045,-0.142140053,-0.178743973,-0.102639158,-0.306314667,0.594347864,1.429351779,-0.085740996,-0.451371112,1.184507192
4548,0.626890448,0.614306045,-0.142140053,-0.178561751,-0.102639158,-0.306314667,0.594347864,1.429351779,-0.085740996,-0.451371112,1.184507192
4549,0.626890448,0.614306045,-0.142140053,-0.178385345,-0.102639158,-0.306314667,0.594347864,1.429351779,-0.085740996,-0.451371112,1.184507192
4550,0.626890448,0.614306045,-0.142140053,-0.17820819,-0.102639158,-0.306314667,0.594347864,1.429351779,-0.085740996,-0.451371112,1.184507192
4551,0.764490721,0.614306045,-0.142140053,-0.178014597,-0.102639158,-0.306314667,0.594347864,1.429351779,-0.085740996,-0.468185485,0.025426383
4552,0.764490721,0.614306045,-0.142140053,-0.177843849,-0.102639158,-0.306314667,0.594347864,1.429351779,-0.085740996,-0.468185485,0.025426383
4553,0.764490721,0.614306045,-0.142140053,-0.177659653,-0.102639158,-0.306314667,0.594347864,1.429351779,-0.085740996,-0.468185485,0.025426383
4554,0.764490721,0.614306045,-0.142140053,-0.177481495,-0.102639158,-0.306314667,0.594347864,1.429351779,-0.085740996,-0.468185485,0.025426383
4555,0.764490721,0.614306045,-0.142140053,-0.177301215,-0.102639158,-0.306314667,0.594347864,1.429351779,-0.085740996,-0.468185485,0.025426383
4556,0.764490721,0.614306045,-0.142140053,-0.177120769,-0.102639158,-0.306314667,0.594347864,1.429351779,-0.085740996,-0.468185485,0.025426383
4557,0.902090994,0.614306045,-0.142140053,-0.176936659,-0.102639158,-0.306314667,0.594347864,1.429351779,-0.085740996,-0.632213985,0.499142058
4558,0.902090994,0.614306045,-0.142140053,-0.176757759,-0.102639158,-0.306314667,0.594347864,1.429351779,-0.085740996,-0.632213985,0.499142058
4559,0.902090994,0.614306045,-0.142140053,-0.176574632,-0.102639158,-0.306314667,0.594347864,1.429351779,-0.085740996,-0.632213985,0.499142058
4560,0.902090994,0.614306045,-0.142140053,-0.17639895,-0.102639158,-0.306314667,0.594347864,1.429351779,-0.085740996,-0.632213985,0.499142058
4561,0.902090994,0.614306045,-0.142140053,-0.176209447,-0.102639158,-0.306314667,0.594347864,1.429351779,-0.085740996,-0.632213985,0.499142058
4562,0.902090994,0.614306045,-0.142140053,-0.176035419,-0.102639158,-0.306314667,0.594347864,1.429351779,-0.085740996,-0.632213985,0.499142058
4563,1.039691268,0.614306045,-0.142140053,-0.175846854,-0.102639158,-0.306314667,0.594347864,1.429351779,-0.085740996,-0.765245104,0.349325381
4564,1.039691268,0.614306045,-0.142140053,-0.175676925,-0.102639158,-0.306314667,0.594347864,1.429351779,-0.085740996,-0.765245104,0.349325381
4565,1.039691268,0.614306045,-0.142140053,-0.175490446,-0.102639158,-0.306314667,0.594347864,1.429351779,-0.085740996,-0.765245104,0.349325381
4566,1.039691268,0.614306045,-0.142140053,-0.175311529,-0.102639158,-0.306314667,0.594347864,1.429351779,-0.085740996,-0.765245104,0.349325381
4567,1.039691268,0.614306045,-0.142140053,-0.175127479,-0.102639158,-0.306314667,0.594347864,1.429351779,-0.085740996,-0.765245104,0.349325381
4568,1.039691268,0.614306045,-0.142140053,-0.174944842,-0.102639158,-0.306314667,0.594347864,1.429351779,-0.085740996,-0.765245104,0.349325381
4569,1.177291541,0.614306045,-0.142140053,-0.174727953,-0.102639158,-0.306314667,0.594347864,1.429351779,-0.085740996,-0.722577389,1.870105675
4570,1.177291541,0.614306045,-0.142140053,-0.174589031,-0.102639158,-0.306314667,0.594347864,1.429351779,-0.085740996,-0.722577389,1.870105675
4571,1.177291541,0.614306045,-0.142140053,-0.174401436,-0.102639158,-0.306314667,0.594347864,1.429351779,-0.085740996,-0.722577389,1.870105675
4572,1.177291541,0.614306045,-0.142140053,-0.174216074,-0.102639158,-0.306314667,0.594347864,1.429351779,-0.085740996,-0.722577389,1.870105675
4573,1.177291541,0.614306045,-0.142140053,-0.17404343,-0.102639158,-0.306314667,0.594347864,1.429351779,-0.085740996,-0.722577389,1.870105675
4574,1.177291541,0.614306045,-0.142140053,-0.173869892,-0.102639158,-0.306314667,0.594347864,1.429351779,-0.085740996,-0.722577389,1.870105675
4575,1.314891814,0.614306045,-0.142140053,-0.173675618,-0.102639158,-0.306314667,0.594347864,1.429351779,-0.085740996,-0.602593604,-1.581531403
4576,1.314891814,0.614306045,-0.142140053,-0.173496903,-0.102639158,-0.306314667,0.594347864,1.429351779,-0.085740996,-0.602593604,-1.581531403
4577,1.314891814,0.614306045,-0.142140053,-0.173310251,-0.102639158,-0.306314667,0.594347864,1.429351779,-0.085740996,-0.602593604,-1.581531403
4578,1.314891814,0.614306045,-0.142140053,-0.173138574,-0.102639158,-0.306314667,0.594347864,1.429351779,-0.085740996,-0.602593604,-1.581531403
4579,1.314891814,0.614306045,-0.142140053,-0.172964155,-0.102639158,-0.306314667,0.594347864,1.429351779,-0.085740996,-0.602593604,-1.581531403
4580,1.314891814,0.614306045,-0.142140053,-0.172784863,-0.102639158,-0.306314667,0.594347864,1.429351779,-0.085740996,-0.602593604,-1.581531403
4581,1.452492087,0.614306045,-0.142140053,-0.172595167,-0.102639158,-0.306314667,0.594347864,1.429351779,-0.085740996,-0.547299014,1.574273455
4582,1.452492087,0.614306045,-0.142140053,-0.172417568,-0.102639158,-0.306314667,0.594347864,1.429351779,-0.085740996,-0.547299014,1.574273455
4583,1.452492087,0.614306045,-0.142140053,-0.172230478,-0.102639158,-0.306314667,0.594347864,1.429351779,-0.085740996,-0.547299014,1.574273455
4584,1.452492087,0.614306045,-0.142140053,-0.172056551,-0.102639158,-0.306314667,0.594347864,1.429351779,-0.085740996,-0.547299014,1.574273455
4585,1.452492087,0.614306045,-0.142140053,-0.171881331,-0.102639158,-0.306314667,0.594347864,1.429351779,-0.085740996,-0.547299014,1.574273455
4586,1.452492087,0.614306045,-0.142140053,-0.171697712,-0.102639158,-0.306314667,0.594347864,1.429351779,-0.085740996,-0.547299014,1.574273455
4587,1.590092361,0.614306045,-0.142140053,-0.171506208,-0.102639158,-0.306314667,0.594347864,1.429351779,-0.085740996,-0.28553552,0.188402896
4588,1.590092361,0.614306045,-0.142140053,-0.171279718,-0.102639158,-0.306314667,0.594347864,1.429351779,-0.085740996,-0.28553552,0.188402896
4589,1.590092361,-1.627853101,7.035314646,-0.181082882,-0.099256364,-0.306314667,0.766847767,1.429351779,1.560202687,-0.28553552,0.188402896
4590,1.590092361,-1.627853101,-0.142140053,-0.180777336,-0.099256364,-0.306314667,0.766847767,1.429351779,1.560202687,-0.28553552,0.188402896
4591,1.590092361,-1.627853101,-0.142140053,-0.180591081,-0.099256364,-0.306314667,0.766847767,1.429351779,1.560202687,-0.28553552,0.188402896
4592,1.590092361,-1.627853101,-0.142140053,-0.180414048,-0.099256364,-0.306314667,0.766847767,1.429351779,1.560202687,-0.28553552,0.188402896
4593,1.590092361,-1.627853101,-0.142140053,-0.18023545,-0.099256364,-0.306314667,0.766847767,1.429351779,1.560202687,-0.28553552,0.188402896
4594,1.590092361,-1.627853101,-0.142140053,-0.180052677,-0.099256364,-0.306314667,0.766847767,1.429351779,1.560202687,-0.28553552,0.188402896
4595,1.590092361,-1.627853101,-0.142140053,-0.179861926,-0.099256364,-0.306314667,0.766847767,1.429351779,1.560202687,-0.28553552,0.188402896
4596,0.489290174,-1.627853101,-0.142140053,-0.179686478,-0.099256364,-0.306314667,0.766847767,1.429351779,1.560202687,-0.300630395,-0.842633605
4597,0.489290174,-1.627853101,-0.142140053,-0.179511106,-0.099256364,-0.306314667,0.766847767,1.429351779,1.560202687,-0.300630395,-0.842633605
4598,0.489290174,-1.627853101,-0.142140053,-0.179324447,-0.099256364,-0.306314667,0.766847767,1.429351779,1.560202687,-0.300630395,-0.842633605
4599,0.489290174,-1.627853101,-0.142140053,-0.179148493,-0.099256364,-0.306314667,0.766847767,1.429351779,1.560202687,-0.300630395,-0.842633605
4600,0.489290174,-1.627853101,-0.142140053,-0.178963369,-0.099256364,-0.306314667,0.766847767,1.429351779,1.560202687,-0.300630395,-0.842633605
4601,0.489290174,0.614306045,7.035314646,-0.181082882,-0.099256364,-0.309252322,0.766847767,1.587367424,-0.085740996,-0.300630395,-0.842633605
4602,0.489290174,0.614306045,-0.142140053,-0.180939876,-0.099256364,-0.309252322,0.766847767,1.587367424,-0.085740996,-0.300630395,-0.842633605
4603,0.489290174,0.614306045,-0.142140053,-0.180669405,-0.099256364,-0.309252322,0.766847767,1.587367424,-0.085740996,-0.300630395,-0.842633605
4604,0.489290174,0.614306045,-0.142140053,-0.180396551,-0.099256364,-0.309252322,0.766847767,1.587367424,-0.085740996,-0.300630395,-0.842633605
4605,0.489290174,0.614306045,-0.142140053,-0.180209373,-0.099256364,-0.309252322,0.766847767,1.587367424,-0.085740996,-0.300630395,-0.842633605
4606,0.626890448,0.614306045,-0.142140053,-0.180037709,-0.099256364,-0.309252322,0.766847767,1.587367424,-0.085740996,-0.451371112,1.184507192
4607,0.626890448,0.614306045,-0.142140053,-0.179848972,-0.099256364,-0.309252322,0.766847767,1.587367424,-0.085740996,-0.451371112,1.184507192
4608,0.626890448,0.614306045,-0.142140053,-0.179676903,-0.099256364,-0.309252322,0.766847767,1.587367424,-0.085740996,-0.451371112,1.184507192
4609,0.626890448,0.614306045,-0.142140053,-0.179489199,-0.099256364,-0.309252322,0.766847767,1.587367424,-0.085740996,-0.451371112,1.184507192
4610,0.626890448,0.614306045,-0.142140053,-0.17929386,-0.099256364,-0.309252322,0.766847767,1.587367424,-0.085740996,-0.451371112,1.184507192
4611,0.626890448,0.614306045,-0.142140053,-0.179077964,-0.099256364,-0.309252322,0.766847767,1.587367424,-0.085740996,-0.451371112,1.184507192
4612,0.764490721,0.614306045,-0.142140053,-0.178767914,-0.099256364,-0.309252322,0.766847767,1.587367424,-0.085740996,-0.468185485,0.025426383
4613,0.764490721,0.614306045,-0.142140053,-0.178586463,-0.099256364,-0.309252322,0.766847767,1.587367424,-0.085740996,-0.468185485,0.025426383
4614,0.764490721,0.614306045,-0.142140053,-0.178407262,-0.099256364,-0.309252322,0.766847767,1.587367424,-0.085740996,-0.468185485,0.025426383
4615,0.764490721,0.614306045,-0.142140053,-0.178195409,-0.099256364,-0.309252322,0.766847767,1.587367424,-0.085740996,-0.468185485,0.025426383
4616,0.764490721,0.614306045,-0.142140053,-0.178031648,-0.099256364,-0.309252322,0.766847767,1.587367424,-0.085740996,-0.468185485,0.025426383
4617,0.764490721,0.614306045,-0.142140053,-0.177861219,-0.099256364,-0.309252322,0.766847767,1.587367424,-0.085740996,-0.468185485,0.025426383
4618,0.902090994,0.614306045,-0.142140053,-0.1776776,-0.099256364,-0.309252322,0.766847767,1.587367424,-0.085740996,-0.632213985,0.499142058
4619,0.902090994,0.614306045,-0.142140053,-0.177494549,-0.099256364,-0.309252322,0.766847767,1.587367424,-0.085740996,-0.632213985,0.499142058
4620,0.902090994,0.614306045,-0.142140053,-0.177303832,-0.099256364,-0.309252322,0.766847767,1.587367424,-0.085740996,-0.632213985,0.499142058
4621,0.902090994,0.614306045,-0.142140053,-0.17714264,-0.099256364,-0.309252322,0.766847767,1.587367424,-0.085740996,-0.632213985,0.499142058
4622,0.902090994,0.614306045,-0.142140053,-0.176966439,-0.099256364,-0.309252322,0.766847767,1.587367424,-0.085740996,-0.632213985,0.499142058
4623,0.902090994,0.614306045,-0.142140053,-0.176782115,-0.099256364,-0.309252322,0.766847767,1.587367424,-0.085740996,-0.632213985,0.499142058
4624,1.039691268,0.614306045,-0.142140053,-0.176604773,-0.099256364,-0.309252322,0.766847767,1.587367424,-0.085740996,-0.765245104,0.349325381
4625,1.039691268,0.614306045,-0.142140053,-0.176418491,-0.099256364,-0.309252322,0.766847767,1.587367424,-0.085740996,-0.765245104,0.349325381
4626,1.039691268,0.614306045,-0.142140053,-0.176233671,-0.099256364,-0.309252322,0.766847767,1.587367424,-0.085740996,-0.765245104,0.349325381
4627,1.039691268,0.614306045,-0.142140053,-0.176057492,-0.099256364,-0.309252322,0.766847767,1.587367424,-0.085740996,-0.765245104,0.349325381
4628,1.039691268,0.614306045,-0.142140053,-0.17586745,-0.099256364,-0.309252322,0.766847767,1.587367424,-0.085740996,-0.765245104,0.349325381
4629,1.039691268,0.614306045,-0.142140053,-0.175691255,-0.099256364,-0.309252322,0.766847767,1.587367424,-0.085740996,-0.765245104,0.349325381
4630,1.177291541,0.614306045,-0.142140053,-0.175512779,-0.099256364,-0.309252322,0.766847767,1.587367424,-0.085740996,-0.722577389,1.870105675
4631,1.177291541,0.614306045,-0.142140053,-0.175332623,-0.099256364,-0.309252322,0.766847767,1.587367424,-0.085740996,-0.722577389,1.870105675
4632,1.177291541,0.614306045,-0.142140053,-0.175149685,-0.099256364,-0.309252322,0.766847767,1.587367424,-0.085740996,-0.722577389,1.870105675
4633,1.177291541,0.614306045,-0.142140053,-0.174971044,-0.099256364,-0.309252322,0.766847767,1.587367424,-0.085740996,-0.722577389,1.870105675
4634,1.177291541,0.614306045,-0.142140053,-0.174788818,-0.099256364,-0.309252322,0.766847767,1.587367424,-0.085740996,-0.722577389,1.870105675
4635,1.177291541,0.614306045,-0.142140053,-0.17458186,-0.099256364,-0.309252322,0.766847767,1.587367424,-0.085740996,-0.722577389,1.870105675
4636,1.314891814,0.614306045,-0.142140053,-0.174433721,-0.099256364,-0.309252322,0.766847767,1.587367424,-0.085740996,-0.602593604,-1.581531403
4637,1.314891814,0.614306045,-0.142140053,-0.174247504,-0.099256364,-0.309252322,0.766847767,1.587367424,-0.085740996,-0.602593604,-1.581531403
4638,1.314891814,0.614306045,-0.142140053,-0.174071498,-0.099256364,-0.309252322,0.766847767,1.587367424,-0.085740996,-0.602593604,-1.581531403
4639,1.314891814,0.614306045,-0.142140053,-0.173885471,-0.099256364,-0.309252322,0.766847767,1.587367424,-0.085740996,-0.602593604,-1.581531403
4640,1.314891814,0.614306045,-0.142140053,-0.173687097,-0.099256364,-0.309252322,0.766847767,1.587367424,-0.085740996,-0.602593604,-1.581531403
4641,1.314891814,0.614306045,-0.142140053,-0.173524018,-0.099256364,-0.309252322,0.766847767,1.587367424,-0.085740996,-0.602593604,-1.581531403
4642,1.452492087,0.614306045,-0.142140053,-0.17333523,-0.099256364,-0.309252322,0.766847767,1.587367424,-0.085740996,-0.547299014,1.574273455
4643,1.452492087,0.614306045,-0.142140053,-0.173158854,-0.099256364,-0.309252322,0.766847767,1.587367424,-0.085740996,-0.547299014,1.574273455
4644,1.452492087,0.614306045,-0.142140053,-0.172980605,-0.099256364,-0.309252322,0.766847767,1.587367424,-0.085740996,-0.547299014,1.574273455
4645,1.452492087,0.614306045,-0.142140053,-0.172806221,-0.099256364,-0.309252322,0.766847767,1.587367424,-0.085740996,-0.547299014,1.574273455
4646,1.452492087,0.614306045,-0.142140053,-0.172625386,-0.099256364,-0.309252322,0.766847767,1.587367424,-0.085740996,-0.547299014,1.574273455
4647,1.452492087,0.614306045,-0.142140053,-0.172442311,-0.099256364,-0.309252322,0.766847767,1.587367424,-0.085740996,-0.547299014,1.574273455
4648,1.590092361,0.614306045,-0.142140053,-0.172256232,-0.099256364,-0.309252322,0.766847767,1.587367424,-0.085740996,-0.28553552,0.188402896
4649,1.590092361,0.614306045,-0.142140053,-0.172076312,-0.099256364,-0.309252322,0.766847767,1.587367424,-0.085740996,-0.28553552,0.188402896
4650,1.590092361,0.614306045,-0.142140053,-0.171894267,-0.099256364,-0.309252322,0.766847767,1.587367424,-0.085740996,-0.28553552,0.188402896
4651,1.590092361,0.614306045,-0.142140053,-0.171711557,-0.099256364,-0.309252322,0.766847767,1.587367424,-0.085740996,-0.28553552,0.188402896
4652,1.590092361,0.614306045,-0.142140053,-0.171532629,-0.099256364,-0.309252322,0.766847767,1.587367424,-0.085740996,-0.28553552,0.188402896
4653,1.590092361,-1.627853101,7.035314646,-0.181082882,-0.099754409,-0.309252322,0.766847767,1.587367424,-0.085740996,-0.28553552,0.188402896
4654,1.590092361,-1.627853101,-0.142140053,-0.180905897,-0.099754409,-0.309252322,0.766847767,1.587367424,-0.085740996,-0.28553552,0.188402896
4655,1.590092361,-1.627853101,-0.142140053,-0.18073203,-0.099754409,-0.309252322,0.766847767,1.587367424,-0.085740996,-0.28553552,0.188402896
4656,1.590092361,-1.627853101,-0.142140053,-0.180547879,-0.099754409,-0.309252322,0.766847767,1.587367424,-0.085740996,-0.28553552,0.188402896
4657,1.590092361,-1.627853101,-0.142140053,-0.180369534,-0.099754409,-0.309252322,0.766847767,1.587367424,-0.085740996,-0.28553552,0.188402896
4658,-0.611512012,-1.627853101,-0.142140053,-0.180185402,-0.099754409,-0.309252322,0.766847767,1.587367424,-0.085740996,-0.141224304,-0.804030394
4659,-0.611512012,-1.627853101,-0.142140053,-0.180005413,-0.099754409,-0.309252322,0.766847767,1.587367424,-0.085740996,-0.141224304,-0.804030394
4660,-0.611512012,-1.627853101,-0.142140053,-0.179813725,-0.099754409,-0.309252322,0.766847767,1.587367424,-0.085740996,-0.141224304,-0.804030394
4661,-0.611512012,-1.627853101,-0.142140053,-0.179635244,-0.099754409,-0.309252322,0.766847767,1.587367424,-0.085740996,-0.141224304,-0.804030394
4662,-0.611512012,-1.627853101,-0.142140053,-0.179456049,-0.099754409,-0.309252322,0.766847767,1.587367424,-0.085740996,-0.141224304,-0.804030394
4663,-0.611512012,-1.627853101,-0.142140053,-0.179284972,-0.099754409,-0.309252322,0.766847767,1.587367424,-0.085740996,-0.141224304,-0.804030394
4664,-0.611512012,-1.627853101,-0.142140053,-0.179106309,-0.099754409,-0.309252322,0.766847767,1.587367424,-0.085740996,-0.141224304,-0.804030394
4665,-0.611512012,-1.627853101,-0.142140053,-0.178913824,-0.099754409,-0.309252322,0.766847767,1.587367424,-0.085740996,-0.141224304,-0.804030394
4666,-0.611512012,-1.627853101,-0.142140053,-0.178738788,-0.099754409,-0.309252322,0.766847767,1.587367424,-0.085740996,-0.141224304,-0.804030394
4667,-0.611512012,0.614306045,7.035314646,-0.181082882,-0.099754409,-0.288587329,0.766847767,0.323242267,-0.085740996,-0.141224304,-0.804030394
4668,-0.611512012,0.614306045,-0.142140053,-0.180876488,-0.099754409,-0.288587329,0.766847767,0.323242267,-0.085740996,-0.141224304,-0.804030394
4669,-0.611512012,0.614306045,-0.142140053,-0.180722784,-0.099754409,-0.288587329,0.766847767,0.323242267,-0.085740996,-0.141224304,-0.804030394
4670,-0.611512012,0.614306045,-0.142140053,-0.180498269,-0.099754409,-0.288587329,0.766847767,0.323242267,-0.085740996,-0.141224304,-0.804030394
4671,-0.611512012,0.614306045,-0.142140053,-0.180183127,-0.099754409,-0.288587329,0.766847767,0.323242267,-0.085740996,-0.141224304,-0.804030394
4672,-0.473911739,0.614306045,-0.142140053,-0.180007194,-0.099754409,-0.288587329,0.766847767,0.323242267,-0.085740996,-0.305089,-1.099685818
4673,-0.473911739,0.614306045,-0.142140053,-0.179820791,-0.099754409,-0.288587329,0.766847767,0.323242267,-0.085740996,-0.305089,-1.099685818
4674,-0.473911739,0.614306045,-0.142140053,-0.179651155,-0.099754409,-0.288587329,0.766847767,0.323242267,-0.085740996,-0.305089,-1.099685818
4675,-0.473911739,0.614306045,-0.142140053,-0.179461395,-0.099754409,-0.288587329,0.766847767,0.323242267,-0.085740996,-0.305089,-1.099685818
4676,-0.473911739,0.614306045,-0.142140053,-0.179276188,-0.099754409,-0.288587329,0.766847767,0.323242267,-0.085740996,-0.305089,-1.099685818
4677,-0.473911739,0.614306045,-0.142140053,-0.179096967,-0.099754409,-0.288587329,0.766847767,0.323242267,-0.085740996,-0.305089,-1.099685818
4678,-0.336311465,0.614306045,-0.142140053,-0.178915469,-0.099754409,-0.288587329,0.766847767,0.323242267,-0.085740996,-0.182551809,-1.556837493
4679,-0.336311465,0.614306045,-0.142140053,-0.178738496,-0.099754409,-0.288587329,0.766847767,0.323242267,-0.085740996,-0.182551809,-1.556837493
4680,-0.336311465,0.614306045,-0.142140053,-0.178548335,-0.099754409,-0.288587329,0.766847767,0.323242267,-0.085740996,-0.182551809,-1.556837493
4681,-0.336311465,0.614306045,-0.142140053,-0.178379597,-0.099754409,-0.288587329,0.766847767,0.323242267,-0.085740996,-0.182551809,-1.556837493
4682,-0.336311465,0.614306045,-0.142140053,-0.17818742,-0.099754409,-0.288587329,0.766847767,0.323242267,-0.085740996,-0.182551809,-1.556837493
4683,-0.336311465,0.614306045,-0.142140053,-0.178020648,-0.099754409,-0.288587329,0.766847767,0.323242267,-0.085740996,-0.182551809,-1.556837493
4684,-0.198711192,0.614306045,-0.142140053,-0.177823844,-0.099754409,-0.288587329,0.766847767,0.323242267,-0.085740996,-0.313471879,0.528647917
4685,-0.198711192,0.614306045,-0.142140053,-0.17765428,-0.099754409,-0.288587329,0.766847767,0.323242267,-0.085740996,-0.313471879,0.528647917
4686,-0.198711192,0.614306045,-0.142140053,-0.177474372,-0.099754409,-0.288587329,0.766847767,0.323242267,-0.085740996,-0.313471879,0.528647917
4687,-0.198711192,0.614306045,-0.142140053,-0.177297539,-0.099754409,-0.288587329,0.766847767,0.323242267,-0.085740996,-0.313471879,0.528647917
4688,-0.198711192,0.614306045,-0.142140053,-0.177120824,-0.099754409,-0.288587329,0.766847767,0.323242267,-0.085740996,-0.313471879,0.528647917
4689,-0.198711192,0.614306045,-0.142140053,-0.176913051,-0.099754409,-0.288587329,0.766847767,0.323242267,-0.085740996,-0.313471879,0.528647917
4690,-0.061110919,0.614306045,-0.142140053,-0.176751016,-0.099754409,-0.288587329,0.766847767,0.323242267,-0.085740996,-0.495418454,0.638409672
4691,-0.061110919,0.614306045,-0.142140053,-0.176579173,-0.099754409,-0.288587329,0.766847767,0.323242267,-0.085740996,-0.495418454,0.638409672
4692,-0.061110919,0.614306045,-0.142140053,-0.176388551,-0.099754409,-0.288587329,0.766847767,0.323242267,-0.085740996,-0.495418454,0.638409672
4693,-0.061110919,0.614306045,-0.142140053,-0.176216575,-0.099754409,-0.288587329,0.766847767,0.323242267,-0.085740996,-0.495418454,0.638409672
4694,-0.061110919,0.614306045,-0.142140053,-0.176028335,-0.099754409,-0.288587329,0.766847767,0.323242267,-0.085740996,-0.495418454,0.638409672
4695,-0.061110919,0.614306045,-0.142140053,-0.175847354,-0.099754409,-0.288587329,0.766847767,0.323242267,-0.085740996,-0.495418454,0.638409672
4696,0.076489355,0.614306045,-0.142140053,-0.175667043,-0.099754409,-0.288587329,0.766847767,0.323242267,-0.085740996,-0.287596201,0.475905898
4697,0.076489355,0.614306045,-0.142140053,-0.175481665,-0.099754409,-0.288587329,0.766847767,0.323242267,-0.085740996,-0.287596201,0.475905898
4698,0.076489355,0.614306045,-0.142140053,-0.175300693,-0.099754409,-0.288587329,0.766847767,0.323242267,-0.085740996,-0.287596201,0.475905898
4699,0.076489355,0.614306045,-0.142140053,-0.175123139,-0.099754409,-0.288587329,0.766847767,0.323242267,-0.085740996,-0.287596201,0.475905898
4700,0.076489355,0.614306045,-0.142140053,-0.174942301,-0.099754409,-0.288587329,0.766847767,0.323242267,-0.085740996,-0.287596201,0.475905898
4701,0.076489355,0.614306045,-0.142140053,-0.174767035,-0.099754409,-0.288587329,0.766847767,0.323242267,-0.085740996,-0.287596201,0.475905898
4702,0.214089628,0.614306045,-0.142140053,-0.174578727,-0.099754409,-0.288587329,0.766847767,0.323242267,-0.085740996,-0.225276461,1.088460372
4703,0.214089628,0.614306045,-0.142140053,-0.174395651,-0.099754409,-0.288587329,0.766847767,0.323242267,-0.085740996,-0.225276461,1.088460372
4704,0.214089628,0.614306045,-0.142140053,-0.174213649,-0.099754409,-0.288587329,0.766847767,0.323242267,-0.085740996,-0.225276461,1.088460372
4705,0.214089628,0.614306045,-0.142140053,-0.174037367,-0.099754409,-0.288587329,0.766847767,0.323242267,-0.085740996,-0.225276461,1.088460372
4706,0.214089628,0.614306045,-0.142140053,-0.173859874,-0.099754409,-0.288587329,0.766847767,0.323242267,-0.085740996,-0.225276461,1.088460372
4707,0.214089628,0.614306045,-0.142140053,-0.173673269,-0.099754409,-0.288587329,0.766847767,0.323242267,-0.085740996,-0.225276461,1.088460372
4708,0.351689901,0.614306045,-0.142140053,-0.173494058,-0.099754409,-0.288587329,0.766847767,0.323242267,-0.085740996,-0.38205907,-0.893572516
4709,0.351689901,0.614306045,-0.142140053,-0.1733178,-0.099754409,-0.288587329,0.766847767,0.323242267,-0.085740996,-0.38205907,-0.893572516
4710,0.351689901,0.614306045,-0.142140053,-0.173130361,-0.099754409,-0.288587329,0.766847767,0.323242267,-0.085740996,-0.38205907,-0.893572516
4711,0.351689901,0.614306045,-0.142140053,-0.172943977,-0.099754409,-0.288587329,0.766847767,0.323242267,-0.085740996,-0.38205907,-0.893572516
4712,0.351689901,0.614306045,-0.142140053,-0.172769343,-0.099754409,-0.288587329,0.766847767,0.323242267,-0.085740996,-0.38205907,-0.893572516
4713,0.351689901,0.614306045,-0.142140053,-0.172591432,-0.099754409,-0.288587329,0.766847767,0.323242267,-0.085740996,-0.38205907,-0.893572516
4714,0.489290174,0.614306045,-0.142140053,-0.172405034,-0.099754409,-0.288587329,0.766847767,0.323242267,-0.085740996,-0.300630395,-0.842633605
4715,0.489290174,0.614306045,-0.142140053,-0.172234844,-0.099754409,-0.288587329,0.766847767,0.323242267,-0.085740996,-0.300630395,-0.842633605
4716,0.489290174,0.614306045,-0.142140053,-0.17204908,-0.099754409,-0.288587329,0.766847767,0.323242267,-0.085740996,-0.300630395,-0.842633605
4717,0.489290174,0.614306045,-0.142140053,-0.171860255,-0.099754409,-0.288587329,0.766847767,0.323242267,-0.085740996,-0.300630395,-0.842633605
4718,0.489290174,0.614306045,-0.142140053,-0.171688491,-0.099754409,-0.288587329,0.766847767,0.323242267,-0.085740996,-0.300630395,-0.842633605
4719,0.489290174,0.614306045,-0.142140053,-0.171501376,-0.099754409,-0.288587329,0.766847767,0.323242267,-0.085740996,-0.300630395,-0.842633605
4720,0.626890448,0.614306045,-0.142140053,-0.171325218,-0.099754409,-0.288587329,0.766847767,0.323242267,-0.085740996,-0.451371112,1.184507192
4721,0.626890448,0.614306045,-0.142140053,-0.171146511,-0.099754409,-0.288587329,0.766847767,0.323242267,-0.085740996,-0.451371112,1.184507192
4722,0.626890448,0.614306045,-0.142140053,-0.170960367,-0.099754409,-0.288587329,0.766847767,0.323242267,-0.085740996,-0.451371112,1.184507192
4723,0.626890448,0.614306045,-0.142140053,-0.170788043,-0.099754409,-0.288587329,0.766847767,0.323242267,-0.085740996,-0.451371112,1.184507192
4724,0.626890448,0.614306045,-0.142140053,-0.170608772,-0.099754409,-0.288587329,0.766847767,0.323242267,-0.085740996,-0.451371112,1.184507192
4725,0.626890448,0.614306045,-0.142140053,-0.170423344,-0.099754409,-0.288587329,0.766847767,0.323242267,-0.085740996,-0.451371112,1.184507192
4726,0.764490721,0.614306045,-0.142140053,-0.170233778,-0.099754409,-0.288587329,0.766847767,0.323242267,-0.085740996,-0.468185485,0.025426383
4727,0.764490721,0.614306045,-0.142140053,-0.17006536,-0.099754409,-0.288587329,0.766847767,0.323242267,-0.085740996,-0.468185485,0.025426383
4728,0.764490721,0.614306045,-0.142140053,-0.169885434,-0.099754409,-0.288587329,0.766847767,0.323242267,-0.085740996,-0.468185485,0.025426383
4729,0.764490721,0.614306045,-0.142140053,-0.169651926,-0.099754409,-0.288587329,0.766847767,0.323242267,-0.085740996,-0.468185485,0.025426383
4730,0.764490721,0.614306045,-0.142140053,-0.169334319,-0.099754409,-0.288587329,0.766847767,0.323242267,-0.085740996,-0.468185485,0.025426383
4731,0.764490721,0.614306045,-0.142140053,-0.169155147,-0.099754409,-0.288587329,0.766847767,0.323242267,-0.085740996,-0.468185485,0.025426383
4732,0.902090994,0.614306045,-0.142140053,-0.168979414,-0.099754409,-0.288587329,0.766847767,0.323242267,-0.085740996,-0.632213985,0.499142058
4733,0.902090994,0.614306045,-0.142140053,-0.168798621,-0.099754409,-0.288587329,0.766847767,0.323242267,-0.085740996,-0.632213985,0.499142058
4734,0.902090994,0.614306045,-0.142140053,-0.168592859,-0.099754409,-0.288587329,0.766847767,0.323242267,-0.085740996,-0.632213985,0.499142058
4735,0.902090994,0.614306045,-0.142140053,-0.168434536,-0.099754409,-0.288587329,0.766847767,0.323242267,-0.085740996,-0.632213985,0.499142058
4736,0.902090994,0.614306045,-0.142140053,-0.168252913,-0.099754409,-0.288587329,0.766847767,0.323242267,-0.085740996,-0.632213985,0.499142058
4737,0.902090994,0.614306045,-0.142140053,-0.16806647,-0.099754409,-0.288587329,0.766847767,0.323242267,-0.085740996,-0.632213985,0.499142058
4738,1.039691268,0.614306045,-0.142140053,-0.167890444,-0.099754409,-0.288587329,0.766847767,0.323242267,-0.085740996,-0.765245104,0.349325381
4739,1.039691268,0.614306045,-0.142140053,-0.16770921,-0.099754409,-0.288587329,0.766847767,0.323242267,-0.085740996,-0.765245104,0.349325381
4740,1.039691268,0.614306045,-0.142140053,-0.167532043,-0.099754409,-0.288587329,0.766847767,0.323242267,-0.085740996,-0.765245104,0.349325381
4741,1.039691268,0.614306045,-0.142140053,-0.167344345,-0.099754409,-0.288587329,0.766847767,0.323242267,-0.085740996,-0.765245104,0.349325381
4742,1.039691268,0.614306045,-0.142140053,-0.16716947,-0.099754409,-0.288587329,0.766847767,0.323242267,-0.085740996,-0.765245104,0.349325381
4743,1.039691268,0.614306045,-0.142140053,-0.166987184,-0.099754409,-0.288587329,0.766847767,0.323242267,-0.085740996,-0.765245104,0.349325381
4744,1.177291541,0.614306045,-0.142140053,-0.166807031,-0.099754409,-0.288587329,0.766847767,0.323242267,-0.085740996,-0.722577389,1.870105675
4745,1.177291541,0.614306045,-0.142140053,-0.166630982,-0.099754409,-0.288587329,0.766847767,0.323242267,-0.085740996,-0.722577389,1.870105675
4746,1.177291541,0.614306045,-0.142140053,-0.166447102,-0.099754409,-0.288587329,0.766847767,0.323242267,-0.085740996,-0.722577389,1.870105675
4747,1.177291541,0.614306045,-0.142140053,-0.166274025,-0.099754409,-0.288587329,0.766847767,0.323242267,-0.085740996,-0.722577389,1.870105675
4748,1.177291541,0.614306045,-0.142140053,-0.16608603,-0.099754409,-0.288587329,0.766847767,0.323242267,-0.085740996,-0.722577389,1.870105675
4749,1.177291541,0.614306045,-0.142140053,-0.165903624,-0.099754409,-0.288587329,0.766847767,0.323242267,-0.085740996,-0.722577389,1.870105675
4750,1.314891814,0.614306045,-0.142140053,-0.165718578,-0.099754409,-0.288587329,0.766847767,0.323242267,-0.085740996,-0.602593604,-1.581531403
4751,1.314891814,0.614306045,-0.142140053,-0.165534838,-0.099754409,-0.288587329,0.766847767,0.323242267,-0.085740996,-0.602593604,-1.581531403
4752,1.314891814,0.614306045,-0.142140053,-0.165360063,-0.099754409,-0.288587329,0.766847767,0.323242267,-0.085740996,-0.602593604,-1.581531403
4753,1.314891814,0.614306045,-0.142140053,-0.165176891,-0.099754409,-0.288587329,0.766847767,0.323242267,-0.085740996,-0.602593604,-1.581531403
4754,1.314891814,0.614306045,-0.142140053,-0.164988414,-0.099754409,-0.288587329,0.766847767,0.323242267,-0.085740996,-0.602593604,-1.581531403
4755,1.314891814,0.614306045,-0.142140053,-0.164811285,-0.099754409,-0.288587329,0.766847767,0.323242267,-0.085740996,-0.602593604,-1.581531403
4756,1.452492087,0.614306045,-0.142140053,-0.164624512,-0.099754409,-0.288587329,0.766847767,0.323242267,-0.085740996,-0.547299014,1.574273455
4757,1.452492087,0.614306045,-0.142140053,-0.164462163,-0.099754409,-0.288587329,0.766847767,0.323242267,-0.085740996,-0.547299014,1.574273455
4758,1.452492087,0.614306045,-0.142140053,-0.164280766,-0.099754409,-0.288587329,0.766847767,0.323242267,-0.085740996,-0.547299014,1.574273455
4759,1.452492087,0.614306045,-0.142140053,-0.164099487,-0.099754409,-0.288587329,0.766847767,0.323242267,-0.085740996,-0.547299014,1.574273455
4760,1.452492087,0.614306045,-0.142140053,-0.163911196,-0.099754409,-0.288587329,0.766847767,0.323242267,-0.085740996,-0.547299014,1.574273455
4761,1.452492087,0.614306045,-0.142140053,-0.163727059,-0.099754409,-0.288587329,0.766847767,0.323242267,-0.085740996,-0.547299014,1.574273455
4762,1.590092361,0.614306045,-0.142140053,-0.163549313,-0.099754409,-0.288587329,0.766847767,0.323242267,-0.085740996,-0.28553552,0.188402896
4763,1.590092361,0.614306045,-0.142140053,-0.163345342,-0.099754409,-0.288587329,0.766847767,0.323242267,-0.085740996,-0.28553552,0.188402896
4764,1.590092361,0.614306045,-0.142140053,-0.163185391,-0.099754409,-0.288587329,0.766847767,0.323242267,-0.085740996,-0.28553552,0.188402896
4765,1.590092361,0.614306045,-0.142140053,-0.163011565,-0.099754409,-0.288587329,0.766847767,0.323242267,-0.085740996,-0.28553552,0.188402896
4766,1.590092361,0.614306045,-0.142140053,-0.162828843,-0.099754409,-0.288587329,0.766847767,0.323242267,-0.085740996,-0.28553552,0.188402896
4767,1.590092361,0.614306045,-0.142140053,-0.162639242,-0.099754409,-0.288587329,0.766847767,0.323242267,-0.085740996,-0.28553552,0.188402896
4768,1.590092361,-1.627853101,7.035314646,-0.181082882,-0.089473736,-0.288587329,0.766847767,0.323242267,-0.085740996,-0.28553552,0.188402896
4769,1.590092361,-1.627853101,-0.142140053,-0.180907677,-0.089473736,-0.288587329,0.766847767,0.323242267,-0.085740996,-0.28553552,0.188402896
4770,1.590092361,-1.627853101,-0.142140053,-0.180727832,-0.089473736,-0.288587329,0.766847767,0.323242267,-0.085740996,-0.28553552,0.188402896
4771,1.590092361,-1.627853101,-0.142140053,-0.180544008,-0.089473736,-0.288587329,0.766847767,0.323242267,-0.085740996,-0.28553552,0.188402896
4772,1.590092361,-1.627853101,-0.142140053,-0.180367134,-0.089473736,-0.288587329,0.766847767,0.323242267,-0.085740996,-0.28553552,0.188402896
4773,-0.611512012,-1.627853101,-0.142140053,-0.180185416,-0.089473736,-0.288587329,0.766847767,0.323242267,-0.085740996,-0.141224304,-0.804030394
4774,-0.611512012,-1.627853101,-0.142140053,-0.180002687,-0.089473736,-0.288587329,0.766847767,0.323242267,-0.085740996,-0.141224304,-0.804030394
4775,-0.611512012,-1.627853101,-0.142140053,-0.179817546,-0.089473736,-0.288587329,0.766847767,0.323242267,-0.085740996,-0.141224304,-0.804030394
4776,-0.611512012,-1.627853101,-0.142140053,-0.179649656,-0.089473736,-0.288587329,0.766847767,0.323242267,-0.085740996,-0.141224304,-0.804030394
4777,-0.611512012,-1.627853101,-0.142140053,-0.179456533,-0.089473736,-0.288587329,0.766847767,0.323242267,-0.085740996,-0.141224304,-0.804030394
4778,-0.611512012,-1.627853101,-0.142140053,-0.179279619,-0.089473736,-0.288587329,0.766847767,0.323242267,-0.085740996,-0.141224304,-0.804030394
4779,-0.611512012,-1.627853101,-0.142140053,-0.179093801,-0.089473736,-0.288587329,0.766847767,0.323242267,-0.085740996,-0.141224304,-0.804030394
4780,-0.611512012,-1.627853101,-0.142140053,-0.178913598,-0.089473736,-0.288587329,0.766847767,0.323242267,-0.085740996,-0.141224304,-0.804030394
4781,-0.611512012,-1.627853101,-0.142140053,-0.178733127,-0.089473736,-0.288587329,0.766847767,0.323242267,-0.085740996,-0.141224304,-0.804030394
4782,-0.611512012,0.614306045,7.035314646,-0.181082882,-0.089473736,-0.289248952,0.766847767,0.323242267,-0.085740996,-0.141224304,-0.804030394
4783,-0.611512012,0.614306045,-0.142140053,-0.180900704,-0.089473736,-0.289248952,0.766847767,0.323242267,-0.085740996,-0.141224304,-0.804030394
4784,-0.611512012,0.614306045,-0.142140053,-0.18072241,-0.089473736,-0.289248952,0.766847767,0.323242267,-0.085740996,-0.141224304,-0.804030394
4785,-0.611512012,0.614306045,-0.142140053,-0.180549335,-0.089473736,-0.289248952,0.766847767,0.323242267,-0.085740996,-0.141224304,-0.804030394
4786,-0.611512012,0.614306045,-0.142140053,-0.18036097,-0.089473736,-0.289248952,0.766847767,0.323242267,-0.085740996,-0.141224304,-0.804030394
4787,-0.473911739,0.614306045,-0.142140053,-0.180185108,-0.089473736,-0.289248952,0.766847767,0.323242267,-0.085740996,-0.305089,-1.099685818
4788,-0.473911739,0.614306045,-0.142140053,-0.179993002,-0.089473736,-0.289248952,0.766847767,0.323242267,-0.085740996,-0.305089,-1.099685818
4789,-0.473911739,0.614306045,-0.142140053,-0.179826384,-0.089473736,-0.289248952,0.766847767,0.323242267,-0.085740996,-0.305089,-1.099685818
4790,-0.473911739,0.614306045,-0.142140053,-0.179635847,-0.089473736,-0.289248952,0.766847767,0.323242267,-0.085740996,-0.305089,-1.099685818
4791,-0.473911739,0.614306045,-0.142140053,-0.179455031,-0.089473736,-0.289248952,0.766847767,0.323242267,-0.085740996,-0.305089,-1.099685818
4792,-0.473911739,0.614306045,-0.142140053,-0.179275285,-0.089473736,-0.289248952,0.766847767,0.323242267,-0.085740996,-0.305089,-1.099685818
4793,-0.336311465,0.614306045,-0.142140053,-0.179096103,-0.089473736,-0.289248952,0.766847767,0.323242267,-0.085740996,-0.182551809,-1.556837493
4794,-0.336311465,0.614306045,-0.142140053,-0.178907359,-0.089473736,-0.289248952,0.766847767,0.323242267,-0.085740996,-0.182551809,-1.556837493
4795,-0.336311465,0.614306045,-0.142140053,-0.178737404,-0.089473736,-0.289248952,0.766847767,0.323242267,-0.085740996,-0.182551809,-1.556837493
4796,-0.336311465,0.614306045,-0.142140053,-0.1785523,-0.089473736,-0.289248952,0.766847767,0.323242267,-0.085740996,-0.182551809,-1.556837493
4797,-0.336311465,0.614306045,-0.142140053,-0.178379055,-0.089473736,-0.289248952,0.766847767,0.323242267,-0.085740996,-0.182551809,-1.556837493
4798,-0.336311465,0.614306045,-0.142140053,-0.178193555,-0.089473736,-0.289248952,0.766847767,0.323242267,-0.085740996,-0.182551809,-1.556837493
4799,-0.198711192,0.614306045,-0.142140053,-0.178010714,-0.089473736,-0.289248952,0.766847767,0.323242267,-0.085740996,-0.313471879,0.528647917
4800,-0.198711192,0.614306045,-0.142140053,-0.177827828,-0.089473736,-0.289248952,0.766847767,0.323242267,-0.085740996,-0.313471879,0.528647917
4801,-0.198711192,0.614306045,-0.142140053,-0.177648156,-0.089473736,-0.289248952,0.766847767,0.323242267,-0.085740996,-0.313471879,0.528647917
4802,-0.198711192,0.614306045,-0.142140053,-0.177464046,-0.089473736,-0.289248952,0.766847767,0.323242267,-0.085740996,-0.313471879,0.528647917
4803,-0.198711192,0.614306045,-0.142140053,-0.177291543,-0.089473736,-0.289248952,0.766847767,0.323242267,-0.085740996,-0.313471879,0.528647917
4804,-0.198711192,0.614306045,-0.142140053,-0.177104048,-0.089473736,-0.289248952,0.766847767,0.323242267,-0.085740996,-0.313471879,0.528647917
4805,-0.061110919,0.614306045,-0.142140053,-0.17692766,-0.089473736,-0.289248952,0.766847767,0.323242267,-0.085740996,-0.495418454,0.638409672
4806,-0.061110919,0.614306045,-0.142140053,-0.176750457,-0.089473736,-0.289248952,0.766847767,0.323242267,-0.085740996,-0.495418454,0.638409672
4807,-0.061110919,0.614306045,-0.142140053,-0.176561243,-0.089473736,-0.289248952,0.766847767,0.323242267,-0.085740996,-0.495418454,0.638409672
4808,-0.061110919,0.614306045,-0.142140053,-0.176387831,-0.089473736,-0.289248952,0.766847767,0.323242267,-0.085740996,-0.495418454,0.638409672
4809,-0.061110919,0.614306045,-0.142140053,-0.176190178,-0.089473736,-0.289248952,0.766847767,0.323242267,-0.085740996,-0.495418454,0.638409672
4810,-0.061110919,0.614306045,-0.142140053,-0.1760111,-0.089473736,-0.289248952,0.766847767,0.323242267,-0.085740996,-0.495418454,0.638409672
4811,0.076489355,0.614306045,-0.142140053,-0.175838627,-0.089473736,-0.289248952,0.766847767,0.323242267,-0.085740996,-0.287596201,0.475905898
4812,0.076489355,0.614306045,-0.142140053,-0.175659854,-0.089473736,-0.289248952,0.766847767,0.323242267,-0.085740996,-0.287596201,0.475905898
4813,0.076489355,0.614306045,-0.142140053,-0.175478628,-0.089473736,-0.289248952,0.766847767,0.323242267,-0.085740996,-0.287596201,0.475905898
4814,0.076489355,0.614306045,-0.142140053,-0.175296877,-0.089473736,-0.289248952,0.766847767,0.323242267,-0.085740996,-0.287596201,0.475905898
4815,0.076489355,0.614306045,-0.142140053,-0.175117564,-0.089473736,-0.289248952,0.766847767,0.323242267,-0.085740996,-0.287596201,0.475905898
4816,0.076489355,0.614306045,-0.142140053,-0.174933075,-0.089473736,-0.289248952,0.766847767,0.323242267,-0.085740996,-0.287596201,0.475905898
4817,0.214089628,0.614306045,-0.142140053,-0.174752648,-0.089473736,-0.289248952,0.766847767,0.323242267,-0.085740996,-0.225276461,1.088460372
4818,0.214089628,0.614306045,-0.142140053,-0.174574996,-0.089473736,-0.289248952,0.766847767,0.323242267,-0.085740996,-0.225276461,1.088460372
4819,0.214089628,0.614306045,-0.142140053,-0.174388487,-0.089473736,-0.289248952,0.766847767,0.323242267,-0.085740996,-0.225276461,1.088460372
4820,0.214089628,0.614306045,-0.142140053,-0.174213078,-0.089473736,-0.289248952,0.766847767,0.323242267,-0.085740996,-0.225276461,1.088460372
4821,0.214089628,0.614306045,-0.142140053,-0.174031614,-0.089473736,-0.289248952,0.766847767,0.323242267,-0.085740996,-0.225276461,1.088460372
4822,0.214089628,0.614306045,-0.142140053,-0.173853482,-0.089473736,-0.289248952,0.766847767,0.323242267,-0.085740996,-0.225276461,1.088460372
4823,0.351689901,0.614306045,-0.142140053,-0.173673679,-0.089473736,-0.289248952,0.766847767,0.323242267,-0.085740996,-0.38205907,-0.893572516
4824,0.351689901,0.614306045,-0.142140053,-0.173487804,-0.089473736,-0.289248952,0.766847767,0.323242267,-0.085740996,-0.38205907,-0.893572516
4825,0.351689901,0.614306045,-0.142140053,-0.173306282,-0.089473736,-0.289248952,0.766847767,0.323242267,-0.085740996,-0.38205907,-0.893572516
4826,0.351689901,0.614306045,-0.142140053,-0.173124124,-0.089473736,-0.289248952,0.766847767,0.323242267,-0.085740996,-0.38205907,-0.893572516
4827,0.351689901,0.614306045,-0.142140053,-0.17294752,-0.089473736,-0.289248952,0.766847767,0.323242267,-0.085740996,-0.38205907,-0.893572516
4828,0.351689901,0.614306045,-0.142140053,-0.172763988,-0.089473736,-0.289248952,0.766847767,0.323242267,-0.085740996,-0.38205907,-0.893572516
4829,0.489290174,0.614306045,-0.142140053,-0.172580997,-0.089473736,-0.289248952,0.766847767,0.323242267,-0.085740996,-0.300630395,-0.842633605
4830,0.489290174,0.614306045,-0.142140053,-0.172401924,-0.089473736,-0.289248952,0.766847767,0.323242267,-0.085740996,-0.300630395,-0.842633605
4831,0.489290174,0.614306045,-0.142140053,-0.172224923,-0.089473736,-0.289248952,0.766847767,0.323242267,-0.085740996,-0.300630395,-0.842633605
4832,0.489290174,0.614306045,-0.142140053,-0.172036384,-0.089473736,-0.289248952,0.766847767,0.323242267,-0.085740996,-0.300630395,-0.842633605
4833,0.489290174,0.614306045,-0.142140053,-0.17186163,-0.089473736,-0.289248952,0.766847767,0.323242267,-0.085740996,-0.300630395,-0.842633605
4834,0.489290174,0.614306045,-0.142140053,-0.171680176,-0.089473736,-0.289248952,0.766847767,0.323242267,-0.085740996,-0.300630395,-0.842633605
4835,0.626890448,0.614306045,-0.142140053,-0.17150118,-0.089473736,-0.289248952,0.766847767,0.323242267,-0.085740996,-0.451371112,1.184507192
4836,0.626890448,0.614306045,-0.142140053,-0.171311779,-0.089473736,-0.289248952,0.766847767,0.323242267,-0.085740996,-0.451371112,1.184507192
4837,0.626890448,0.614306045,-0.142140053,-0.171139943,-0.089473736,-0.289248952,0.766847767,0.323242267,-0.085740996,-0.451371112,1.184507192
4838,0.626890448,0.614306045,-0.142140053,-0.170954544,-0.089473736,-0.289248952,0.766847767,0.323242267,-0.085740996,-0.451371112,1.184507192
4839,0.626890448,0.614306045,-0.142140053,-0.170774454,-0.089473736,-0.289248952,0.766847767,0.323242267,-0.085740996,-0.451371112,1.184507192
4840,0.626890448,0.614306045,-0.142140053,-0.170593314,-0.089473736,-0.289248952,0.766847767,0.323242267,-0.085740996,-0.451371112,1.184507192
4841,0.764490721,0.614306045,-0.142140053,-0.170412555,-0.089473736,-0.289248952,0.766847767,0.323242267,-0.085740996,-0.468185485,0.025426383
4842,0.764490721,0.614306045,-0.142140053,-0.170220928,-0.089473736,-0.289248952,0.766847767,0.323242267,-0.085740996,-0.468185485,0.025426383
4843,0.764490721,0.614306045,-0.142140053,-0.170056935,-0.089473736,-0.289248952,0.766847767,0.323242267,-0.085740996,-0.468185485,0.025426383
4844,0.764490721,0.614306045,-0.142140053,-0.169865036,-0.089473736,-0.289248952,0.766847767,0.323242267,-0.085740996,-0.468185485,0.025426383
4845,0.764490721,0.614306045,-0.142140053,-0.169690249,-0.089473736,-0.289248952,0.766847767,0.323242267,-0.085740996,-0.468185485,0.025426383
4846,0.764490721,0.614306045,-0.142140053,-0.169508975,-0.089473736,-0.289248952,0.766847767,0.323242267,-0.085740996,-0.468185485,0.025426383
4847,0.902090994,0.614306045,-0.142140053,-0.169321521,-0.089473736,-0.289248952,0.766847767,0.323242267,-0.085740996,-0.632213985,0.499142058
4848,0.902090994,0.614306045,-0.142140053,-0.169144304,-0.089473736,-0.289248952,0.766847767,0.323242267,-0.085740996,-0.632213985,0.499142058
4849,0.902090994,0.614306045,-0.142140053,-0.168974187,-0.089473736,-0.289248952,0.766847767,0.323242267,-0.085740996,-0.632213985,0.499142058
4850,0.902090994,0.614306045,-0.142140053,-0.168783951,-0.089473736,-0.289248952,0.766847767,0.323242267,-0.085740996,-0.632213985,0.499142058
4851,0.902090994,0.614306045,-0.142140053,-0.168606807,-0.089473736,-0.289248952,0.766847767,0.323242267,-0.085740996,-0.632213985,0.499142058
4852,0.902090994,0.614306045,-0.142140053,-0.168424555,-0.089473736,-0.289248952,0.766847767,0.323242267,-0.085740996,-0.632213985,0.499142058
4853,1.039691268,0.614306045,-0.142140053,-0.168244252,-0.089473736,-0.289248952,0.766847767,0.323242267,-0.085740996,-0.765245104,0.349325381
4854,1.039691268,0.614306045,-0.142140053,-0.168057036,-0.089473736,-0.289248952,0.766847767,0.323242267,-0.085740996,-0.765245104,0.349325381
4855,1.039691268,0.614306045,-0.142140053,-0.167884422,-0.089473736,-0.289248952,0.766847767,0.323242267,-0.085740996,-0.765245104,0.349325381
4856,1.039691268,0.614306045,-0.142140053,-0.16770109,-0.089473736,-0.289248952,0.766847767,0.323242267,-0.085740996,-0.765245104,0.349325381
4857,1.039691268,0.614306045,-0.142140053,-0.167526664,-0.089473736,-0.289248952,0.766847767,0.323242267,-0.085740996,-0.765245104,0.349325381
4858,1.039691268,0.614306045,-0.142140053,-0.167345429,-0.089473736,-0.289248952,0.766847767,0.323242267,-0.085740996,-0.765245104,0.349325381
4859,1.177291541,0.614306045,-0.142140053,-0.167157506,-0.089473736,-0.289248952,0.766847767,0.323242267,-0.085740996,-0.722577389,1.870105675
4860,1.177291541,0.614306045,-0.142140053,-0.166969894,-0.089473736,-0.289248952,0.766847767,0.323242267,-0.085740996,-0.722577389,1.870105675
4861,1.177291541,0.614306045,-0.142140053,-0.166799838,-0.089473736,-0.289248952,0.766847767,0.323242267,-0.085740996,-0.722577389,1.870105675
4862,1.177291541,0.614306045,-0.142140053,-0.166607832,-0.089473736,-0.289248952,0.766847767,0.323242267,-0.085740996,-0.722577389,1.870105675
4863,1.177291541,0.614306045,-0.142140053,-0.166429538,-0.089473736,-0.289248952,0.766847767,0.323242267,-0.085740996,-0.722577389,1.870105675
4864,1.177291541,0.614306045,-0.142140053,-0.166251912,-0.089473736,-0.289248952,0.766847767,0.323242267,-0.085740996,-0.722577389,1.870105675
4865,1.314891814,0.614306045,-0.142140053,-0.166065183,-0.089473736,-0.289248952,0.766847767,0.323242267,-0.085740996,-0.602593604,-1.581531403
4866,1.314891814,0.614306045,-0.142140053,-0.165893714,-0.089473736,-0.289248952,0.766847767,0.323242267,-0.085740996,-0.602593604,-1.581531403
4867,1.314891814,0.614306045,-0.142140053,-0.165714665,-0.089473736,-0.289248952,0.766847767,0.323242267,-0.085740996,-0.602593604,-1.581531403
4868,1.314891814,0.614306045,-0.142140053,-0.165529954,-0.089473736,-0.289248952,0.766847767,0.323242267,-0.085740996,-0.602593604,-1.581531403
4869,1.314891814,0.614306045,-0.142140053,-0.16535017,-0.089473736,-0.289248952,0.766847767,0.323242267,-0.085740996,-0.602593604,-1.581531403
4870,1.314891814,0.614306045,-0.142140053,-0.16516218,-0.089473736,-0.289248952,0.766847767,0.323242267,-0.085740996,-0.602593604,-1.581531403
4871,1.452492087,0.614306045,-0.142140053,-0.164987449,-0.089473736,-0.289248952,0.766847767,0.323242267,-0.085740996,-0.547299014,1.574273455
4872,1.452492087,0.614306045,-0.142140053,-0.164806848,-0.089473736,-0.289248952,0.766847767,0.323242267,-0.085740996,-0.547299014,1.574273455
4873,1.452492087,0.614306045,-0.142140053,-0.164627522,-0.089473736,-0.289248952,0.766847767,0.323242267,-0.085740996,-0.547299014,1.574273455
4874,1.452492087,0.614306045,-0.142140053,-0.164445906,-0.089473736,-0.289248952,0.766847767,0.323242267,-0.085740996,-0.547299014,1.574273455
4875,1.452492087,0.614306045,-0.142140053,-0.164264642,-0.089473736,-0.289248952,0.766847767,0.323242267,-0.085740996,-0.547299014,1.574273455
4876,1.452492087,0.614306045,-0.142140053,-0.16407877,-0.089473736,-0.289248952,0.766847767,0.323242267,-0.085740996,-0.547299014,1.574273455
4877,1.590092361,0.614306045,-0.142140053,-0.163910216,-0.089473736,-0.289248952,0.766847767,0.323242267,-0.085740996,-0.28553552,0.188402896
4878,1.590092361,0.614306045,-0.142140053,-0.163724051,-0.089473736,-0.289248952,0.766847767,0.323242267,-0.085740996,-0.28553552,0.188402896
4879,1.590092361,0.614306045,-0.142140053,-0.163540881,-0.089473736,-0.289248952,0.766847767,0.323242267,-0.085740996,-0.28553552,0.188402896
4880,1.590092361,0.614306045,-0.142140053,-0.163369103,-0.089473736,-0.289248952,0.766847767,0.323242267,-0.085740996,-0.28553552,0.188402896
4881,1.590092361,0.614306045,-0.142140053,-0.163176522,-0.089473736,-0.289248952,0.766847767,0.323242267,-0.085740996,-0.28553552,0.188402896
4882,1.590092361,0.614306045,-0.142140053,-0.162974848,-0.089473736,-0.289248952,0.766847767,0.323242267,-0.085740996,-0.28553552,0.188402896
4883,1.590092361,-1.627853101,7.035314646,-0.181082882,-0.089890408,-0.289248952,0.766847767,0.323242267,1.560202687,-0.28553552,0.188402896
4884,1.590092361,-1.627853101,-0.142140053,-0.180897032,-0.089890408,-0.289248952,0.766847767,0.323242267,1.560202687,-0.28553552,0.188402896
4885,1.590092361,-1.627853101,-0.142140053,-0.180721601,-0.089890408,-0.289248952,0.766847767,0.323242267,1.560202687,-0.28553552,0.188402896
4886,1.590092361,-1.627853101,-0.142140053,-0.180543104,-0.089890408,-0.289248952,0.766847767,0.323242267,1.560202687,-0.28553552,0.188402896
4887,1.590092361,-1.627853101,-0.142140053,-0.180354344,-0.089890408,-0.289248952,0.766847767,0.323242267,1.560202687,-0.28553552,0.188402896
4888,1.590092361,-1.627853101,-0.142140053,-0.180178523,-0.089890408,-0.289248952,0.766847767,0.323242267,1.560202687,-0.28553552,0.188402896
4889,1.590092361,-1.627853101,-0.142140053,-0.180000153,-0.089890408,-0.289248952,0.766847767,0.323242267,1.560202687,-0.28553552,0.188402896
4890,-0.611512012,-1.627853101,-0.142140053,-0.179815361,-0.089890408,-0.289248952,0.766847767,0.323242267,1.560202687,-0.141224304,-0.804030394
4891,-0.611512012,-1.627853101,-0.142140053,-0.179626102,-0.089890408,-0.289248952,0.766847767,0.323242267,1.560202687,-0.141224304,-0.804030394
4892,-0.611512012,-1.627853101,-0.142140053,-0.179459076,-0.089890408,-0.289248952,0.766847767,0.323242267,1.560202687,-0.141224304,-0.804030394
4893,-0.611512012,-1.627853101,-0.142140053,-0.179272668,-0.089890408,-0.289248952,0.766847767,0.323242267,1.560202687,-0.141224304,-0.804030394
4894,-0.611512012,-1.627853101,-0.142140053,-0.179086517,-0.089890408,-0.289248952,0.766847767,0.323242267,1.560202687,-0.141224304,-0.804030394
4895,-0.611512012,-1.627853101,-0.142140053,-0.178908598,-0.089890408,-0.289248952,0.766847767,0.323242267,1.560202687,-0.141224304,-0.804030394
4896,-0.611512012,0.614306045,7.035314646,-0.181082882,-0.089890408,-0.306405718,0.766847767,0.323242267,-0.085740996,-0.141224304,-0.804030394
4897,-0.611512012,0.614306045,-0.142140053,-0.180855015,-0.089890408,-0.306405718,0.766847767,0.323242267,-0.085740996,-0.141224304,-0.804030394
4898,-0.611512012,0.614306045,-0.142140053,-0.18054837,-0.089890408,-0.306405718,0.766847767,0.323242267,-0.085740996,-0.141224304,-0.804030394
4899,-0.611512012,0.614306045,-0.142140053,-0.180363485,-0.089890408,-0.306405718,0.766847767,0.323242267,-0.085740996,-0.141224304,-0.804030394
4900,-0.611512012,0.614306045,-0.142140053,-0.180189322,-0.089890408,-0.306405718,0.766847767,0.323242267,-0.085740996,-0.141224304,-0.804030394
4901,-0.473911739,0.614306045,-0.142140053,-0.180008422,-0.089890408,-0.306405718,0.766847767,0.323242267,-0.085740996,-0.305089,-1.099685818
4902,-0.473911739,0.614306045,-0.142140053,-0.179819989,-0.089890408,-0.306405718,0.766847767,0.323242267,-0.085740996,-0.305089,-1.099685818
4903,-0.473911739,0.614306045,-0.142140053,-0.179643847,-0.089890408,-0.306405718,0.766847767,0.323242267,-0.085740996,-0.305089,-1.099685818
4904,-0.473911739,0.614306045,-0.142140053,-0.179457421,-0.089890408,-0.306405718,0.766847767,0.323242267,-0.085740996,-0.305089,-1.099685818
4905,-0.473911739,0.614306045,-0.142140053,-0.179281893,-0.089890408,-0.306405718,0.766847767,0.323242267,-0.085740996,-0.305089,-1.099685818
4906,-0.473911739,0.614306045,-0.142140053,-0.179104552,-0.089890408,-0.306405718,0.766847767,0.323242267,-0.085740996,-0.305089,-1.099685818
4907,-0.336311465,0.614306045,-0.142140053,-0.17892261,-0.089890408,-0.306405718,0.766847767,0.323242267,-0.085740996,-0.182551809,-1.556837493
4908,-0.336311465,0.614306045,-0.142140053,-0.178741892,-0.089890408,-0.306405718,0.766847767,0.323242267,-0.085740996,-0.182551809,-1.556837493
4909,-0.336311465,0.614306045,-0.142140053,-0.178561407,-0.089890408,-0.306405718,0.766847767,0.323242267,-0.085740996,-0.182551809,-1.556837493
4910,-0.336311465,0.614306045,-0.142140053,-0.17837977,-0.089890408,-0.306405718,0.766847767,0.323242267,-0.085740996,-0.182551809,-1.556837493
4911,-0.336311465,0.614306045,-0.142140053,-0.1781871,-0.089890408,-0.306405718,0.766847767,0.323242267,-0.085740996,-0.182551809,-1.556837493
4912,-0.336311465,0.614306045,-0.142140053,-0.178011138,-0.089890408,-0.306405718,0.766847767,0.323242267,-0.085740996,-0.182551809,-1.556837493
4913,-0.198711192,0.614306045,-0.142140053,-0.177833165,-0.089890408,-0.306405718,0.766847767,0.323242267,-0.085740996,-0.313471879,0.528647917
4914,-0.198711192,0.614306045,-0.142140053,-0.177657958,-0.089890408,-0.306405718,0.766847767,0.323242267,-0.085740996,-0.313471879,0.528647917
4915,-0.198711192,0.614306045,-0.142140053,-0.177477252,-0.089890408,-0.306405718,0.766847767,0.323242267,-0.085740996,-0.313471879,0.528647917
4916,-0.198711192,0.614306045,-0.142140053,-0.177293075,-0.089890408,-0.306405718,0.766847767,0.323242267,-0.085740996,-0.313471879,0.528647917
4917,-0.198711192,0.614306045,-0.142140053,-0.177098471,-0.089890408,-0.306405718,0.766847767,0.323242267,-0.085740996,-0.313471879,0.528647917
4918,-0.198711192,0.614306045,-0.142140053,-0.176929009,-0.089890408,-0.306405718,0.766847767,0.323242267,-0.085740996,-0.313471879,0.528647917
4919,-0.061110919,0.614306045,-0.142140053,-0.176750633,-0.089890408,-0.306405718,0.766847767,0.323242267,-0.085740996,-0.495418454,0.638409672
4920,-0.061110919,0.614306045,-0.142140053,-0.17657304,-0.089890408,-0.306405718,0.766847767,0.323242267,-0.085740996,-0.495418454,0.638409672
4921,-0.061110919,0.614306045,-0.142140053,-0.176388141,-0.089890408,-0.306405718,0.766847767,0.323242267,-0.085740996,-0.495418454,0.638409672
4922,-0.061110919,0.614306045,-0.142140053,-0.176211469,-0.089890408,-0.306405718,0.766847767,0.323242267,-0.085740996,-0.495418454,0.638409672
4923,-0.061110919,0.614306045,-0.142140053,-0.176018023,-0.089890408,-0.306405718,0.766847767,0.323242267,-0.085740996,-0.495418454,0.638409672
4924,-0.061110919,0.614306045,-0.142140053,-0.175848738,-0.089890408,-0.306405718,0.766847767,0.323242267,-0.085740996,-0.495418454,0.638409672
4925,0.076489355,0.614306045,-0.142140053,-0.175667908,-0.089890408,-0.306405718,0.766847767,0.323242267,-0.085740996,-0.287596201,0.475905898
4926,0.076489355,0.614306045,-0.142140053,-0.175492463,-0.089890408,-0.306405718,0.766847767,0.323242267,-0.085740996,-0.287596201,0.475905898
4927,0.076489355,0.614306045,-0.142140053,-0.175308624,-0.089890408,-0.306405718,0.766847767,0.323242267,-0.085740996,-0.287596201,0.475905898
4928,0.076489355,0.614306045,-0.142140053,-0.175126413,-0.089890408,-0.306405718,0.766847767,0.323242267,-0.085740996,-0.287596201,0.475905898
4929,0.076489355,0.614306045,-0.142140053,-0.174939167,-0.089890408,-0.306405718,0.766847767,0.323242267,-0.085740996,-0.287596201,0.475905898
4930,0.076489355,0.614306045,-0.142140053,-0.174760745,-0.089890408,-0.306405718,0.766847767,0.323242267,-0.085740996,-0.287596201,0.475905898
4931,0.214089628,0.614306045,-0.142140053,-0.174576793,-0.089890408,-0.306405718,0.766847767,0.323242267,-0.085740996,-0.225276461,1.088460372
4932,0.214089628,0.614306045,-0.142140053,-0.174409187,-0.089890408,-0.306405718,0.766847767,0.323242267,-0.085740996,-0.225276461,1.088460372
4933,0.214089628,0.614306045,-0.142140053,-0.174217668,-0.089890408,-0.306405718,0.766847767,0.323242267,-0.085740996,-0.225276461,1.088460372
4934,0.214089628,0.614306045,-0.142140053,-0.174041542,-0.089890408,-0.306405718,0.766847767,0.323242267,-0.085740996,-0.225276461,1.088460372
4935,0.214089628,0.614306045,-0.142140053,-0.173861313,-0.089890408,-0.306405718,0.766847767,0.323242267,-0.085740996,-0.225276461,1.088460372
4936,0.214089628,0.614306045,-0.142140053,-0.173679101,-0.089890408,-0.306405718,0.766847767,0.323242267,-0.085740996,-0.225276461,1.088460372
4937,0.351689901,0.614306045,-0.142140053,-0.173501094,-0.089890408,-0.306405718,0.766847767,0.323242267,-0.085740996,-0.38205907,-0.893572516
4938,0.351689901,0.614306045,-0.142140053,-0.173311556,-0.089890408,-0.306405718,0.766847767,0.323242267,-0.085740996,-0.38205907,-0.893572516
4939,0.351689901,0.614306045,-0.142140053,-0.173137331,-0.089890408,-0.306405718,0.766847767,0.323242267,-0.085740996,-0.38205907,-0.893572516
4940,0.351689901,0.614306045,-0.142140053,-0.172957102,-0.089890408,-0.306405718,0.766847767,0.323242267,-0.085740996,-0.38205907,-0.893572516
4941,0.351689901,0.614306045,-0.142140053,-0.172773803,-0.089890408,-0.306405718,0.766847767,0.323242267,-0.085740996,-0.38205907,-0.893572516
4942,0.351689901,0.614306045,-0.142140053,-0.172593971,-0.089890408,-0.306405718,0.766847767,0.323242267,-0.085740996,-0.38205907,-0.893572516
4943,0.489290174,0.614306045,-0.142140053,-0.172413161,-0.089890408,-0.306405718,0.766847767,0.323242267,-0.085740996,-0.300630395,-0.842633605
4944,0.489290174,0.614306045,-0.142140053,-0.172225655,-0.089890408,-0.306405718,0.766847767,0.323242267,-0.085740996,-0.300630395,-0.842633605
4945,0.489290174,0.614306045,-0.142140053,-0.172055256,-0.089890408,-0.306405718,0.766847767,0.323242267,-0.085740996,-0.300630395,-0.842633605
4946,0.489290174,0.614306045,-0.142140053,-0.171863577,-0.089890408,-0.306405718,0.766847767,0.323242267,-0.085740996,-0.300630395,-0.842633605
4947,0.489290174,0.614306045,-0.142140053,-0.171691768,-0.089890408,-0.306405718,0.766847767,0.323242267,-0.085740996,-0.300630395,-0.842633605
4948,0.489290174,0.614306045,-0.142140053,-0.171511314,-0.089890408,-0.306405718,0.766847767,0.323242267,-0.085740996,-0.300630395,-0.842633605
4949,0.626890448,0.614306045,-0.142140053,-0.171333295,-0.089890408,-0.306405718,0.766847767,0.323242267,-0.085740996,-0.451371112,1.184507192
4950,0.626890448,0.614306045,-0.142140053,-0.171149851,-0.089890408,-0.306405718,0.766847767,0.323242267,-0.085740996,-0.451371112,1.184507192
4951,0.626890448,0.614306045,-0.142140053,-0.170964654,-0.089890408,-0.306405718,0.766847767,0.323242267,-0.085740996,-0.451371112,1.184507192
4952,0.626890448,0.614306045,-0.142140053,-0.170785612,-0.089890408,-0.306405718,0.766847767,0.323242267,-0.085740996,-0.451371112,1.184507192
4953,0.626890448,0.614306045,-0.142140053,-0.170598384,-0.089890408,-0.306405718,0.766847767,0.323242267,-0.085740996,-0.451371112,1.184507192
4954,0.626890448,0.614306045,-0.142140053,-0.170417908,-0.089890408,-0.306405718,0.766847767,0.323242267,-0.085740996,-0.451371112,1.184507192
4955,0.764490721,0.614306045,-0.142140053,-0.170237192,-0.089890408,-0.306405718,0.766847767,0.323242267,-0.085740996,-0.468185485,0.025426383
4956,0.764490721,0.614306045,-0.142140053,-0.170061098,-0.089890408,-0.306405718,0.766847767,0.323242267,-0.085740996,-0.468185485,0.025426383
4957,0.764490721,0.614306045,-0.142140053,-0.169847101,-0.089890408,-0.306405718,0.766847767,0.323242267,-0.085740996,-0.468185485,0.025426383
4958,0.764490721,0.614306045,-0.142140053,-0.169698929,-0.089890408,-0.306405718,0.766847767,0.323242267,-0.085740996,-0.468185485,0.025426383
4959,0.764490721,0.614306045,-0.142140053,-0.169525064,-0.089890408,-0.306405718,0.766847767,0.323242267,-0.085740996,-0.468185485,0.025426383
4960,0.764490721,0.614306045,-0.142140053,-0.169316194,-0.089890408,-0.306405718,0.766847767,0.323242267,-0.085740996,-0.468185485,0.025426383
4961,0.902090994,0.614306045,-0.142140053,-0.16915592,-0.089890408,-0.306405718,0.766847767,0.323242267,-0.085740996,-0.632213985,0.499142058
4962,0.902090994,0.614306045,-0.142140053,-0.16897252,-0.089890408,-0.306405718,0.766847767,0.323242267,-0.085740996,-0.632213985,0.499142058
4963,0.902090994,0.614306045,-0.142140053,-0.168796924,-0.089890408,-0.306405718,0.766847767,0.323242267,-0.085740996,-0.632213985,0.499142058
4964,0.902090994,0.614306045,-0.142140053,-0.168611989,-0.089890408,-0.306405718,0.766847767,0.323242267,-0.085740996,-0.632213985,0.499142058
4965,0.902090994,0.614306045,-0.142140053,-0.168433875,-0.089890408,-0.306405718,0.766847767,0.323242267,-0.085740996,-0.632213985,0.499142058
4966,0.902090994,0.614306045,-0.142140053,-0.168246833,-0.089890408,-0.306405718,0.766847767,0.323242267,-0.085740996,-0.632213985,0.499142058
4967,1.039691268,0.614306045,-0.142140053,-0.168074061,-0.089890408,-0.306405718,0.766847767,0.323242267,-0.085740996,-0.765245104,0.349325381
4968,1.039691268,0.614306045,-0.142140053,-0.167895222,-0.089890408,-0.306405718,0.766847767,0.323242267,-0.085740996,-0.765245104,0.349325381
4969,1.039691268,0.614306045,-0.142140053,-0.16769212,-0.089890408,-0.306405718,0.766847767,0.323242267,-0.085740996,-0.765245104,0.349325381
4970,1.039691268,0.614306045,-0.142140053,-0.167522063,-0.089890408,-0.306405718,0.766847767,0.323242267,-0.085740996,-0.765245104,0.349325381
4971,1.039691268,0.614306045,-0.142140053,-0.167347892,-0.089890408,-0.306405718,0.766847767,0.323242267,-0.085740996,-0.765245104,0.349325381
4972,1.039691268,0.614306045,-0.142140053,-0.167171623,-0.089890408,-0.306405718,0.766847767,0.323242267,-0.085740996,-0.765245104,0.349325381
4973,1.177291541,0.614306045,-0.142140053,-0.166985428,-0.089890408,-0.306405718,0.766847767,0.323242267,-0.085740996,-0.722577389,1.870105675
4974,1.177291541,0.614306045,-0.142140053,-0.16680831,-0.089890408,-0.306405718,0.766847767,0.323242267,-0.085740996,-0.722577389,1.870105675
4975,1.177291541,0.614306045,-0.142140053,-0.166630998,-0.089890408,-0.306405718,0.766847767,0.323242267,-0.085740996,-0.722577389,1.870105675
4976,1.177291541,0.614306045,-0.142140053,-0.1664513,-0.089890408,-0.306405718,0.766847767,0.323242267,-0.085740996,-0.722577389,1.870105675
4977,1.177291541,0.614306045,-0.142140053,-0.166261868,-0.089890408,-0.306405718,0.766847767,0.323242267,-0.085740996,-0.722577389,1.870105675
4978,1.177291541,0.614306045,-0.142140053,-0.166082254,-0.089890408,-0.306405718,0.766847767,0.323242267,-0.085740996,-0.722577389,1.870105675
4979,1.314891814,0.614306045,-0.142140053,-0.165906418,-0.089890408,-0.306405718,0.766847767,0.323242267,-0.085740996,-0.602593604,-1.581531403
4980,1.314891814,0.614306045,-0.142140053,-0.165716037,-0.089890408,-0.306405718,0.766847767,0.323242267,-0.085740996,-0.602593604,-1.581531403
4981,1.314891814,0.614306045,-0.142140053,-0.165537569,-0.089890408,-0.306405718,0.766847767,0.323242267,-0.085740996,-0.602593604,-1.581531403
4982,1.314891814,0.614306045,-0.142140053,-0.165359996,-0.089890408,-0.306405718,0.766847767,0.323242267,-0.085740996,-0.602593604,-1.581531403
4983,1.314891814,0.614306045,-0.142140053,-0.165175788,-0.089890408,-0.306405718,0.766847767,0.323242267,-0.085740996,-0.602593604,-1.581531403
4984,1.314891814,0.614306045,-0.142140053,-0.164996283,-0.089890408,-0.306405718,0.766847767,0.323242267,-0.085740996,-0.602593604,-1.581531403
4985,1.452492087,0.614306045,-0.142140053,-0.164811175,-0.089890408,-0.306405718,0.766847767,0.323242267,-0.085740996,-0.547299014,1.574273455
4986,1.452492087,0.614306045,-0.142140053,-0.164635619,-0.089890408,-0.306405718,0.766847767,0.323242267,-0.085740996,-0.547299014,1.574273455
4987,1.452492087,0.614306045,-0.142140053,-0.164458825,-0.089890408,-0.306405718,0.766847767,0.323242267,-0.085740996,-0.547299014,1.574273455
4988,1.452492087,0.614306045,-0.142140053,-0.164278192,-0.089890408,-0.306405718,0.766847767,0.323242267,-0.085740996,-0.547299014,1.574273455
4989,1.452492087,0.614306045,-0.142140053,-0.164091361,-0.089890408,-0.306405718,0.766847767,0.323242267,-0.085740996,-0.547299014,1.574273455
4990,1.452492087,0.614306045,-0.142140053,-0.163915032,-0.089890408,-0.306405718,0.766847767,0.323242267,-0.085740996,-0.547299014,1.574273455
4991,1.590092361,0.614306045,-0.142140053,-0.163732082,-0.089890408,-0.306405718,0.766847767,0.323242267,-0.085740996,-0.28553552,0.188402896
4992,1.590092361,0.614306045,-0.142140053,-0.163556018,-0.089890408,-0.306405718,0.766847767,0.323242267,-0.085740996,-0.28553552,0.188402896
4993,1.590092361,0.614306045,-0.142140053,-0.163374378,-0.089890408,-0.306405718,0.766847767,0.323242267,-0.085740996,-0.28553552,0.188402896
4994,1.590092361,0.614306045,-0.142140053,-0.163183487,-0.089890408,-0.306405718,0.766847767,0.323242267,-0.085740996,-0.28553552,0.188402896
4995,1.590092361,0.614306045,-0.142140053,-0.163001707,-0.089890408,-0.306405718,0.766847767,0.323242267,-0.085740996,-0.28553552,0.188402896
4996,1.590092361,0.614306045,-0.142140053,-0.162832402,-0.089890408,-0.306405718,0.766847767,0.323242267,-0.085740996,-0.28553552,0.188402896
4997,1.727692634,0.614306045,-0.142140053,-0.162649593,-0.089890408,-0.306405718,0.766847767,0.323242267,-0.085740996,-0.297674051,2.455582227
4998,1.727692634,0.614306045,-0.142140053,-0.162453479,-0.089890408,-0.306405718,0.766847767,0.323242267,-0.085740996,-0.297674051,2.455582227
4999,1.727692634,0.614306045,-0.142140053,-0.162280732,-0.089890408,-0.306405718,0.766847767,0.323242267,-0.085740996,-0.297674051,2.455582227
5000,1.727692634,0.614306045,-0.142140053,-0.162110307,-0.089890408,-0.306405718,0.766847767,0.323242267,-0.085740996,-0.297674051,2.455582227
5001,1.727692634,-1.627853101,7.035314646,-0.181082882,-0.08883181,-0.306405718,0.939347669,0.323242267,1.560202687,-0.297674051,2.455582227
5002,1.727692634,-1.627853101,-0.142140053,-0.180914315,-0.08883181,-0.306405718,0.939347669,0.323242267,1.560202687,-0.297674051,2.455582227
5003,1.727692634,-1.627853101,-0.142140053,-0.180734594,-0.08883181,-0.306405718,0.939347669,0.323242267,1.560202687,-0.297674051,2.455582227
5004,1.727692634,-1.627853101,-0.142140053,-0.180554703,-0.08883181,-0.306405718,0.939347669,0.323242267,1.560202687,-0.297674051,2.455582227
5005,1.727692634,-1.627853101,-0.142140053,-0.180373096,-0.08883181,-0.306405718,0.939347669,0.323242267,1.560202687,-0.297674051,2.455582227
5006,1.727692634,-1.627853101,-0.142140053,-0.180182988,-0.08883181,-0.306405718,0.939347669,0.323242267,1.560202687,-0.297674051,2.455582227
5007,1.727692634,-1.627853101,-0.142140053,-0.180011367,-0.08883181,-0.306405718,0.939347669,0.323242267,1.560202687,-0.297674051,2.455582227
5008,-0.473911739,-1.627853101,-0.142140053,-0.179838309,-0.08883181,-0.306405718,0.939347669,0.323242267,1.560202687,-0.305089,-1.099685818
5009,-0.473911739,-1.627853101,-0.142140053,-0.179652546,-0.08883181,-0.306405718,0.939347669,0.323242267,1.560202687,-0.305089,-1.099685818
5010,-0.473911739,-1.627853101,-0.142140053,-0.179467756,-0.08883181,-0.306405718,0.939347669,0.323242267,1.560202687,-0.305089,-1.099685818
5011,-0.473911739,-1.627853101,-0.142140053,-0.179287679,-0.08883181,-0.306405718,0.939347669,0.323242267,1.560202687,-0.305089,-1.099685818
5012,-0.473911739,-1.627853101,-0.142140053,-0.179112266,-0.08883181,-0.306405718,0.939347669,0.323242267,1.560202687,-0.305089,-1.099685818
5013,-0.473911739,-1.627853101,-0.142140053,-0.178929318,-0.08883181,-0.306405718,0.939347669,0.323242267,1.560202687,-0.305089,-1.099685818
5014,-0.473911739,0.614306045,7.035314646,-0.181082882,-0.08883181,-0.309979242,0.939347669,0.481257911,-0.085740996,-0.305089,-1.099685818
5015,-0.473911739,0.614306045,-0.142140053,-0.180893497,-0.08883181,-0.309979242,0.939347669,0.481257911,-0.085740996,-0.305089,-1.099685818
5016,-0.473911739,0.614306045,-0.142140053,-0.180707034,-0.08883181,-0.309979242,0.939347669,0.481257911,-0.085740996,-0.305089,-1.099685818
5017,-0.473911739,0.614306045,-0.142140053,-0.18053922,-0.08883181,-0.309979242,0.939347669,0.481257911,-0.085740996,-0.305089,-1.099685818
5018,-0.473911739,0.614306045,-0.142140053,-0.180358656,-0.08883181,-0.309979242,0.939347669,0.481257911,-0.085740996,-0.305089,-1.099685818
5019,-0.336311465,0.614306045,-0.142140053,-0.180168285,-0.08883181,-0.309979242,0.939347669,0.481257911,-0.085740996,-0.182551809,-1.556837493
5020,-0.336311465,0.614306045,-0.142140053,-0.179991988,-0.08883181,-0.309979242,0.939347669,0.481257911,-0.085740996,-0.182551809,-1.556837493
5021,-0.336311465,0.614306045,-0.142140053,-0.179807258,-0.08883181,-0.309979242,0.939347669,0.481257911,-0.085740996,-0.182551809,-1.556837493
5022,-0.336311465,0.614306045,-0.142140053,-0.179632789,-0.08883181,-0.309979242,0.939347669,0.481257911,-0.085740996,-0.182551809,-1.556837493
5023,-0.336311465,0.614306045,-0.142140053,-0.179453344,-0.08883181,-0.309979242,0.939347669,0.481257911,-0.085740996,-0.182551809,-1.556837493
5024,-0.336311465,0.614306045,-0.142140053,-0.179257727,-0.08883181,-0.309979242,0.939347669,0.481257911,-0.085740996,-0.182551809,-1.556837493
5025,-0.198711192,0.614306045,-0.142140053,-0.179084604,-0.08883181,-0.309979242,0.939347669,0.481257911,-0.085740996,-0.313471879,0.528647917
5026,-0.198711192,0.614306045,-0.142140053,-0.178906233,-0.08883181,-0.309979242,0.939347669,0.481257911,-0.085740996,-0.313471879,0.528647917
5027,-0.198711192,0.614306045,-0.142140053,-0.178694151,-0.08883181,-0.309979242,0.939347669,0.481257911,-0.085740996,-0.313471879,0.528647917
5028,-0.198711192,0.614306045,-0.142140053,-0.17854197,-0.08883181,-0.309979242,0.939347669,0.481257911,-0.085740996,-0.313471879,0.528647917
5029,-0.198711192,0.614306045,-0.142140053,-0.178370851,-0.08883181,-0.309979242,0.939347669,0.481257911,-0.085740996,-0.313471879,0.528647917
5030,-0.198711192,0.614306045,-0.142140053,-0.178178734,-0.08883181,-0.309979242,0.939347669,0.481257911,-0.085740996,-0.313471879,0.528647917
5031,-0.061110919,0.614306045,-0.142140053,-0.178000206,-0.08883181,-0.309979242,0.939347669,0.481257911,-0.085740996,-0.495418454,0.638409672
5032,-0.061110919,0.614306045,-0.142140053,-0.177822914,-0.08883181,-0.309979242,0.939347669,0.481257911,-0.085740996,-0.495418454,0.638409672
5033,-0.061110919,0.614306045,-0.142140053,-0.177641707,-0.08883181,-0.309979242,0.939347669,0.481257911,-0.085740996,-0.495418454,0.638409672
5034,-0.061110919,0.614306045,-0.142140053,-0.177458828,-0.08883181,-0.309979242,0.939347669,0.481257911,-0.085740996,-0.495418454,0.638409672
5035,-0.061110919,0.614306045,-0.142140053,-0.177277845,-0.08883181,-0.309979242,0.939347669,0.481257911,-0.085740996,-0.495418454,0.638409672
5036,-0.061110919,0.614306045,-0.142140053,-0.177096383,-0.08883181,-0.309979242,0.939347669,0.481257911,-0.085740996,-0.495418454,0.638409672
5037,0.076489355,0.614306045,-0.142140053,-0.176920939,-0.08883181,-0.309979242,0.939347669,0.481257911,-0.085740996,-0.287596201,0.475905898
5038,0.076489355,0.614306045,-0.142140053,-0.176732547,-0.08883181,-0.309979242,0.939347669,0.481257911,-0.085740996,-0.287596201,0.475905898
5039,0.076489355,0.614306045,-0.142140053,-0.176549844,-0.08883181,-0.309979242,0.939347669,0.481257911,-0.085740996,-0.287596201,0.475905898
5040,0.076489355,0.614306045,-0.142140053,-0.176366608,-0.08883181,-0.309979242,0.939347669,0.481257911,-0.085740996,-0.287596201,0.475905898
5041,0.076489355,0.614306045,-0.142140053,-0.176192488,-0.08883181,-0.309979242,0.939347669,0.481257911,-0.085740996,-0.287596201,0.475905898
5042,0.076489355,0.614306045,-0.142140053,-0.17601818,-0.08883181,-0.309979242,0.939347669,0.481257911,-0.085740996,-0.287596201,0.475905898
5043,0.214089628,0.614306045,-0.142140053,-0.175829088,-0.08883181,-0.309979242,0.939347669,0.481257911,-0.085740996,-0.225276461,1.088460372
5044,0.214089628,0.614306045,-0.142140053,-0.175651298,-0.08883181,-0.309979242,0.939347669,0.481257911,-0.085740996,-0.225276461,1.088460372
5045,0.214089628,0.614306045,-0.142140053,-0.175469726,-0.08883181,-0.309979242,0.939347669,0.481257911,-0.085740996,-0.225276461,1.088460372
5046,0.214089628,0.614306045,-0.142140053,-0.175290522,-0.08883181,-0.309979242,0.939347669,0.481257911,-0.085740996,-0.225276461,1.088460372
5047,0.214089628,0.614306045,-0.142140053,-0.17511111,-0.08883181,-0.309979242,0.939347669,0.481257911,-0.085740996,-0.225276461,1.088460372
5048,0.214089628,0.614306045,-0.142140053,-0.174926538,-0.08883181,-0.309979242,0.939347669,0.481257911,-0.085740996,-0.225276461,1.088460372
5049,0.351689901,0.614306045,-0.142140053,-0.174748273,-0.08883181,-0.309979242,0.939347669,0.481257911,-0.085740996,-0.38205907,-0.893572516
5050,0.351689901,0.614306045,-0.142140053,-0.174568975,-0.08883181,-0.309979242,0.939347669,0.481257911,-0.085740996,-0.38205907,-0.893572516
5051,0.351689901,0.614306045,-0.142140053,-0.174388761,-0.08883181,-0.309979242,0.939347669,0.481257911,-0.085740996,-0.38205907,-0.893572516
5052,0.351689901,0.614306045,-0.142140053,-0.174207769,-0.08883181,-0.309979242,0.939347669,0.481257911,-0.085740996,-0.38205907,-0.893572516
5053,0.351689901,0.614306045,-0.142140053,-0.174022929,-0.08883181,-0.309979242,0.939347669,0.481257911,-0.085740996,-0.38205907,-0.893572516
5054,0.351689901,0.614306045,-0.142140053,-0.173841411,-0.08883181,-0.309979242,0.939347669,0.481257911,-0.085740996,-0.38205907,-0.893572516
5055,0.489290174,0.614306045,-0.142140053,-0.173661906,-0.08883181,-0.309979242,0.939347669,0.481257911,-0.085740996,-0.300630395,-0.842633605
5056,0.489290174,0.614306045,-0.142140053,-0.173473069,-0.08883181,-0.309979242,0.939347669,0.481257911,-0.085740996,-0.300630395,-0.842633605
5057,0.489290174,0.614306045,-0.142140053,-0.173303455,-0.08883181,-0.309979242,0.939347669,0.481257911,-0.085740996,-0.300630395,-0.842633605
5058,0.489290174,0.614306045,-0.142140053,-0.173123791,-0.08883181,-0.309979242,0.939347669,0.481257911,-0.085740996,-0.300630395,-0.842633605
5059,0.489290174,0.614306045,-0.142140053,-0.172935154,-0.08883181,-0.309979242,0.939347669,0.481257911,-0.085740996,-0.300630395,-0.842633605
5060,0.489290174,0.614306045,-0.142140053,-0.172755724,-0.08883181,-0.309979242,0.939347669,0.481257911,-0.085740996,-0.300630395,-0.842633605
5061,0.626890448,0.614306045,-0.142140053,-0.172572811,-0.08883181,-0.309979242,0.939347669,0.481257911,-0.085740996,-0.451371112,1.184507192
5062,0.626890448,0.614306045,-0.142140053,-0.172364023,-0.08883181,-0.309979242,0.939347669,0.481257911,-0.085740996,-0.451371112,1.184507192
5063,0.626890448,0.614306045,-0.142140053,-0.172215087,-0.08883181,-0.309979242,0.939347669,0.481257911,-0.085740996,-0.451371112,1.184507192
5064,0.626890448,0.614306045,-0.142140053,-0.172031652,-0.08883181,-0.309979242,0.939347669,0.481257911,-0.085740996,-0.451371112,1.184507192
5065,0.626890448,0.614306045,-0.142140053,-0.171854545,-0.08883181,-0.309979242,0.939347669,0.481257911,-0.085740996,-0.451371112,1.184507192
5066,0.626890448,0.614306045,-0.142140053,-0.17167857,-0.08883181,-0.309979242,0.939347669,0.481257911,-0.085740996,-0.451371112,1.184507192
5067,0.764490721,0.614306045,-0.142140053,-0.171438122,-0.08883181,-0.309979242,0.939347669,0.481257911,-0.085740996,-0.468185485,0.025426383
5068,0.764490721,0.614306045,-0.142140053,-0.171129269,-0.08883181,-0.309979242,0.939347669,0.481257911,-0.085740996,-0.468185485,0.025426383
5069,0.764490721,0.614306045,-0.142140053,-0.170960507,-0.08883181,-0.309979242,0.939347669,0.481257911,-0.085740996,-0.468185485,0.025426383
5070,0.764490721,0.614306045,-0.142140053,-0.170769514,-0.08883181,-0.309979242,0.939347669,0.481257911,-0.085740996,-0.468185485,0.025426383
5071,0.764490721,0.614306045,-0.142140053,-0.170588511,-0.08883181,-0.309979242,0.939347669,0.481257911,-0.085740996,-0.468185485,0.025426383
5072,0.764490721,0.614306045,-0.142140053,-0.170409276,-0.08883181,-0.309979242,0.939347669,0.481257911,-0.085740996,-0.468185485,0.025426383
5073,0.902090994,0.614306045,-0.142140053,-0.170225284,-0.08883181,-0.309979242,0.939347669,0.481257911,-0.085740996,-0.632213985,0.499142058
5074,0.902090994,0.614306045,-0.142140053,-0.170045569,-0.08883181,-0.309979242,0.939347669,0.481257911,-0.085740996,-0.632213985,0.499142058
5075,0.902090994,0.614306045,-0.142140053,-0.16986316,-0.08883181,-0.309979242,0.939347669,0.481257911,-0.085740996,-0.632213985,0.499142058
5076,0.902090994,0.614306045,-0.142140053,-0.169680329,-0.08883181,-0.309979242,0.939347669,0.481257911,-0.085740996,-0.632213985,0.499142058
5077,0.902090994,0.614306045,-0.142140053,-0.169502994,-0.08883181,-0.309979242,0.939347669,0.481257911,-0.085740996,-0.632213985,0.499142058
5078,0.902090994,0.614306045,-0.142140053,-0.169319978,-0.08883181,-0.309979242,0.939347669,0.481257911,-0.085740996,-0.632213985,0.499142058
5079,1.039691268,0.614306045,-0.142140053,-0.16913473,-0.08883181,-0.309979242,0.939347669,0.481257911,-0.085740996,-0.765245104,0.349325381
5080,1.039691268,0.614306045,-0.142140053,-0.168962829,-0.08883181,-0.309979242,0.939347669,0.481257911,-0.085740996,-0.765245104,0.349325381
5081,1.039691268,0.614306045,-0.142140053,-0.168786229,-0.08883181,-0.309979242,0.939347669,0.481257911,-0.085740996,-0.765245104,0.349325381
5082,1.039691268,0.614306045,-0.142140053,-0.168604514,-0.08883181,-0.309979242,0.939347669,0.481257911,-0.085740996,-0.765245104,0.349325381
5083,1.039691268,0.614306045,-0.142140053,-0.168426468,-0.08883181,-0.309979242,0.939347669,0.481257911,-0.085740996,-0.765245104,0.349325381
5084,1.039691268,0.614306045,-0.142140053,-0.168241444,-0.08883181,-0.309979242,0.939347669,0.481257911,-0.085740996,-0.765245104,0.349325381
5085,1.177291541,0.614306045,-0.142140053,-0.168056789,-0.08883181,-0.309979242,0.939347669,0.481257911,-0.085740996,-0.722577389,1.870105675
5086,1.177291541,0.614306045,-0.142140053,-0.167877214,-0.08883181,-0.309979242,0.939347669,0.481257911,-0.085740996,-0.722577389,1.870105675
5087,1.177291541,0.614306045,-0.142140053,-0.167692161,-0.08883181,-0.309979242,0.939347669,0.481257911,-0.085740996,-0.722577389,1.870105675
5088,1.177291541,0.614306045,-0.142140053,-0.167508021,-0.08883181,-0.309979242,0.939347669,0.481257911,-0.085740996,-0.722577389,1.870105675
5089,1.177291541,0.614306045,-0.142140053,-0.167330654,-0.08883181,-0.309979242,0.939347669,0.481257911,-0.085740996,-0.722577389,1.870105675
5090,1.177291541,0.614306045,-0.142140053,-0.167155545,-0.08883181,-0.309979242,0.939347669,0.481257911,-0.085740996,-0.722577389,1.870105675
5091,1.314891814,0.614306045,-0.142140053,-0.166972921,-0.08883181,-0.309979242,0.939347669,0.481257911,-0.085740996,-0.602593604,-1.581531403
5092,1.314891814,0.614306045,-0.142140053,-0.166790239,-0.08883181,-0.309979242,0.939347669,0.481257911,-0.085740996,-0.602593604,-1.581531403
5093,1.314891814,0.614306045,-0.142140053,-0.166609507,-0.08883181,-0.309979242,0.939347669,0.481257911,-0.085740996,-0.602593604,-1.581531403
5094,1.314891814,0.614306045,-0.142140053,-0.1664292,-0.08883181,-0.309979242,0.939347669,0.481257911,-0.085740996,-0.602593604,-1.581531403
5095,1.314891814,0.614306045,-0.142140053,-0.166253143,-0.08883181,-0.309979242,0.939347669,0.481257911,-0.085740996,-0.602593604,-1.581531403
5096,1.314891814,0.614306045,-0.142140053,-0.166063065,-0.08883181,-0.309979242,0.939347669,0.481257911,-0.085740996,-0.602593604,-1.581531403
5097,1.452492087,0.614306045,-0.142140053,-0.165888972,-0.08883181,-0.309979242,0.939347669,0.481257911,-0.085740996,-0.547299014,1.574273455
5098,1.452492087,0.614306045,-0.142140053,-0.165697778,-0.08883181,-0.309979242,0.939347669,0.481257911,-0.085740996,-0.547299014,1.574273455
5099,1.452492087,0.614306045,-0.142140053,-0.165524316,-0.08883181,-0.309979242,0.939347669,0.481257911,-0.085740996,-0.547299014,1.574273455
5100,1.452492087,0.614306045,-0.142140053,-0.165343752,-0.08883181,-0.309979242,0.939347669,0.481257911,-0.085740996,-0.547299014,1.574273455
5101,1.452492087,0.614306045,-0.142140053,-0.16516656,-0.08883181,-0.309979242,0.939347669,0.481257911,-0.085740996,-0.547299014,1.574273455
5102,1.452492087,-1.627853101,7.035314646,-0.181082824,-0.092346822,-0.309979242,0.594347864,0.481257911,1.560202687,-0.547299014,1.574273455
5103,1.452492087,-1.627853101,-0.142140053,-0.180946066,-0.092346822,-0.309979242,0.594347864,0.481257911,1.560202687,-0.547299014,1.574273455
5104,1.452492087,-1.627853101,-0.142140053,-0.18075175,-0.092346822,-0.309979242,0.594347864,0.481257911,1.560202687,-0.547299014,1.574273455
5105,1.452492087,-1.627853101,-0.142140053,-0.180576713,-0.092346822,-0.309979242,0.594347864,0.481257911,1.560202687,-0.547299014,1.574273455
5106,1.452492087,-1.627853101,-0.142140053,-0.1803982,-0.092346822,-0.309979242,0.594347864,0.481257911,1.560202687,-0.547299014,1.574273455
5107,1.452492087,-1.627853101,-0.142140053,-0.180221498,-0.092346822,-0.309979242,0.594347864,0.481257911,1.560202687,-0.547299014,1.574273455
5108,1.452492087,-1.627853101,-0.142140053,-0.18003839,-0.092346822,-0.309979242,0.594347864,0.481257911,1.560202687,-0.547299014,1.574273455
5109,-0.611512012,-1.627853101,-0.142140053,-0.179848704,-0.092346822,-0.309979242,0.594347864,0.481257911,1.560202687,-0.141224304,-0.804030394
5110,-0.611512012,-1.627853101,-0.142140053,-0.179668684,-0.092346822,-0.309979242,0.594347864,0.481257911,1.560202687,-0.141224304,-0.804030394
5111,-0.611512012,-1.627853101,-0.142140053,-0.179503042,-0.092346822,-0.309979242,0.594347864,0.481257911,1.560202687,-0.141224304,-0.804030394
5112,-0.611512012,-1.627853101,-0.142140053,-0.179317278,-0.092346822,-0.309979242,0.594347864,0.481257911,1.560202687,-0.141224304,-0.804030394
5113,-0.611512012,-1.627853101,-0.142140053,-0.179129374,-0.092346822,-0.309979242,0.594347864,0.481257911,1.560202687,-0.141224304,-0.804030394
5114,-0.611512012,-1.627853101,-0.142140053,-0.178955083,-0.092346822,-0.309979242,0.594347864,0.481257911,1.560202687,-0.141224304,-0.804030394
5115,-0.611512012,0.614306045,7.035314646,-0.181082882,-0.092346822,-0.309467242,0.594347864,0.323242267,-0.085740996,-0.141224304,-0.804030394
5116,-0.611512012,0.614306045,-0.142140053,-0.180898413,-0.092346822,-0.309467242,0.594347864,0.323242267,-0.085740996,-0.141224304,-0.804030394
5117,-0.611512012,0.614306045,-0.142140053,-0.180702511,-0.092346822,-0.309467242,0.594347864,0.323242267,-0.085740996,-0.141224304,-0.804030394
5118,-0.611512012,0.614306045,-0.142140053,-0.180562195,-0.092346822,-0.309467242,0.594347864,0.323242267,-0.085740996,-0.141224304,-0.804030394
5119,-0.611512012,0.614306045,-0.142140053,-0.180367639,-0.092346822,-0.309467242,0.594347864,0.323242267,-0.085740996,-0.141224304,-0.804030394
5120,-0.473911739,0.614306045,-0.142140053,-0.180202636,-0.092346822,-0.309467242,0.594347864,0.323242267,-0.085740996,-0.305089,-1.099685818
5121,-0.473911739,0.614306045,-0.142140053,-0.180015313,-0.092346822,-0.309467242,0.594347864,0.323242267,-0.085740996,-0.305089,-1.099685818
5122,-0.473911739,0.614306045,-0.142140053,-0.179831218,-0.092346822,-0.309467242,0.594347864,0.323242267,-0.085740996,-0.305089,-1.099685818
5123,-0.473911739,0.614306045,-0.142140053,-0.179655279,-0.092346822,-0.309467242,0.594347864,0.323242267,-0.085740996,-0.305089,-1.099685818
5124,-0.473911739,0.614306045,-0.142140053,-0.17946452,-0.092346822,-0.309467242,0.594347864,0.323242267,-0.085740996,-0.305089,-1.099685818
5125,-0.473911739,0.614306045,-0.142140053,-0.179283961,-0.092346822,-0.309467242,0.594347864,0.323242267,-0.085740996,-0.305089,-1.099685818
5126,-0.336311465,0.614306045,-0.142140053,-0.179113397,-0.092346822,-0.309467242,0.594347864,0.323242267,-0.085740996,-0.182551809,-1.556837493
5127,-0.336311465,0.614306045,-0.142140053,-0.178930992,-0.092346822,-0.309467242,0.594347864,0.323242267,-0.085740996,-0.182551809,-1.556837493
5128,-0.336311465,0.614306045,-0.142140053,-0.178755087,-0.092346822,-0.309467242,0.594347864,0.323242267,-0.085740996,-0.182551809,-1.556837493
5129,-0.336311465,0.614306045,-0.142140053,-0.17857608,-0.092346822,-0.309467242,0.594347864,0.323242267,-0.085740996,-0.182551809,-1.556837493
5130,-0.336311465,0.614306045,-0.142140053,-0.178387501,-0.092346822,-0.309467242,0.594347864,0.323242267,-0.085740996,-0.182551809,-1.556837493
5131,-0.336311465,0.614306045,-0.142140053,-0.178214103,-0.092346822,-0.309467242,0.594347864,0.323242267,-0.085740996,-0.182551809,-1.556837493
5132,-0.198711192,0.614306045,-0.142140053,-0.178030182,-0.092346822,-0.309467242,0.594347864,0.323242267,-0.085740996,-0.313471879,0.528647917
5133,-0.198711192,0.614306045,-0.142140053,-0.177851883,-0.092346822,-0.309467242,0.594347864,0.323242267,-0.085740996,-0.313471879,0.528647917
5134,-0.198711192,0.614306045,-0.142140053,-0.177674777,-0.092346822,-0.309467242,0.594347864,0.323242267,-0.085740996,-0.313471879,0.528647917
5135,-0.198711192,0.614306045,-0.142140053,-0.177488787,-0.092346822,-0.309467242,0.594347864,0.323242267,-0.085740996,-0.313471879,0.528647917
5136,-0.198711192,0.614306045,-0.142140053,-0.177311542,-0.092346822,-0.309467242,0.594347864,0.323242267,-0.085740996,-0.313471879,0.528647917
5137,-0.198711192,0.614306045,-0.142140053,-0.177116866,-0.092346822,-0.309467242,0.594347864,0.323242267,-0.085740996,-0.313471879,0.528647917
5138,-0.061110919,0.614306045,-0.142140053,-0.176945553,-0.092346822,-0.309467242,0.594347864,0.323242267,-0.085740996,-0.495418454,0.638409672
5139,-0.061110919,0.614306045,-0.142140053,-0.176765433,-0.092346822,-0.309467242,0.594347864,0.323242267,-0.085740996,-0.495418454,0.638409672
5140,-0.061110919,0.614306045,-0.142140053,-0.176584375,-0.092346822,-0.309467242,0.594347864,0.323242267,-0.085740996,-0.495418454,0.638409672
5141,-0.061110919,0.614306045,-0.142140053,-0.176406536,-0.092346822,-0.309467242,0.594347864,0.323242267,-0.085740996,-0.495418454,0.638409672
5142,-0.061110919,0.614306045,-0.142140053,-0.176226509,-0.092346822,-0.309467242,0.594347864,0.323242267,-0.085740996,-0.495418454,0.638409672
5143,-0.061110919,0.614306045,-0.142140053,-0.176048125,-0.092346822,-0.309467242,0.594347864,0.323242267,-0.085740996,-0.495418454,0.638409672
5144,0.076489355,0.614306045,-0.142140053,-0.175864468,-0.092346822,-0.309467242,0.594347864,0.323242267,-0.085740996,-0.287596201,0.475905898
5145,0.076489355,0.614306045,-0.142140053,-0.175680357,-0.092346822,-0.309467242,0.594347864,0.323242267,-0.085740996,-0.287596201,0.475905898
5146,0.076489355,0.614306045,-0.142140053,-0.175501855,-0.092346822,-0.309467242,0.594347864,0.323242267,-0.085740996,-0.287596201,0.475905898
5147,0.076489355,0.614306045,-0.142140053,-0.175322892,-0.092346822,-0.309467242,0.594347864,0.323242267,-0.085740996,-0.287596201,0.475905898
5148,0.076489355,0.614306045,-0.142140053,-0.175138486,-0.092346822,-0.309467242,0.594347864,0.323242267,-0.085740996,-0.287596201,0.475905898
5149,0.076489355,0.614306045,-0.142140053,-0.174956135,-0.092346822,-0.309467242,0.594347864,0.323242267,-0.085740996,-0.287596201,0.475905898
5150,0.214089628,0.614306045,-0.142140053,-0.174772721,-0.092346822,-0.309467242,0.594347864,0.323242267,-0.085740996,-0.225276461,1.088460372
5151,0.214089628,0.614306045,-0.142140053,-0.174595611,-0.092346822,-0.309467242,0.594347864,0.323242267,-0.085740996,-0.225276461,1.088460372
5152,0.214089628,0.614306045,-0.142140053,-0.17441813,-0.092346822,-0.309467242,0.594347864,0.323242267,-0.085740996,-0.225276461,1.088460372
5153,0.214089628,0.614306045,-0.142140053,-0.17422561,-0.092346822,-0.309467242,0.594347864,0.323242267,-0.085740996,-0.225276461,1.088460372
5154,0.214089628,0.614306045,-0.142140053,-0.174051073,-0.092346822,-0.309467242,0.594347864,0.323242267,-0.085740996,-0.225276461,1.088460372
5155,0.214089628,0.614306045,-0.142140053,-0.173863401,-0.092346822,-0.309467242,0.594347864,0.323242267,-0.085740996,-0.225276461,1.088460372
5156,0.351689901,0.614306045,-0.142140053,-0.173684308,-0.092346822,-0.309467242,0.594347864,0.323242267,-0.085740996,-0.38205907,-0.893572516
5157,0.351689901,0.614306045,-0.142140053,-0.173504814,-0.092346822,-0.309467242,0.594347864,0.323242267,-0.085740996,-0.38205907,-0.893572516
5158,0.351689901,0.614306045,-0.142140053,-0.173330595,-0.092346822,-0.309467242,0.594347864,0.323242267,-0.085740996,-0.38205907,-0.893572516
5159,0.351689901,0.614306045,-0.142140053,-0.173138475,-0.092346822,-0.309467242,0.594347864,0.323242267,-0.085740996,-0.38205907,-0.893572516
5160,0.351689901,0.614306045,-0.142140053,-0.172965812,-0.092346822,-0.309467242,0.594347864,0.323242267,-0.085740996,-0.38205907,-0.893572516
5161,0.351689901,0.614306045,-0.142140053,-0.172762535,-0.092346822,-0.309467242,0.594347864,0.323242267,-0.085740996,-0.38205907,-0.893572516
5162,0.489290174,0.614306045,-0.142140053,-0.172596026,-0.092346822,-0.309467242,0.594347864,0.323242267,-0.085740996,-0.300630395,-0.842633605
5163,0.489290174,0.614306045,-0.142140053,-0.172421629,-0.092346822,-0.309467242,0.594347864,0.323242267,-0.085740996,-0.300630395,-0.842633605
5164,0.489290174,0.614306045,-0.142140053,-0.172245913,-0.092346822,-0.309467242,0.594347864,0.323242267,-0.085740996,-0.300630395,-0.842633605
5165,0.489290174,0.614306045,-0.142140053,-0.172065477,-0.092346822,-0.309467242,0.594347864,0.323242267,-0.085740996,-0.300630395,-0.842633605
5166,0.489290174,0.614306045,-0.142140053,-0.171881663,-0.092346822,-0.309467242,0.594347864,0.323242267,-0.085740996,-0.300630395,-0.842633605
5167,0.489290174,0.614306045,-0.142140053,-0.17169202,-0.092346822,-0.309467242,0.594347864,0.323242267,-0.085740996,-0.300630395,-0.842633605
5168,0.626890448,0.614306045,-0.142140053,-0.171514679,-0.092346822,-0.309467242,0.594347864,0.323242267,-0.085740996,-0.451371112,1.184507192
5169,0.626890448,0.614306045,-0.142140053,-0.171334349,-0.092346822,-0.309467242,0.594347864,0.323242267,-0.085740996,-0.451371112,1.184507192
5170,0.626890448,0.614306045,-0.142140053,-0.171151658,-0.092346822,-0.309467242,0.594347864,0.323242267,-0.085740996,-0.451371112,1.184507192
5171,0.626890448,0.614306045,-0.142140053,-0.170981574,-0.092346822,-0.309467242,0.594347864,0.323242267,-0.085740996,-0.451371112,1.184507192
5172,0.626890448,0.614306045,-0.142140053,-0.170799182,-0.092346822,-0.309467242,0.594347864,0.323242267,-0.085740996,-0.451371112,1.184507192
5173,0.626890448,0.614306045,-0.142140053,-0.170614792,-0.092346822,-0.309467242,0.594347864,0.323242267,-0.085740996,-0.451371112,1.184507192
5174,0.764490721,0.614306045,-0.142140053,-0.170437389,-0.092346822,-0.309467242,0.594347864,0.323242267,-0.085740996,-0.468185485,0.025426383
5175,0.764490721,0.614306045,-0.142140053,-0.170252426,-0.092346822,-0.309467242,0.594347864,0.323242267,-0.085740996,-0.468185485,0.025426383
5176,0.764490721,0.614306045,-0.142140053,-0.170026637,-0.092346822,-0.309467242,0.594347864,0.323242267,-0.085740996,-0.468185485,0.025426383
5177,0.764490721,0.614306045,-0.142140053,-0.169705747,-0.092346822,-0.309467242,0.594347864,0.323242267,-0.085740996,-0.468185485,0.025426383
5178,0.764490721,0.614306045,-0.142140053,-0.169529569,-0.092346822,-0.309467242,0.594347864,0.323242267,-0.085740996,-0.468185485,0.025426383
5179,0.764490721,0.614306045,-0.142140053,-0.169352379,-0.092346822,-0.309467242,0.594347864,0.323242267,-0.085740996,-0.468185485,0.025426383
5180,0.902090994,0.614306045,-0.142140053,-0.169128762,-0.092346822,-0.309467242,0.594347864,0.323242267,-0.085740996,-0.632213985,0.499142058
5181,0.902090994,0.614306045,-0.142140053,-0.16899848,-0.092346822,-0.309467242,0.594347864,0.323242267,-0.085740996,-0.632213985,0.499142058
5182,0.902090994,0.614306045,-0.142140053,-0.168809776,-0.092346822,-0.309467242,0.594347864,0.323242267,-0.085740996,-0.632213985,0.499142058
5183,0.902090994,0.614306045,-0.142140053,-0.168630636,-0.092346822,-0.309467242,0.594347864,0.323242267,-0.085740996,-0.632213985,0.499142058
5184,0.902090994,0.614306045,-0.142140053,-0.168436292,-0.092346822,-0.309467242,0.594347864,0.323242267,-0.085740996,-0.632213985,0.499142058
5185,0.902090994,0.614306045,-0.142140053,-0.168254264,-0.092346822,-0.309467242,0.594347864,0.323242267,-0.085740996,-0.632213985,0.499142058
5186,1.039691268,0.614306045,-0.142140053,-0.168087461,-0.092346822,-0.309467242,0.594347864,0.323242267,-0.085740996,-0.765245104,0.349325381
5187,1.039691268,0.614306045,-0.142140053,-0.167900094,-0.092346822,-0.309467242,0.594347864,0.323242267,-0.085740996,-0.765245104,0.349325381
5188,1.039691268,0.614306045,-0.142140053,-0.167718809,-0.092346822,-0.309467242,0.594347864,0.323242267,-0.085740996,-0.765245104,0.349325381
5189,1.039691268,0.614306045,-0.142140053,-0.167547472,-0.092346822,-0.309467242,0.594347864,0.323242267,-0.085740996,-0.765245104,0.349325381
5190,1.039691268,0.614306045,-0.142140053,-0.16735883,-0.092346822,-0.309467242,0.594347864,0.323242267,-0.085740996,-0.765245104,0.349325381
5191,1.039691268,0.614306045,-0.142140053,-0.167170479,-0.092346822,-0.309467242,0.594347864,0.323242267,-0.085740996,-0.765245104,0.349325381
5192,1.177291541,0.614306045,-0.142140053,-0.166993776,-0.092346822,-0.309467242,0.594347864,0.323242267,-0.085740996,-0.722577389,1.870105675
5193,1.177291541,0.614306045,-0.142140053,-0.166821985,-0.092346822,-0.309467242,0.594347864,0.323242267,-0.085740996,-0.722577389,1.870105675
5194,1.177291541,0.614306045,-0.142140053,-0.166641523,-0.092346822,-0.309467242,0.594347864,0.323242267,-0.085740996,-0.722577389,1.870105675
5195,1.177291541,0.614306045,-0.142140053,-0.166431375,-0.092346822,-0.309467242,0.594347864,0.323242267,-0.085740996,-0.722577389,1.870105675
5196,1.177291541,0.614306045,-0.142140053,-0.166272016,-0.092346822,-0.309467242,0.594347864,0.323242267,-0.085740996,-0.722577389,1.870105675
5197,1.177291541,0.614306045,-0.142140053,-0.166091784,-0.092346822,-0.309467242,0.594347864,0.323242267,-0.085740996,-0.722577389,1.870105675
5198,1.314891814,0.614306045,-0.142140053,-0.165911733,-0.092346822,-0.309467242,0.594347864,0.323242267,-0.085740996,-0.602593604,-1.581531403
5199,1.314891814,0.614306045,-0.142140053,-0.165731396,-0.092346822,-0.309467242,0.594347864,0.323242267,-0.085740996,-0.602593604,-1.581531403
5200,1.314891814,0.614306045,-0.142140053,-0.165553713,-0.092346822,-0.309467242,0.594347864,0.323242267,-0.085740996,-0.602593604,-1.581531403
5201,1.314891814,0.614306045,-0.142140053,-0.165379433,-0.092346822,-0.309467242,0.594347864,0.323242267,-0.085740996,-0.602593604,-1.581531403
5202,1.314891814,0.614306045,-0.142140053,-0.165189218,-0.092346822,-0.309467242,0.594347864,0.323242267,-0.085740996,-0.602593604,-1.581531403
5203,1.314891814,0.614306045,-0.142140053,-0.165002724,-0.092346822,-0.309467242,0.594347864,0.323242267,-0.085740996,-0.602593604,-1.581531403
5204,1.452492087,0.614306045,-0.142140053,-0.164828755,-0.092346822,-0.309467242,0.594347864,0.323242267,-0.085740996,-0.547299014,1.574273455
5205,1.452492087,0.614306045,-0.142140053,-0.164625078,-0.092346822,-0.309467242,0.594347864,0.323242267,-0.085740996,-0.547299014,1.574273455
5206,1.452492087,0.614306045,-0.142140053,-0.164466929,-0.092346822,-0.309467242,0.594347864,0.323242267,-0.085740996,-0.547299014,1.574273455
5207,1.452492087,0.614306045,-0.142140053,-0.164271402,-0.092346822,-0.309467242,0.594347864,0.323242267,-0.085740996,-0.547299014,1.574273455
5208,1.452492087,0.614306045,-0.142140053,-0.164106718,-0.092346822,-0.309467242,0.594347864,0.323242267,-0.085740996,-0.547299014,1.574273455
5209,1.452492087,0.614306045,-0.142140053,-0.163924991,-0.092346822,-0.309467242,0.594347864,0.323242267,-0.085740996,-0.547299014,1.574273455
5210,1.590092361,0.614306045,-0.142140053,-0.16374948,-0.092346822,-0.309467242,0.594347864,0.323242267,-0.085740996,-0.28553552,0.188402896
5211,1.590092361,0.614306045,-0.142140053,-0.163562509,-0.092346822,-0.309467242,0.594347864,0.323242267,-0.085740996,-0.28553552,0.188402896
5212,1.590092361,0.614306045,-0.142140053,-0.163376544,-0.092346822,-0.309467242,0.594347864,0.323242267,-0.085740996,-0.28553552,0.188402896
5213,1.590092361,0.614306045,-0.142140053,-0.163198167,-0.092346822,-0.309467242,0.594347864,0.323242267,-0.085740996,-0.28553552,0.188402896
5214,1.590092361,-1.627853101,7.035314646,-0.181082882,-0.090119592,-0.309467242,0.766847767,0.323242267,1.560202687,-0.28553552,0.188402896
5215,1.590092361,-1.627853101,-0.142140053,-0.180899908,-0.090119592,-0.309467242,0.766847767,0.323242267,1.560202687,-0.28553552,0.188402896
5216,1.590092361,-1.627853101,-0.142140053,-0.180726249,-0.090119592,-0.309467242,0.766847767,0.323242267,1.560202687,-0.28553552,0.188402896
5217,1.590092361,-1.627853101,-0.142140053,-0.180538925,-0.090119592,-0.309467242,0.766847767,0.323242267,1.560202687,-0.28553552,0.188402896
5218,1.590092361,-1.627853101,-0.142140053,-0.180348342,-0.090119592,-0.309467242,0.766847767,0.323242267,1.560202687,-0.28553552,0.188402896
5219,1.590092361,-1.627853101,-0.142140053,-0.180183212,-0.090119592,-0.309467242,0.766847767,0.323242267,1.560202687,-0.28553552,0.188402896
5220,1.590092361,-1.627853101,-0.142140053,-0.179994835,-0.090119592,-0.309467242,0.766847767,0.323242267,1.560202687,-0.28553552,0.188402896
5221,-0.611512012,-1.627853101,-0.142140053,-0.179819634,-0.090119592,-0.309467242,0.766847767,0.323242267,1.560202687,-0.141224304,-0.804030394
5222,-0.611512012,-1.627853101,-0.142140053,-0.17962826,-0.090119592,-0.309467242,0.766847767,0.323242267,1.560202687,-0.141224304,-0.804030394
5223,-0.611512012,-1.627853101,-0.142140053,-0.179454352,-0.090119592,-0.309467242,0.766847767,0.323242267,1.560202687,-0.141224304,-0.804030394
5224,-0.611512012,-1.627853101,-0.142140053,-0.17926937,-0.090119592,-0.309467242,0.766847767,0.323242267,1.560202687,-0.141224304,-0.804030394
5225,-0.611512012,-1.627853101,-0.142140053,-0.179092462,-0.090119592,-0.309467242,0.766847767,0.323242267,1.560202687,-0.141224304,-0.804030394
5226,-0.611512012,-1.627853101,-0.142140053,-0.178913598,-0.090119592,-0.309467242,0.766847767,0.323242267,1.560202687,-0.141224304,-0.804030394
5227,-0.611512012,-1.627853101,-0.142140053,-0.178715839,-0.090119592,-0.309467242,0.766847767,0.323242267,1.560202687,-0.141224304,-0.804030394
5228,-0.611512012,0.614306045,7.035314646,-0.181082882,-0.090119592,-0.288482393,0.766847767,0.323242267,-0.085740996,-0.141224304,-0.804030394
5229,-0.611512012,0.614306045,-0.142140053,-0.180855052,-0.090119592,-0.288482393,0.766847767,0.323242267,-0.085740996,-0.141224304,-0.804030394
5230,-0.611512012,0.614306045,-0.142140053,-0.180543985,-0.090119592,-0.288482393,0.766847767,0.323242267,-0.085740996,-0.141224304,-0.804030394
5231,-0.611512012,0.614306045,-0.142140053,-0.180355597,-0.090119592,-0.288482393,0.766847767,0.323242267,-0.085740996,-0.141224304,-0.804030394
5232,-0.611512012,0.614306045,-0.142140053,-0.180177539,-0.090119592,-0.288482393,0.766847767,0.323242267,-0.085740996,-0.141224304,-0.804030394
5233,-0.473911739,0.614306045,-0.142140053,-0.180000045,-0.090119592,-0.288482393,0.766847767,0.323242267,-0.085740996,-0.305089,-1.099685818
5234,-0.473911739,0.614306045,-0.142140053,-0.179820471,-0.090119592,-0.288482393,0.766847767,0.323242267,-0.085740996,-0.305089,-1.099685818
5235,-0.473911739,0.614306045,-0.142140053,-0.179640422,-0.090119592,-0.288482393,0.766847767,0.323242267,-0.085740996,-0.305089,-1.099685818
5236,-0.473911739,0.614306045,-0.142140053,-0.179458152,-0.090119592,-0.288482393,0.766847767,0.323242267,-0.085740996,-0.305089,-1.099685818
5237,-0.473911739,0.614306045,-0.142140053,-0.179272883,-0.090119592,-0.288482393,0.766847767,0.323242267,-0.085740996,-0.305089,-1.099685818
5238,-0.473911739,0.614306045,-0.142140053,-0.179088065,-0.090119592,-0.288482393,0.766847767,0.323242267,-0.085740996,-0.305089,-1.099685818
5239,-0.336311465,0.614306045,-0.142140053,-0.178922084,-0.090119592,-0.288482393,0.766847767,0.323242267,-0.085740996,-0.182551809,-1.556837493
5240,-0.336311465,0.614306045,-0.142140053,-0.178736588,-0.090119592,-0.288482393,0.766847767,0.323242267,-0.085740996,-0.182551809,-1.556837493
5241,-0.336311465,0.614306045,-0.142140053,-0.178563166,-0.090119592,-0.288482393,0.766847767,0.323242267,-0.085740996,-0.182551809,-1.556837493
5242,-0.336311465,0.614306045,-0.142140053,-0.178375471,-0.090119592,-0.288482393,0.766847767,0.323242267,-0.085740996,-0.182551809,-1.556837493
5243,-0.336311465,0.614306045,-0.142140053,-0.17818815,-0.090119592,-0.288482393,0.766847767,0.323242267,-0.085740996,-0.182551809,-1.556837493
5244,-0.336311465,0.614306045,-0.142140053,-0.178007095,-0.090119592,-0.288482393,0.766847767,0.323242267,-0.085740996,-0.182551809,-1.556837493
5245,-0.198711192,0.614306045,-0.142140053,-0.177829437,-0.090119592,-0.288482393,0.766847767,0.323242267,-0.085740996,-0.313471879,0.528647917
5246,-0.198711192,0.614306045,-0.142140053,-0.177646823,-0.090119592,-0.288482393,0.766847767,0.323242267,-0.085740996,-0.313471879,0.528647917
5247,-0.198711192,0.614306045,-0.142140053,-0.177471128,-0.090119592,-0.288482393,0.766847767,0.323242267,-0.085740996,-0.313471879,0.528647917
5248,-0.198711192,0.614306045,-0.142140053,-0.17728921,-0.090119592,-0.288482393,0.766847767,0.323242267,-0.085740996,-0.313471879,0.528647917
5249,-0.198711192,0.614306045,-0.142140053,-0.177108538,-0.090119592,-0.288482393,0.766847767,0.323242267,-0.085740996,-0.313471879,0.528647917
5250,-0.198711192,0.614306045,-0.142140053,-0.176924258,-0.090119592,-0.288482393,0.766847767,0.323242267,-0.085740996,-0.313471879,0.528647917
5251,-0.061110919,0.614306045,-0.142140053,-0.176750976,-0.090119592,-0.288482393,0.766847767,0.323242267,-0.085740996,-0.495418454,0.638409672
5252,-0.061110919,0.614306045,-0.142140053,-0.176569032,-0.090119592,-0.288482393,0.766847767,0.323242267,-0.085740996,-0.495418454,0.638409672
5253,-0.061110919,0.614306045,-0.142140053,-0.176380398,-0.090119592,-0.288482393,0.766847767,0.323242267,-0.085740996,-0.495418454,0.638409672
5254,-0.061110919,0.614306045,-0.142140053,-0.176204461,-0.090119592,-0.288482393,0.766847767,0.323242267,-0.085740996,-0.495418454,0.638409672
5255,-0.061110919,0.614306045,-0.142140053,-0.176018407,-0.090119592,-0.288482393,0.766847767,0.323242267,-0.085740996,-0.495418454,0.638409672
5256,-0.061110919,0.614306045,-0.142140053,-0.175835334,-0.090119592,-0.288482393,0.766847767,0.323242267,-0.085740996,-0.495418454,0.638409672
5257,0.076489355,0.614306045,-0.142140053,-0.175657448,-0.090119592,-0.288482393,0.766847767,0.323242267,-0.085740996,-0.287596201,0.475905898
5258,0.076489355,0.614306045,-0.142140053,-0.175482645,-0.090119592,-0.288482393,0.766847767,0.323242267,-0.085740996,-0.287596201,0.475905898
5259,0.076489355,0.614306045,-0.142140053,-0.175299931,-0.090119592,-0.288482393,0.766847767,0.323242267,-0.085740996,-0.287596201,0.475905898
5260,0.076489355,0.614306045,-0.142140053,-0.17511509,-0.090119592,-0.288482393,0.766847767,0.323242267,-0.085740996,-0.287596201,0.475905898
5261,0.076489355,0.614306045,-0.142140053,-0.174930335,-0.090119592,-0.288482393,0.766847767,0.323242267,-0.085740996,-0.287596201,0.475905898
5262,0.076489355,0.614306045,-0.142140053,-0.174761462,-0.090119592,-0.288482393,0.766847767,0.323242267,-0.085740996,-0.287596201,0.475905898
5263,0.214089628,0.614306045,-0.142140053,-0.174574949,-0.090119592,-0.288482393,0.766847767,0.323242267,-0.085740996,-0.225276461,1.088460372
5264,0.214089628,0.614306045,-0.142140053,-0.17439344,-0.090119592,-0.288482393,0.766847767,0.323242267,-0.085740996,-0.225276461,1.088460372
5265,0.214089628,0.614306045,-0.142140053,-0.174209678,-0.090119592,-0.288482393,0.766847767,0.323242267,-0.085740996,-0.225276461,1.088460372
5266,0.214089628,0.614306045,-0.142140053,-0.174033663,-0.090119592,-0.288482393,0.766847767,0.323242267,-0.085740996,-0.225276461,1.088460372
5267,0.214089628,0.614306045,-0.142140053,-0.173845129,-0.090119592,-0.288482393,0.766847767,0.323242267,-0.085740996,-0.225276461,1.088460372
5268,0.214089628,0.614306045,-0.142140053,-0.173662141,-0.090119592,-0.288482393,0.766847767,0.323242267,-0.085740996,-0.225276461,1.088460372
5269,0.351689901,0.614306045,-0.142140053,-0.173497759,-0.090119592,-0.288482393,0.766847767,0.323242267,-0.085740996,-0.38205907,-0.893572516
5270,0.351689901,0.614306045,-0.142140053,-0.1733056,-0.090119592,-0.288482393,0.766847767,0.323242267,-0.085740996,-0.38205907,-0.893572516
5271,0.351689901,0.614306045,-0.142140053,-0.173128294,-0.090119592,-0.288482393,0.766847767,0.323242267,-0.085740996,-0.38205907,-0.893572516
5272,0.351689901,0.614306045,-0.142140053,-0.17294269,-0.090119592,-0.288482393,0.766847767,0.323242267,-0.085740996,-0.38205907,-0.893572516
5273,0.351689901,0.614306045,-0.142140053,-0.172767223,-0.090119592,-0.288482393,0.766847767,0.323242267,-0.085740996,-0.38205907,-0.893572516
5274,0.351689901,0.614306045,-0.142140053,-0.172582835,-0.090119592,-0.288482393,0.766847767,0.323242267,-0.085740996,-0.38205907,-0.893572516
5275,0.489290174,0.614306045,-0.142140053,-0.172407621,-0.090119592,-0.288482393,0.766847767,0.323242267,-0.085740996,-0.300630395,-0.842633605
5276,0.489290174,0.614306045,-0.142140053,-0.172222111,-0.090119592,-0.288482393,0.766847767,0.323242267,-0.085740996,-0.300630395,-0.842633605
5277,0.489290174,0.614306045,-0.142140053,-0.172036119,-0.090119592,-0.288482393,0.766847767,0.323242267,-0.085740996,-0.300630395,-0.842633605
5278,0.489290174,0.614306045,-0.142140053,-0.171862111,-0.090119592,-0.288482393,0.766847767,0.323242267,-0.085740996,-0.300630395,-0.842633605
5279,0.489290174,0.614306045,-0.142140053,-0.171684202,-0.090119592,-0.288482393,0.766847767,0.323242267,-0.085740996,-0.300630395,-0.842633605
5280,0.489290174,0.614306045,-0.142140053,-0.17150035,-0.090119592,-0.288482393,0.766847767,0.323242267,-0.085740996,-0.300630395,-0.842633605
5281,0.626890448,0.614306045,-0.142140053,-0.171316188,-0.090119592,-0.288482393,0.766847767,0.323242267,-0.085740996,-0.451371112,1.184507192
5282,0.626890448,0.614306045,-0.142140053,-0.171139035,-0.090119592,-0.288482393,0.766847767,0.323242267,-0.085740996,-0.451371112,1.184507192
5283,0.626890448,0.614306045,-0.142140053,-0.170957018,-0.090119592,-0.288482393,0.766847767,0.323242267,-0.085740996,-0.451371112,1.184507192
5284,0.626890448,0.614306045,-0.142140053,-0.170784235,-0.090119592,-0.288482393,0.766847767,0.323242267,-0.085740996,-0.451371112,1.184507192
5285,0.626890448,0.614306045,-0.142140053,-0.170589304,-0.090119592,-0.288482393,0.766847767,0.323242267,-0.085740996,-0.451371112,1.184507192
5286,0.626890448,0.614306045,-0.142140053,-0.170421075,-0.090119592,-0.288482393,0.766847767,0.323242267,-0.085740996,-0.451371112,1.184507192
5287,0.764490721,0.614306045,-0.142140053,-0.170232545,-0.090119592,-0.288482393,0.766847767,0.323242267,-0.085740996,-0.468185485,0.025426383
5288,0.764490721,0.614306045,-0.142140053,-0.17005355,-0.090119592,-0.288482393,0.766847767,0.323242267,-0.085740996,-0.468185485,0.025426383
5289,0.764490721,0.614306045,-0.142140053,-0.16987477,-0.090119592,-0.288482393,0.766847767,0.323242267,-0.085740996,-0.468185485,0.025426383
5290,0.764490721,0.614306045,-0.142140053,-0.169689863,-0.090119592,-0.288482393,0.766847767,0.323242267,-0.085740996,-0.468185485,0.025426383
5291,0.764490721,0.614306045,-0.142140053,-0.169517029,-0.090119592,-0.288482393,0.766847767,0.323242267,-0.085740996,-0.468185485,0.025426383
5292,0.764490721,0.614306045,-0.142140053,-0.169330412,-0.090119592,-0.288482393,0.766847767,0.323242267,-0.085740996,-0.468185485,0.025426383
5293,0.902090994,0.614306045,-0.142140053,-0.169150568,-0.090119592,-0.288482393,0.766847767,0.323242267,-0.085740996,-0.632213985,0.499142058
5294,0.902090994,0.614306045,-0.142140053,-0.168938554,-0.090119592,-0.288482393,0.766847767,0.323242267,-0.085740996,-0.632213985,0.499142058
5295,0.902090994,0.614306045,-0.142140053,-0.168790626,-0.090119592,-0.288482393,0.766847767,0.323242267,-0.085740996,-0.632213985,0.499142058
5296,0.902090994,0.614306045,-0.142140053,-0.168615995,-0.090119592,-0.288482393,0.766847767,0.323242267,-0.085740996,-0.632213985,0.499142058
5297,0.902090994,0.614306045,-0.142140053,-0.168422515,-0.090119592,-0.288482393,0.766847767,0.323242267,-0.085740996,-0.632213985,0.499142058
5298,0.902090994,0.614306045,-0.142140053,-0.168234254,-0.090119592,-0.288482393,0.766847767,0.323242267,-0.085740996,-0.632213985,0.499142058
5299,1.039691268,0.614306045,-0.142140053,-0.168073827,-0.090119592,-0.288482393,0.766847767,0.323242267,-0.085740996,-0.765245104,0.349325381
5300,1.039691268,0.614306045,-0.142140053,-0.167879278,-0.090119592,-0.288482393,0.766847767,0.323242267,-0.085740996,-0.765245104,0.349325381
5301,1.039691268,0.614306045,-0.142140053,-0.167709731,-0.090119592,-0.288482393,0.766847767,0.323242267,-0.085740996,-0.765245104,0.349325381
5302,1.039691268,0.614306045,-0.142140053,-0.167520865,-0.090119592,-0.288482393,0.766847767,0.323242267,-0.085740996,-0.765245104,0.349325381
5303,1.039691268,0.614306045,-0.142140053,-0.167343032,-0.090119592,-0.288482393,0.766847767,0.323242267,-0.085740996,-0.765245104,0.349325381
5304,1.039691268,0.614306045,-0.142140053,-0.167125094,-0.090119592,-0.288482393,0.766847767,0.323242267,-0.085740996,-0.765245104,0.349325381
5305,1.177291541,0.614306045,-0.142140053,-0.166976927,-0.090119592,-0.288482393,0.766847767,0.323242267,-0.085740996,-0.722577389,1.870105675
5306,1.177291541,0.614306045,-0.142140053,-0.166794586,-0.090119592,-0.288482393,0.766847767,0.323242267,-0.085740996,-0.722577389,1.870105675
5307,1.177291541,0.614306045,-0.142140053,-0.166611454,-0.090119592,-0.288482393,0.766847767,0.323242267,-0.085740996,-0.722577389,1.870105675
5308,1.177291541,0.614306045,-0.142140053,-0.166439614,-0.090119592,-0.288482393,0.766847767,0.323242267,-0.085740996,-0.722577389,1.870105675
5309,1.177291541,0.614306045,-0.142140053,-0.166253816,-0.090119592,-0.288482393,0.766847767,0.323242267,-0.085740996,-0.722577389,1.870105675
5310,1.177291541,0.614306045,-0.142140053,-0.166080713,-0.090119592,-0.288482393,0.766847767,0.323242267,-0.085740996,-0.722577389,1.870105675
5311,1.314891814,0.614306045,-0.142140053,-0.165892399,-0.090119592,-0.288482393,0.766847767,0.323242267,-0.085740996,-0.602593604,-1.581531403
5312,1.314891814,0.614306045,-0.142140053,-0.165713848,-0.090119592,-0.288482393,0.766847767,0.323242267,-0.085740996,-0.602593604,-1.581531403
5313,1.314891814,0.614306045,-0.142140053,-0.16553277,-0.090119592,-0.288482393,0.766847767,0.323242267,-0.085740996,-0.602593604,-1.581531403
5314,1.314891814,0.614306045,-0.142140053,-0.165355134,-0.090119592,-0.288482393,0.766847767,0.323242267,-0.085740996,-0.602593604,-1.581531403
5315,1.314891814,0.614306045,-0.142140053,-0.16517198,-0.090119592,-0.288482393,0.766847767,0.323242267,-0.085740996,-0.602593604,-1.581531403
5316,1.314891814,0.614306045,-0.142140053,-0.164988038,-0.090119592,-0.288482393,0.766847767,0.323242267,-0.085740996,-0.602593604,-1.581531403
5317,1.452492087,0.614306045,-0.142140053,-0.164806131,-0.090119592,-0.288482393,0.766847767,0.323242267,-0.085740996,-0.547299014,1.574273455
5318,1.452492087,0.614306045,-0.142140053,-0.164631858,-0.090119592,-0.288482393,0.766847767,0.323242267,-0.085740996,-0.547299014,1.574273455
5319,1.452492087,0.614306045,-0.142140053,-0.164447475,-0.090119592,-0.288482393,0.766847767,0.323242267,-0.085740996,-0.547299014,1.574273455
5320,1.452492087,0.614306045,-0.142140053,-0.164274229,-0.090119592,-0.288482393,0.766847767,0.323242267,-0.085740996,-0.547299014,1.574273455
5321,1.452492087,0.614306045,-0.142140053,-0.164090419,-0.090119592,-0.288482393,0.766847767,0.323242267,-0.085740996,-0.547299014,1.574273455
5322,1.452492087,0.614306045,-0.142140053,-0.163908803,-0.090119592,-0.288482393,0.766847767,0.323242267,-0.085740996,-0.547299014,1.574273455
5323,1.590092361,0.614306045,-0.142140053,-0.163722853,-0.090119592,-0.288482393,0.766847767,0.323242267,-0.085740996,-0.28553552,0.188402896
5324,1.590092361,0.614306045,-0.142140053,-0.163546955,-0.090119592,-0.288482393,0.766847767,0.323242267,-0.085740996,-0.28553552,0.188402896
5325,1.590092361,0.614306045,-0.142140053,-0.163368,-0.090119592,-0.288482393,0.766847767,0.323242267,-0.085740996,-0.28553552,0.188402896
5326,1.590092361,0.614306045,-0.142140053,-0.163173038,-0.090119592,-0.288482393,0.766847767,0.323242267,-0.085740996,-0.28553552,0.188402896
5327,1.590092361,0.614306045,-0.142140053,-0.163003565,-0.090119592,-0.288482393,0.766847767,0.323242267,-0.085740996,-0.28553552,0.188402896
5328,1.590092361,0.614306045,-0.142140053,-0.162813834,-0.090119592,-0.288482393,0.766847767,0.323242267,-0.085740996,-0.28553552,0.188402896
5329,1.727692634,0.614306045,-0.142140053,-0.162640883,-0.090119592,-0.288482393,0.766847767,0.323242267,-0.085740996,-0.297674051,2.455582227
5330,1.727692634,0.614306045,-0.142140053,-0.162453865,-0.090119592,-0.288482393,0.766847767,0.323242267,-0.085740996,-0.297674051,2.455582227
5331,1.727692634,0.614306045,-0.142140053,-0.16228254,-0.090119592,-0.288482393,0.766847767,0.323242267,-0.085740996,-0.297674051,2.455582227
5332,1.727692634,0.614306045,-0.142140053,-0.162093994,-0.090119592,-0.288482393,0.766847767,0.323242267,-0.085740996,-0.297674051,2.455582227
5333,1.727692634,0.614306045,-0.142140053,-0.161908566,-0.090119592,-0.288482393,0.766847767,0.323242267,-0.085740996,-0.297674051,2.455582227
5334,1.727692634,0.614306045,-0.142140053,-0.161692347,-0.090119592,-0.288482393,0.766847767,0.323242267,-0.085740996,-0.297674051,2.455582227
5335,1.727692634,-1.627853101,7.035314646,-0.181082882,-0.088221039,-0.288482393,0.939347669,0.323242267,-0.085740996,-0.297674051,2.455582227
5336,1.727692634,-1.627853101,-0.142140053,-0.180893689,-0.088221039,-0.288482393,0.939347669,0.323242267,-0.085740996,-0.297674051,2.455582227
5337,1.727692634,-1.627853101,-0.142140053,-0.180714618,-0.088221039,-0.288482393,0.939347669,0.323242267,-0.085740996,-0.297674051,2.455582227
5338,1.727692634,-1.627853101,-0.142140053,-0.180538215,-0.088221039,-0.288482393,0.939347669,0.323242267,-0.085740996,-0.297674051,2.455582227
5339,1.727692634,-1.627853101,-0.142140053,-0.180356524,-0.088221039,-0.288482393,0.939347669,0.323242267,-0.085740996,-0.297674051,2.455582227
5340,-0.473911739,-1.627853101,-0.142140053,-0.18017531,-0.088221039,-0.288482393,0.939347669,0.323242267,-0.085740996,-0.305089,-1.099685818
5341,-0.473911739,-1.627853101,-0.142140053,-0.179991629,-0.088221039,-0.288482393,0.939347669,0.323242267,-0.085740996,-0.305089,-1.099685818
5342,-0.473911739,-1.627853101,-0.142140053,-0.179809564,-0.088221039,-0.288482393,0.939347669,0.323242267,-0.085740996,-0.305089,-1.099685818
5343,-0.473911739,-1.627853101,-0.142140053,-0.179589283,-0.088221039,-0.288482393,0.939347669,0.323242267,-0.085740996,-0.305089,-1.099685818
5344,-0.473911739,-1.627853101,-0.142140053,-0.179259856,-0.088221039,-0.288482393,0.939347669,0.323242267,-0.085740996,-0.305089,-1.099685818
5345,-0.473911739,-1.627853101,-0.142140053,-0.179097148,-0.088221039,-0.288482393,0.939347669,0.323242267,-0.085740996,-0.305089,-1.099685818
5346,-0.611512012,-1.627853101,-0.142140053,-0.178912238,-0.088221039,-0.288482393,0.939347669,0.323242267,-0.085740996,-0.141224304,-0.804030394
5347,-0.611512012,0.614306045,7.035314646,-0.181082757,-0.088221039,-0.307247107,0.939347669,0.323242267,-0.085740996,-0.141224304,-0.804030394
5348,-0.611512012,0.614306045,-0.142140053,-0.180841063,-0.088221039,-0.307247107,0.939347669,0.323242267,-0.085740996,-0.141224304,-0.804030394
5349,-0.611512012,0.614306045,-0.142140053,-0.18053792,-0.088221039,-0.307247107,0.939347669,0.323242267,-0.085740996,-0.141224304,-0.804030394
5350,-0.611512012,0.614306045,-0.142140053,-0.180354307,-0.088221039,-0.307247107,0.939347669,0.323242267,-0.085740996,-0.141224304,-0.804030394
5351,-0.611512012,0.614306045,-0.142140053,-0.180171598,-0.088221039,-0.307247107,0.939347669,0.323242267,-0.085740996,-0.141224304,-0.804030394
5352,-0.473911739,0.614306045,-0.142140053,-0.180007593,-0.088221039,-0.307247107,0.939347669,0.323242267,-0.085740996,-0.305089,-1.099685818
5353,-0.473911739,0.614306045,-0.142140053,-0.179814259,-0.088221039,-0.307247107,0.939347669,0.323242267,-0.085740996,-0.305089,-1.099685818
5354,-0.473911739,0.614306045,-0.142140053,-0.179632797,-0.088221039,-0.307247107,0.939347669,0.323242267,-0.085740996,-0.305089,-1.099685818
5355,-0.473911739,0.614306045,-0.142140053,-0.179462093,-0.088221039,-0.307247107,0.939347669,0.323242267,-0.085740996,-0.305089,-1.099685818
5356,-0.473911739,0.614306045,-0.142140053,-0.179267742,-0.088221039,-0.307247107,0.939347669,0.323242267,-0.085740996,-0.305089,-1.099685818
5357,-0.473911739,0.614306045,-0.142140053,-0.179093106,-0.088221039,-0.307247107,0.939347669,0.323242267,-0.085740996,-0.305089,-1.099685818
5358,-0.336311465,0.614306045,-0.142140053,-0.17891352,-0.088221039,-0.307247107,0.939347669,0.323242267,-0.085740996,-0.182551809,-1.556837493
5359,-0.336311465,0.614306045,-0.142140053,-0.178729349,-0.088221039,-0.307247107,0.939347669,0.323242267,-0.085740996,-0.182551809,-1.556837493
5360,-0.336311465,0.614306045,-0.142140053,-0.178543486,-0.088221039,-0.307247107,0.939347669,0.323242267,-0.085740996,-0.182551809,-1.556837493
5361,-0.336311465,0.614306045,-0.142140053,-0.178328659,-0.088221039,-0.307247107,0.939347669,0.323242267,-0.085740996,-0.182551809,-1.556837493
5362,-0.336311465,0.614306045,-0.142140053,-0.177997081,-0.088221039,-0.307247107,0.939347669,0.323242267,-0.085740996,-0.182551809,-1.556837493
5363,-0.336311465,0.614306045,-0.142140053,-0.177821432,-0.088221039,-0.307247107,0.939347669,0.323242267,-0.085740996,-0.182551809,-1.556837493
5364,-0.198711192,0.614306045,-0.142140053,-0.177647681,-0.088221039,-0.307247107,0.939347669,0.323242267,-0.085740996,-0.313471879,0.528647917
5365,-0.198711192,0.614306045,-0.142140053,-0.177459281,-0.088221039,-0.307247107,0.939347669,0.323242267,-0.085740996,-0.313471879,0.528647917
5366,-0.198711192,0.614306045,-0.142140053,-0.177285241,-0.088221039,-0.307247107,0.939347669,0.323242267,-0.085740996,-0.313471879,0.528647917
5367,-0.198711192,0.614306045,-0.142140053,-0.177100173,-0.088221039,-0.307247107,0.939347669,0.323242267,-0.085740996,-0.313471879,0.528647917
5368,-0.198711192,0.614306045,-0.142140053,-0.176923358,-0.088221039,-0.307247107,0.939347669,0.323242267,-0.085740996,-0.313471879,0.528647917
5369,-0.198711192,0.614306045,-0.142140053,-0.176741186,-0.088221039,-0.307247107,0.939347669,0.323242267,-0.085740996,-0.313471879,0.528647917
5370,-0.061110919,0.614306045,-0.142140053,-0.176556103,-0.088221039,-0.307247107,0.939347669,0.323242267,-0.085740996,-0.495418454,0.638409672
5371,-0.061110919,0.614306045,-0.142140053,-0.176386055,-0.088221039,-0.307247107,0.939347669,0.323242267,-0.085740996,-0.495418454,0.638409672
5372,-0.061110919,0.614306045,-0.142140053,-0.176185578,-0.088221039,-0.307247107,0.939347669,0.323242267,-0.085740996,-0.495418454,0.638409672
5373,-0.061110919,0.614306045,-0.142140053,-0.176014584,-0.088221039,-0.307247107,0.939347669,0.323242267,-0.085740996,-0.495418454,0.638409672
5374,-0.061110919,0.614306045,-0.142140053,-0.175826514,-0.088221039,-0.307247107,0.939347669,0.323242267,-0.085740996,-0.495418454,0.638409672
5375,-0.061110919,0.614306045,-0.142140053,-0.175625376,-0.088221039,-0.307247107,0.939347669,0.323242267,-0.085740996,-0.495418454,0.638409672
5376,0.076489355,0.614306045,-0.142140053,-0.175483268,-0.088221039,-0.307247107,0.939347669,0.323242267,-0.085740996,-0.287596201,0.475905898
5377,0.076489355,0.614306045,-0.142140053,-0.175300355,-0.088221039,-0.307247107,0.939347669,0.323242267,-0.085740996,-0.287596201,0.475905898
5378,0.076489355,0.614306045,-0.142140053,-0.175108099,-0.088221039,-0.307247107,0.939347669,0.323242267,-0.085740996,-0.287596201,0.475905898
5379,0.076489355,0.614306045,-0.142140053,-0.174921989,-0.088221039,-0.307247107,0.939347669,0.323242267,-0.085740996,-0.287596201,0.475905898
5380,0.076489355,0.614306045,-0.142140053,-0.17475342,-0.088221039,-0.307247107,0.939347669,0.323242267,-0.085740996,-0.287596201,0.475905898
5381,0.076489355,0.614306045,-0.142140053,-0.174576588,-0.088221039,-0.307247107,0.939347669,0.323242267,-0.085740996,-0.287596201,0.475905898
5382,0.214089628,0.614306045,-0.142140053,-0.174363132,-0.088221039,-0.307247107,0.939347669,0.323242267,-0.085740996,-0.225276461,1.088460372
5383,0.214089628,0.614306045,-0.142140053,-0.174205281,-0.088221039,-0.307247107,0.939347669,0.323242267,-0.085740996,-0.225276461,1.088460372
5384,0.214089628,0.614306045,-0.142140053,-0.174025015,-0.088221039,-0.307247107,0.939347669,0.323242267,-0.085740996,-0.225276461,1.088460372
5385,0.214089628,0.614306045,-0.142140053,-0.17385612,-0.088221039,-0.307247107,0.939347669,0.323242267,-0.085740996,-0.225276461,1.088460372
5386,0.214089628,0.614306045,-0.142140053,-0.17366639,-0.088221039,-0.307247107,0.939347669,0.323242267,-0.085740996,-0.225276461,1.088460372
5387,0.214089628,0.614306045,-0.142140053,-0.173490597,-0.088221039,-0.307247107,0.939347669,0.323242267,-0.085740996,-0.225276461,1.088460372
5388,0.351689901,0.614306045,-0.142140053,-0.173303406,-0.088221039,-0.307247107,0.939347669,0.323242267,-0.085740996,-0.38205907,-0.893572516
5389,0.351689901,0.614306045,-0.142140053,-0.173119506,-0.088221039,-0.307247107,0.939347669,0.323242267,-0.085740996,-0.38205907,-0.893572516
5390,0.351689901,0.614306045,-0.142140053,-0.172931846,-0.088221039,-0.307247107,0.939347669,0.323242267,-0.085740996,-0.38205907,-0.893572516
5391,0.351689901,0.614306045,-0.142140053,-0.172761512,-0.088221039,-0.307247107,0.939347669,0.323242267,-0.085740996,-0.38205907,-0.893572516
5392,0.351689901,0.614306045,-0.142140053,-0.172572189,-0.088221039,-0.307247107,0.939347669,0.323242267,-0.085740996,-0.38205907,-0.893572516
5393,0.351689901,0.614306045,-0.142140053,-0.172391826,-0.088221039,-0.307247107,0.939347669,0.323242267,-0.085740996,-0.38205907,-0.893572516
5394,0.489290174,0.614306045,-0.142140053,-0.172209328,-0.088221039,-0.307247107,0.939347669,0.323242267,-0.085740996,-0.300630395,-0.842633605
5395,0.489290174,0.614306045,-0.142140053,-0.172040559,-0.088221039,-0.307247107,0.939347669,0.323242267,-0.085740996,-0.300630395,-0.842633605
5396,0.489290174,0.614306045,-0.142140053,-0.171851918,-0.088221039,-0.307247107,0.939347669,0.323242267,-0.085740996,-0.300630395,-0.842633605
5397,0.489290174,0.614306045,-0.142140053,-0.171672011,-0.088221039,-0.307247107,0.939347669,0.323242267,-0.085740996,-0.300630395,-0.842633605
5398,0.489290174,0.614306045,-0.142140053,-0.171499166,-0.088221039,-0.307247107,0.939347669,0.323242267,-0.085740996,-0.300630395,-0.842633605
5399,0.489290174,0.614306045,-0.142140053,-0.171323768,-0.088221039,-0.307247107,0.939347669,0.323242267,-0.085740996,-0.300630395,-0.842633605
5400,0.626890448,0.614306045,-0.142140053,-0.171117553,-0.088221039,-0.307247107,0.939347669,0.323242267,-0.085740996,-0.451371112,1.184507192
5401,0.626890448,0.614306045,-0.142140053,-0.170954091,-0.088221039,-0.307247107,0.939347669,0.323242267,-0.085740996,-0.451371112,1.184507192
5402,0.626890448,0.614306045,-0.142140053,-0.170777941,-0.088221039,-0.307247107,0.939347669,0.323242267,-0.085740996,-0.451371112,1.184507192
5403,0.626890448,0.614306045,-0.142140053,-0.170595399,-0.088221039,-0.307247107,0.939347669,0.323242267,-0.085740996,-0.451371112,1.184507192
5404,0.626890448,0.614306045,-0.142140053,-0.170414618,-0.088221039,-0.307247107,0.939347669,0.323242267,-0.085740996,-0.451371112,1.184507192
5405,0.626890448,0.614306045,-0.142140053,-0.170236208,-0.088221039,-0.307247107,0.939347669,0.323242267,-0.085740996,-0.451371112,1.184507192
5406,0.764490721,0.614306045,-0.142140053,-0.170051365,-0.088221039,-0.307247107,0.939347669,0.323242267,-0.085740996,-0.468185485,0.025426383
5407,0.764490721,0.614306045,-0.142140053,-0.16986517,-0.088221039,-0.307247107,0.939347669,0.323242267,-0.085740996,-0.468185485,0.025426383
5408,0.764490721,0.614306045,-0.142140053,-0.169687947,-0.088221039,-0.307247107,0.939347669,0.323242267,-0.085740996,-0.468185485,0.025426383
5409,0.764490721,0.614306045,-0.142140053,-0.169507379,-0.088221039,-0.307247107,0.939347669,0.323242267,-0.085740996,-0.468185485,0.025426383
5410,0.764490721,0.614306045,-0.142140053,-0.169288064,-0.088221039,-0.307247107,0.939347669,0.323242267,-0.085740996,-0.468185485,0.025426383
5411,0.764490721,0.614306045,-0.142140053,-0.169147536,-0.088221039,-0.307247107,0.939347669,0.323242267,-0.085740996,-0.468185485,0.025426383
5412,0.902090994,0.614306045,-0.142140053,-0.168958271,-0.088221039,-0.307247107,0.939347669,0.323242267,-0.085740996,-0.632213985,0.499142058
5413,0.902090994,0.614306045,-0.142140053,-0.168780452,-0.088221039,-0.307247107,0.939347669,0.323242267,-0.085740996,-0.632213985,0.499142058
5414,0.902090994,0.614306045,-0.142140053,-0.168603284,-0.088221039,-0.307247107,0.939347669,0.323242267,-0.085740996,-0.632213985,0.499142058
5415,0.902090994,0.614306045,-0.142140053,-0.168426716,-0.088221039,-0.307247107,0.939347669,0.323242267,-0.085740996,-0.632213985,0.499142058
5416,0.902090994,0.614306045,-0.142140053,-0.168248084,-0.088221039,-0.307247107,0.939347669,0.323242267,-0.085740996,-0.632213985,0.499142058
5417,0.902090994,0.614306045,-0.142140053,-0.168061229,-0.088221039,-0.307247107,0.939347669,0.323242267,-0.085740996,-0.632213985,0.499142058
5418,1.039691268,0.614306045,-0.142140053,-0.1678797,-0.088221039,-0.307247107,0.939347669,0.323242267,-0.085740996,-0.765245104,0.349325381
5419,1.039691268,0.614306045,-0.142140053,-0.167704256,-0.088221039,-0.307247107,0.939347669,0.323242267,-0.085740996,-0.765245104,0.349325381
5420,1.039691268,0.614306045,-0.142140053,-0.167515107,-0.088221039,-0.307247107,0.939347669,0.323242267,-0.085740996,-0.765245104,0.349325381
5421,1.039691268,0.614306045,-0.142140053,-0.167334856,-0.088221039,-0.307247107,0.939347669,0.323242267,-0.085740996,-0.765245104,0.349325381
5422,1.039691268,0.614306045,-0.142140053,-0.16714986,-0.088221039,-0.307247107,0.939347669,0.323242267,-0.085740996,-0.765245104,0.349325381
5423,1.039691268,0.614306045,-0.142140053,-0.166978074,-0.088221039,-0.307247107,0.939347669,0.323242267,-0.085740996,-0.765245104,0.349325381
5424,1.177291541,0.614306045,-0.142140053,-0.166800533,-0.088221039,-0.307247107,0.939347669,0.323242267,-0.085740996,-0.722577389,1.870105675
5425,1.177291541,0.614306045,-0.142140053,-0.166622805,-0.088221039,-0.307247107,0.939347669,0.323242267,-0.085740996,-0.722577389,1.870105675
5426,1.177291541,0.614306045,-0.142140053,-0.166434465,-0.088221039,-0.307247107,0.939347669,0.323242267,-0.085740996,-0.722577389,1.870105675
5427,1.177291541,0.614306045,-0.142140053,-0.166251046,-0.088221039,-0.307247107,0.939347669,0.323242267,-0.085740996,-0.722577389,1.870105675
5428,1.177291541,0.614306045,-0.142140053,-0.166071937,-0.088221039,-0.307247107,0.939347669,0.323242267,-0.085740996,-0.722577389,1.870105675
5429,1.177291541,0.614306045,-0.142140053,-0.165888468,-0.088221039,-0.307247107,0.939347669,0.323242267,-0.085740996,-0.722577389,1.870105675
5430,1.314891814,0.614306045,-0.142140053,-0.16567137,-0.088221039,-0.307247107,0.939347669,0.323242267,-0.085740996,-0.602593604,-1.581531403
5431,1.314891814,0.614306045,-0.142140053,-0.165525919,-0.088221039,-0.307247107,0.939347669,0.323242267,-0.085740996,-0.602593604,-1.581531403
5432,1.314891814,0.614306045,-0.142140053,-0.165348972,-0.088221039,-0.307247107,0.939347669,0.323242267,-0.085740996,-0.602593604,-1.581531403
5433,1.314891814,0.614306045,-0.142140053,-0.16517284,-0.088221039,-0.307247107,0.939347669,0.323242267,-0.085740996,-0.602593604,-1.581531403
5434,1.314891814,0.614306045,-0.142140053,-0.164988804,-0.088221039,-0.307247107,0.939347669,0.323242267,-0.085740996,-0.602593604,-1.581531403
5435,1.314891814,0.614306045,-0.142140053,-0.164807422,-0.088221039,-0.307247107,0.939347669,0.323242267,-0.085740996,-0.602593604,-1.581531403
5436,1.452492087,0.614306045,-0.142140053,-0.164625804,-0.088221039,-0.307247107,0.939347669,0.323242267,-0.085740996,-0.547299014,1.574273455
5437,1.452492087,0.614306045,-0.142140053,-0.164433749,-0.088221039,-0.307247107,0.939347669,0.323242267,-0.085740996,-0.547299014,1.574273455
5438,1.452492087,0.614306045,-0.142140053,-0.164262715,-0.088221039,-0.307247107,0.939347669,0.323242267,-0.085740996,-0.547299014,1.574273455
5439,1.452492087,0.614306045,-0.142140053,-0.164079772,-0.088221039,-0.307247107,0.939347669,0.323242267,-0.085740996,-0.547299014,1.574273455
5440,1.452492087,0.614306045,-0.142140053,-0.163890864,-0.088221039,-0.307247107,0.939347669,0.323242267,-0.085740996,-0.547299014,1.574273455
5441,1.452492087,0.614306045,-0.142140053,-0.163717796,-0.088221039,-0.307247107,0.939347669,0.323242267,-0.085740996,-0.547299014,1.574273455
5442,1.590092361,0.614306045,-0.142140053,-0.163541829,-0.088221039,-0.307247107,0.939347669,0.323242267,-0.085740996,-0.28553552,0.188402896
5443,1.590092361,0.614306045,-0.142140053,-0.16335564,-0.088221039,-0.307247107,0.939347669,0.323242267,-0.085740996,-0.28553552,0.188402896
5444,1.590092361,0.614306045,-0.142140053,-0.163173191,-0.088221039,-0.307247107,0.939347669,0.323242267,-0.085740996,-0.28553552,0.188402896
5445,1.590092361,0.614306045,-0.142140053,-0.163003863,-0.088221039,-0.307247107,0.939347669,0.323242267,-0.085740996,-0.28553552,0.188402896
5446,1.590092361,0.614306045,-0.142140053,-0.162816116,-0.088221039,-0.307247107,0.939347669,0.323242267,-0.085740996,-0.28553552,0.188402896
5447,1.590092361,0.614306045,-0.142140053,-0.162625387,-0.088221039,-0.307247107,0.939347669,0.323242267,-0.085740996,-0.28553552,0.188402896
5448,1.590092361,-1.627853101,7.035314646,-0.181082882,-0.08946329,-0.307247107,0.766847767,0.323242267,-0.085740996,-0.28553552,0.188402896
5449,1.590092361,-1.627853101,-0.142140053,-0.180907415,-0.08946329,-0.307247107,0.766847767,0.323242267,-0.085740996,-0.28553552,0.188402896
5450,1.590092361,-1.627853101,-0.142140053,-0.180715827,-0.08946329,-0.307247107,0.766847767,0.323242267,-0.085740996,-0.28553552,0.188402896
5451,1.590092361,-1.627853101,-0.142140053,-0.180535181,-0.08946329,-0.307247107,0.766847767,0.323242267,-0.085740996,-0.28553552,0.188402896
5452,1.590092361,-1.627853101,-0.142140053,-0.180363011,-0.08946329,-0.307247107,0.766847767,0.323242267,-0.085740996,-0.28553552,0.188402896
5453,-0.611512012,-1.627853101,-0.142140053,-0.18018442,-0.08946329,-0.307247107,0.766847767,0.323242267,-0.085740996,-0.141224304,-0.804030394
5454,-0.611512012,-1.627853101,-0.142140053,-0.179992513,-0.08946329,-0.307247107,0.766847767,0.323242267,-0.085740996,-0.141224304,-0.804030394
5455,-0.611512012,-1.627853101,-0.142140053,-0.179807794,-0.08946329,-0.307247107,0.766847767,0.323242267,-0.085740996,-0.141224304,-0.804030394
5456,-0.611512012,-1.627853101,-0.142140053,-0.179640877,-0.08946329,-0.307247107,0.766847767,0.323242267,-0.085740996,-0.141224304,-0.804030394
5457,-0.611512012,-1.627853101,-0.142140053,-0.179453882,-0.08946329,-0.307247107,0.766847767,0.323242267,-0.085740996,-0.141224304,-0.804030394
5458,-0.611512012,-1.627853101,-0.142140053,-0.179267459,-0.08946329,-0.307247107,0.766847767,0.323242267,-0.085740996,-0.141224304,-0.804030394
5459,-0.611512012,-1.627853101,-0.142140053,-0.179101238,-0.08946329,-0.307247107,0.766847767,0.323242267,-0.085740996,-0.141224304,-0.804030394
5460,-0.611512012,-1.627853101,-0.142140053,-0.17887982,-0.08946329,-0.307247107,0.766847767,0.323242267,-0.085740996,-0.141224304,-0.804030394
5461,-0.611512012,-1.627853101,-0.142140053,-0.178733431,-0.08946329,-0.307247107,0.766847767,0.323242267,-0.085740996,-0.141224304,-0.804030394
5462,-0.611512012,0.614306045,7.035314646,-0.181082882,-0.08946329,-0.28602944,0.766847767,0.323242267,-0.085740996,-0.141224304,-0.804030394
5463,-0.611512012,0.614306045,-0.142140053,-0.180896337,-0.08946329,-0.28602944,0.766847767,0.323242267,-0.085740996,-0.141224304,-0.804030394
5464,-0.611512012,0.614306045,-0.142140053,-0.180744754,-0.08946329,-0.28602944,0.766847767,0.323242267,-0.085740996,-0.141224304,-0.804030394
5465,-0.611512012,0.614306045,-0.142140053,-0.180574398,-0.08946329,-0.28602944,0.766847767,0.323242267,-0.085740996,-0.141224304,-0.804030394
5466,-0.611512012,0.614306045,-0.142140053,-0.180393515,-0.08946329,-0.28602944,0.766847767,0.323242267,-0.085740996,-0.141224304,-0.804030394
5467,-0.473911739,0.614306045,-0.142140053,-0.180211414,-0.08946329,-0.28602944,0.766847767,0.323242267,-0.085740996,-0.305089,-1.099685818
5468,-0.473911739,0.614306045,-0.142140053,-0.180032012,-0.08946329,-0.28602944,0.766847767,0.323242267,-0.085740996,-0.305089,-1.099685818
5469,-0.473911739,0.614306045,-0.142140053,-0.179854398,-0.08946329,-0.28602944,0.766847767,0.323242267,-0.085740996,-0.305089,-1.099685818
5470,-0.473911739,0.614306045,-0.142140053,-0.179661309,-0.08946329,-0.28602944,0.766847767,0.323242267,-0.085740996,-0.305089,-1.099685818
5471,-0.473911739,0.614306045,-0.142140053,-0.17947625,-0.08946329,-0.28602944,0.766847767,0.323242267,-0.085740996,-0.305089,-1.099685818
5472,-0.473911739,0.614306045,-0.142140053,-0.17930435,-0.08946329,-0.28602944,0.766847767,0.323242267,-0.085740996,-0.305089,-1.099685818
5473,-0.336311465,0.614306045,-0.142140053,-0.179115544,-0.08946329,-0.28602944,0.766847767,0.323242267,-0.085740996,-0.182551809,-1.556837493
5474,-0.336311465,0.614306045,-0.142140053,-0.178947573,-0.08946329,-0.28602944,0.766847767,0.323242267,-0.085740996,-0.182551809,-1.556837493
5475,-0.336311465,0.614306045,-0.142140053,-0.178760485,-0.08946329,-0.28602944,0.766847767,0.323242267,-0.085740996,-0.182551809,-1.556837493
5476,-0.336311465,0.614306045,-0.142140053,-0.178581641,-0.08946329,-0.28602944,0.766847767,0.323242267,-0.085740996,-0.182551809,-1.556837493
5477,-0.336311465,0.614306045,-0.142140053,-0.178365394,-0.08946329,-0.28602944,0.766847767,0.323242267,-0.085740996,-0.182551809,-1.556837493
5478,-0.336311465,0.614306045,-0.142140053,-0.178152041,-0.08946329,-0.28602944,0.766847767,0.323242267,-0.085740996,-0.182551809,-1.556837493
5479,-0.198711192,0.614306045,-0.142140053,-0.177854765,-0.08946329,-0.28602944,0.766847767,0.323242267,-0.085740996,-0.313471879,0.528647917
5480,-0.198711192,0.614306045,-0.142140053,-0.177680259,-0.08946329,-0.28602944,0.766847767,0.323242267,-0.085740996,-0.313471879,0.528647917
5481,-0.198711192,0.614306045,-0.142140053,-0.177493336,-0.08946329,-0.28602944,0.766847767,0.323242267,-0.085740996,-0.313471879,0.528647917
5482,-0.198711192,0.614306045,-0.142140053,-0.177314438,-0.08946329,-0.28602944,0.766847767,0.323242267,-0.085740996,-0.313471879,0.528647917
5483,-0.198711192,0.614306045,-0.142140053,-0.177133938,-0.08946329,-0.28602944,0.766847767,0.323242267,-0.085740996,-0.313471879,0.528647917
5484,-0.198711192,0.614306045,-0.142140053,-0.176958585,-0.08946329,-0.28602944,0.766847767,0.323242267,-0.085740996,-0.313471879,0.528647917
5485,-0.061110919,0.614306045,-0.142140053,-0.17677537,-0.08946329,-0.28602944,0.766847767,0.323242267,-0.085740996,-0.495418454,0.638409672
5486,-0.061110919,0.614306045,-0.142140053,-0.176591609,-0.08946329,-0.28602944,0.766847767,0.323242267,-0.085740996,-0.495418454,0.638409672
5487,-0.061110919,0.614306045,-0.142140053,-0.176404229,-0.08946329,-0.28602944,0.766847767,0.323242267,-0.085740996,-0.495418454,0.638409672
5488,-0.061110919,0.614306045,-0.142140053,-0.176222919,-0.08946329,-0.28602944,0.766847767,0.323242267,-0.085740996,-0.495418454,0.638409672
5489,-0.061110919,0.614306045,-0.142140053,-0.176049559,-0.08946329,-0.28602944,0.766847767,0.323242267,-0.085740996,-0.495418454,0.638409672
5490,-0.061110919,0.614306045,-0.142140053,-0.175862365,-0.08946329,-0.28602944,0.766847767,0.323242267,-0.085740996,-0.495418454,0.638409672
5491,0.076489355,0.614306045,-0.142140053,-0.175688178,-0.08946329,-0.28602944,0.766847767,0.323242267,-0.085740996,-0.287596201,0.475905898
5492,0.076489355,0.614306045,-0.142140053,-0.175497714,-0.08946329,-0.28602944,0.766847767,0.323242267,-0.085740996,-0.287596201,0.475905898
5493,0.076489355,0.614306045,-0.142140053,-0.17532426,-0.08946329,-0.28602944,0.766847767,0.323242267,-0.085740996,-0.287596201,0.475905898
5494,0.076489355,0.614306045,-0.142140053,-0.175147478,-0.08946329,-0.28602944,0.766847767,0.323242267,-0.085740996,-0.287596201,0.475905898
5495,0.076489355,0.614306045,-0.142140053,-0.174966312,-0.08946329,-0.28602944,0.766847767,0.323242267,-0.085740996,-0.287596201,0.475905898
5496,0.076489355,0.614306045,-0.142140053,-0.174778994,-0.08946329,-0.28602944,0.766847767,0.323242267,-0.085740996,-0.287596201,0.475905898
5497,0.214089628,0.614306045,-0.142140053,-0.174598844,-0.08946329,-0.28602944,0.766847767,0.323242267,-0.085740996,-0.225276461,1.088460372
5498,0.214089628,0.614306045,-0.142140053,-0.174415591,-0.08946329,-0.28602944,0.766847767,0.323242267,-0.085740996,-0.225276461,1.088460372
5499,0.214089628,0.614306045,-0.142140053,-0.174247057,-0.08946329,-0.28602944,0.766847767,0.323242267,-0.085740996,-0.225276461,1.088460372
5500,0.214089628,0.614306045,-0.142140053,-0.174057978,-0.08946329,-0.28602944,0.766847767,0.323242267,-0.085740996,-0.225276461,1.088460372
5501,0.214089628,0.614306045,-0.142140053,-0.173859104,-0.08946329,-0.28602944,0.766847767,0.323242267,-0.085740996,-0.225276461,1.088460372
5502,0.214089628,0.614306045,-0.142140053,-0.173691349,-0.08946329,-0.28602944,0.766847767,0.323242267,-0.085740996,-0.225276461,1.088460372
5503,0.351689901,0.614306045,-0.142140053,-0.173513607,-0.08946329,-0.28602944,0.766847767,0.323242267,-0.085740996,-0.38205907,-0.893572516
5504,0.351689901,0.614306045,-0.142140053,-0.173344634,-0.08946329,-0.28602944,0.766847767,0.323242267,-0.085740996,-0.38205907,-0.893572516
5505,0.351689901,0.614306045,-0.142140053,-0.173147352,-0.08946329,-0.28602944,0.766847767,0.323242267,-0.085740996,-0.38205907,-0.893572516
5506,0.351689901,0.614306045,-0.142140053,-0.172974479,-0.08946329,-0.28602944,0.766847767,0.323242267,-0.085740996,-0.38205907,-0.893572516
5507,0.351689901,0.614306045,-0.142140053,-0.17278919,-0.08946329,-0.28602944,0.766847767,0.323242267,-0.085740996,-0.38205907,-0.893572516
5508,0.351689901,0.614306045,-0.142140053,-0.172617996,-0.08946329,-0.28602944,0.766847767,0.323242267,-0.085740996,-0.38205907,-0.893572516
5509,0.489290174,0.614306045,-0.142140053,-0.172437146,-0.08946329,-0.28602944,0.766847767,0.323242267,-0.085740996,-0.300630395,-0.842633605
5510,0.489290174,0.614306045,-0.142140053,-0.172256098,-0.08946329,-0.28602944,0.766847767,0.323242267,-0.085740996,-0.300630395,-0.842633605
5511,0.489290174,0.614306045,-0.142140053,-0.17207579,-0.08946329,-0.28602944,0.766847767,0.323242267,-0.085740996,-0.300630395,-0.842633605
5512,0.489290174,0.614306045,-0.142140053,-0.171890751,-0.08946329,-0.28602944,0.766847767,0.323242267,-0.085740996,-0.300630395,-0.842633605
5513,0.489290174,0.614306045,-0.142140053,-0.171706737,-0.08946329,-0.28602944,0.766847767,0.323242267,-0.085740996,-0.300630395,-0.842633605
5514,0.489290174,0.614306045,-0.142140053,-0.171529887,-0.08946329,-0.28602944,0.766847767,0.323242267,-0.085740996,-0.300630395,-0.842633605
5515,0.626890448,0.614306045,-0.142140053,-0.171350833,-0.08946329,-0.28602944,0.766847767,0.323242267,-0.085740996,-0.451371112,1.184507192
5516,0.626890448,0.614306045,-0.142140053,-0.17116503,-0.08946329,-0.28602944,0.766847767,0.323242267,-0.085740996,-0.451371112,1.184507192
5517,0.626890448,0.614306045,-0.142140053,-0.170983251,-0.08946329,-0.28602944,0.766847767,0.323242267,-0.085740996,-0.451371112,1.184507192
5518,0.626890448,0.614306045,-0.142140053,-0.17080044,-0.08946329,-0.28602944,0.766847767,0.323242267,-0.085740996,-0.451371112,1.184507192
5519,0.626890448,0.614306045,-0.142140053,-0.17062427,-0.08946329,-0.28602944,0.766847767,0.323242267,-0.085740996,-0.451371112,1.184507192
5520,0.626890448,0.614306045,-0.142140053,-0.17044273,-0.08946329,-0.28602944,0.766847767,0.323242267,-0.085740996,-0.451371112,1.184507192
5521,0.764490721,0.614306045,-0.142140053,-0.170259493,-0.08946329,-0.28602944,0.766847767,0.323242267,-0.085740996,-0.468185485,0.025426383
5522,0.764490721,0.614306045,-0.142140053,-0.170085302,-0.08946329,-0.28602944,0.766847767,0.323242267,-0.085740996,-0.468185485,0.025426383
5523,0.764490721,0.614306045,-0.142140053,-0.169892172,-0.08946329,-0.28602944,0.766847767,0.323242267,-0.085740996,-0.468185485,0.025426383
5524,0.764490721,0.614306045,-0.142140053,-0.169724614,-0.08946329,-0.28602944,0.766847767,0.323242267,-0.085740996,-0.468185485,0.025426383
5525,0.764490721,0.614306045,-0.142140053,-0.16953482,-0.08946329,-0.28602944,0.766847767,0.323242267,-0.085740996,-0.468185485,0.025426383
5526,0.764490721,0.614306045,-0.142140053,-0.169364605,-0.08946329,-0.28602944,0.766847767,0.323242267,-0.085740996,-0.468185485,0.025426383
5527,0.902090994,0.614306045,-0.142140053,-0.16917669,-0.08946329,-0.28602944,0.766847767,0.323242267,-0.085740996,-0.632213985,0.499142058
5528,0.902090994,0.614306045,-0.142140053,-0.169002378,-0.08946329,-0.28602944,0.766847767,0.323242267,-0.085740996,-0.632213985,0.499142058
5529,0.902090994,0.614306045,-0.142140053,-0.168817187,-0.08946329,-0.28602944,0.766847767,0.323242267,-0.085740996,-0.632213985,0.499142058
5530,0.902090994,0.614306045,-0.142140053,-0.168625512,-0.08946329,-0.28602944,0.766847767,0.323242267,-0.085740996,-0.632213985,0.499142058
5531,0.902090994,0.614306045,-0.142140053,-0.168443944,-0.08946329,-0.28602944,0.766847767,0.323242267,-0.085740996,-0.632213985,0.499142058
5532,0.902090994,0.614306045,-0.142140053,-0.16827511,-0.08946329,-0.28602944,0.766847767,0.323242267,-0.085740996,-0.632213985,0.499142058
5533,1.039691268,0.614306045,-0.142140053,-0.168092139,-0.08946329,-0.28602944,0.766847767,0.323242267,-0.085740996,-0.765245104,0.349325381
5534,1.039691268,0.614306045,-0.142140053,-0.167917503,-0.08946329,-0.28602944,0.766847767,0.323242267,-0.085740996,-0.765245104,0.349325381
5535,1.039691268,0.614306045,-0.142140053,-0.167735016,-0.08946329,-0.28602944,0.766847767,0.323242267,-0.085740996,-0.765245104,0.349325381
5536,1.039691268,0.614306045,-0.142140053,-0.167551391,-0.08946329,-0.28602944,0.766847767,0.323242267,-0.085740996,-0.765245104,0.349325381
5537,1.039691268,0.614306045,-0.142140053,-0.167370888,-0.08946329,-0.28602944,0.766847767,0.323242267,-0.085740996,-0.765245104,0.349325381
5538,1.039691268,0.614306045,-0.142140053,-0.167195867,-0.08946329,-0.28602944,0.766847767,0.323242267,-0.085740996,-0.765245104,0.349325381
5539,1.177291541,0.614306045,-0.142140053,-0.167013992,-0.08946329,-0.28602944,0.766847767,0.323242267,-0.085740996,-0.722577389,1.870105675
5540,1.177291541,0.614306045,-0.142140053,-0.166830938,-0.08946329,-0.28602944,0.766847767,0.323242267,-0.085740996,-0.722577389,1.870105675
5541,1.177291541,0.614306045,-0.142140053,-0.166641894,-0.08946329,-0.28602944,0.766847767,0.323242267,-0.085740996,-0.722577389,1.870105675
5542,1.177291541,0.614306045,-0.142140053,-0.16646259,-0.08946329,-0.28602944,0.766847767,0.323242267,-0.085740996,-0.722577389,1.870105675
5543,1.177291541,0.614306045,-0.142140053,-0.166282777,-0.08946329,-0.28602944,0.766847767,0.323242267,-0.085740996,-0.722577389,1.870105675
5544,1.177291541,0.614306045,-0.142140053,-0.166110084,-0.08946329,-0.28602944,0.766847767,0.323242267,-0.085740996,-0.722577389,1.870105675
5545,1.314891814,0.614306045,-0.142140053,-0.165924969,-0.08946329,-0.28602944,0.766847767,0.323242267,-0.085740996,-0.602593604,-1.581531403
5546,1.314891814,0.614306045,-0.142140053,-0.16574587,-0.08946329,-0.28602944,0.766847767,0.323242267,-0.085740996,-0.602593604,-1.581531403
5547,1.314891814,0.614306045,-0.142140053,-0.165561573,-0.08946329,-0.28602944,0.766847767,0.323242267,-0.085740996,-0.602593604,-1.581531403
5548,1.314891814,0.614306045,-0.142140053,-0.165380415,-0.08946329,-0.28602944,0.766847767,0.323242267,-0.085740996,-0.602593604,-1.581531403
5549,1.314891814,0.614306045,-0.142140053,-0.165199051,-0.08946329,-0.28602944,0.766847767,0.323242267,-0.085740996,-0.602593604,-1.581531403
5550,1.314891814,0.614306045,-0.142140053,-0.165015567,-0.08946329,-0.28602944,0.766847767,0.323242267,-0.085740996,-0.602593604,-1.581531403
5551,1.452492087,0.614306045,-0.142140053,-0.164847073,-0.08946329,-0.28602944,0.766847767,0.323242267,-0.085740996,-0.547299014,1.574273455
5552,1.452492087,0.614306045,-0.142140053,-0.164660743,-0.08946329,-0.28602944,0.766847767,0.323242267,-0.085740996,-0.547299014,1.574273455
5553,1.452492087,0.614306045,-0.142140053,-0.164467658,-0.08946329,-0.28602944,0.766847767,0.323242267,-0.085740996,-0.547299014,1.574273455
5554,1.452492087,0.614306045,-0.142140053,-0.164298641,-0.08946329,-0.28602944,0.766847767,0.323242267,-0.085740996,-0.547299014,1.574273455
5555,1.452492087,0.614306045,-0.142140053,-0.164100009,-0.08946329,-0.28602944,0.766847767,0.323242267,-0.085740996,-0.547299014,1.574273455
5556,1.452492087,0.614306045,-0.142140053,-0.163933508,-0.08946329,-0.28602944,0.766847767,0.323242267,-0.085740996,-0.547299014,1.574273455
5557,1.590092361,0.614306045,-0.142140053,-0.163751367,-0.08946329,-0.28602944,0.766847767,0.323242267,-0.085740996,-0.28553552,0.188402896
5558,1.590092361,0.614306045,-0.142140053,-0.16356933,-0.08946329,-0.28602944,0.766847767,0.323242267,-0.085740996,-0.28553552,0.188402896
5559,1.590092361,0.614306045,-0.142140053,-0.163364104,-0.08946329,-0.28602944,0.766847767,0.323242267,-0.085740996,-0.28553552,0.188402896
5560,1.590092361,0.614306045,-0.142140053,-0.163206713,-0.08946329,-0.28602944,0.766847767,0.323242267,-0.085740996,-0.28553552,0.188402896
5561,1.590092361,0.614306045,-0.142140053,-0.163030492,-0.08946329,-0.28602944,0.766847767,0.323242267,-0.085740996,-0.28553552,0.188402896
5562,1.590092361,0.614306045,-0.142140053,-0.162848425,-0.08946329,-0.28602944,0.766847767,0.323242267,-0.085740996,-0.28553552,0.188402896
5563,1.727692634,0.614306045,-0.142140053,-0.162669123,-0.08946329,-0.28602944,0.766847767,0.323242267,-0.085740996,-0.297674051,2.455582227
5564,1.727692634,0.614306045,-0.142140053,-0.162494016,-0.08946329,-0.28602944,0.766847767,0.323242267,-0.085740996,-0.297674051,2.455582227
5565,1.727692634,-1.627853101,7.035314646,-0.181082882,-0.089282017,-0.28602944,0.939347669,0.323242267,-0.085740996,-0.297674051,2.455582227
5566,1.727692634,-1.627853101,-0.142140053,-0.180902133,-0.089282017,-0.28602944,0.939347669,0.323242267,-0.085740996,-0.297674051,2.455582227
5567,1.727692634,-1.627853101,-0.142140053,-0.18072545,-0.089282017,-0.28602944,0.939347669,0.323242267,-0.085740996,-0.297674051,2.455582227
5568,1.727692634,-1.627853101,-0.142140053,-0.180553256,-0.089282017,-0.28602944,0.939347669,0.323242267,-0.085740996,-0.297674051,2.455582227
5569,1.727692634,-1.627853101,-0.142140053,-0.180338284,-0.089282017,-0.28602944,0.939347669,0.323242267,-0.085740996,-0.297674051,2.455582227
5570,-0.611512012,-1.627853101,-0.142140053,-0.180191995,-0.089282017,-0.28602944,0.939347669,0.323242267,-0.085740996,-0.141224304,-0.804030394
5571,-0.611512012,-1.627853101,-0.142140053,-0.180003461,-0.089282017,-0.28602944,0.939347669,0.323242267,-0.085740996,-0.141224304,-0.804030394
5572,-0.611512012,-1.627853101,-0.142140053,-0.179825281,-0.089282017,-0.28602944,0.939347669,0.323242267,-0.085740996,-0.141224304,-0.804030394
5573,-0.611512012,-1.627853101,-0.142140053,-0.179641526,-0.089282017,-0.28602944,0.939347669,0.323242267,-0.085740996,-0.141224304,-0.804030394
5574,-0.611512012,-1.627853101,-0.142140053,-0.179467933,-0.089282017,-0.28602944,0.939347669,0.323242267,-0.085740996,-0.141224304,-0.804030394
5575,-0.611512012,-1.627853101,-0.142140053,-0.179277488,-0.089282017,-0.28602944,0.939347669,0.323242267,-0.085740996,-0.141224304,-0.804030394
5576,-0.611512012,-1.627853101,-0.142140053,-0.17910765,-0.089282017,-0.28602944,0.939347669,0.323242267,-0.085740996,-0.141224304,-0.804030394
5577,-0.611512012,-1.627853101,-0.142140053,-0.178925482,-0.089282017,-0.28602944,0.939347669,0.323242267,-0.085740996,-0.141224304,-0.804030394
5578,-0.611512012,-1.627853101,-0.142140053,-0.178744594,-0.089282017,-0.28602944,0.939347669,0.323242267,-0.085740996,-0.141224304,-0.804030394
5579,-0.611512012,0.614306045,7.035314646,-0.181082882,-0.089282017,-0.289905676,0.939347669,0.323242267,-0.085740996,-0.141224304,-0.804030394
5580,-0.611512012,0.614306045,-0.142140053,-0.180886721,-0.089282017,-0.289905676,0.939347669,0.323242267,-0.085740996,-0.141224304,-0.804030394
5581,-0.611512012,0.614306045,-0.142140053,-0.180693776,-0.089282017,-0.289905676,0.939347669,0.323242267,-0.085740996,-0.141224304,-0.804030394
5582,-0.611512012,0.614306045,-0.142140053,-0.180541009,-0.089282017,-0.289905676,0.939347669,0.323242267,-0.085740996,-0.141224304,-0.804030394
5583,-0.611512012,0.614306045,-0.142140053,-0.180358644,-0.089282017,-0.289905676,0.939347669,0.323242267,-0.085740996,-0.141224304,-0.804030394
5584,-0.473911739,0.614306045,-0.142140053,-0.180185113,-0.089282017,-0.289905676,0.939347669,0.323242267,-0.085740996,-0.305089,-1.099685818
5585,-0.473911739,0.614306045,-0.142140053,-0.179995304,-0.089282017,-0.289905676,0.939347669,0.323242267,-0.085740996,-0.305089,-1.099685818
5586,-0.473911739,0.614306045,-0.142140053,-0.179820933,-0.089282017,-0.289905676,0.939347669,0.323242267,-0.085740996,-0.305089,-1.099685818
5587,-0.473911739,0.614306045,-0.142140053,-0.17963264,-0.089282017,-0.289905676,0.939347669,0.323242267,-0.085740996,-0.305089,-1.099685818
5588,-0.473911739,0.614306045,-0.142140053,-0.179448024,-0.089282017,-0.289905676,0.939347669,0.323242267,-0.085740996,-0.305089,-1.099685818
5589,-0.473911739,0.614306045,-0.142140053,-0.179260407,-0.089282017,-0.289905676,0.939347669,0.323242267,-0.085740996,-0.305089,-1.099685818
5590,-0.336311465,0.614306045,-0.142140053,-0.179096427,-0.089282017,-0.289905676,0.939347669,0.323242267,-0.085740996,-0.182551809,-1.556837493
5591,-0.336311465,0.614306045,-0.142140053,-0.17891625,-0.089282017,-0.289905676,0.939347669,0.323242267,-0.085740996,-0.182551809,-1.556837493
5592,-0.336311465,0.614306045,-0.142140053,-0.178733273,-0.089282017,-0.289905676,0.939347669,0.323242267,-0.085740996,-0.182551809,-1.556837493
5593,-0.336311465,0.614306045,-0.142140053,-0.178558663,-0.089282017,-0.289905676,0.939347669,0.323242267,-0.085740996,-0.182551809,-1.556837493
5594,-0.336311465,0.614306045,-0.142140053,-0.178365293,-0.089282017,-0.289905676,0.939347669,0.323242267,-0.085740996,-0.182551809,-1.556837493
5595,-0.336311465,0.614306045,-0.142140053,-0.178189045,-0.089282017,-0.289905676,0.939347669,0.323242267,-0.085740996,-0.182551809,-1.556837493
5596,-0.198711192,0.614306045,-0.142140053,-0.178007333,-0.089282017,-0.289905676,0.939347669,0.323242267,-0.085740996,-0.313471879,0.528647917
5597,-0.198711192,0.614306045,-0.142140053,-0.177833678,-0.089282017,-0.289905676,0.939347669,0.323242267,-0.085740996,-0.313471879,0.528647917
5598,-0.198711192,0.614306045,-0.142140053,-0.17765194,-0.089282017,-0.289905676,0.939347669,0.323242267,-0.085740996,-0.313471879,0.528647917
5599,-0.198711192,0.614306045,-0.142140053,-0.177436337,-0.089282017,-0.289905676,0.939347669,0.323242267,-0.085740996,-0.313471879,0.528647917
5600,-0.198711192,0.614306045,-0.142140053,-0.177279279,-0.089282017,-0.289905676,0.939347669,0.323242267,-0.085740996,-0.313471879,0.528647917
5601,-0.198711192,0.614306045,-0.142140053,-0.177104725,-0.089282017,-0.289905676,0.939347669,0.323242267,-0.085740996,-0.313471879,0.528647917
5602,-0.061110919,0.614306045,-0.142140053,-0.176915025,-0.089282017,-0.289905676,0.939347669,0.323242267,-0.085740996,-0.495418454,0.638409672
5603,-0.061110919,0.614306045,-0.142140053,-0.176737501,-0.089282017,-0.289905676,0.939347669,0.323242267,-0.085740996,-0.495418454,0.638409672
5604,-0.061110919,0.614306045,-0.142140053,-0.176538484,-0.089282017,-0.289905676,0.939347669,0.323242267,-0.085740996,-0.495418454,0.638409672
5605,-0.061110919,0.614306045,-0.142140053,-0.176376427,-0.089282017,-0.289905676,0.939347669,0.323242267,-0.085740996,-0.495418454,0.638409672
5606,-0.061110919,0.614306045,-0.142140053,-0.176197567,-0.089282017,-0.289905676,0.939347669,0.323242267,-0.085740996,-0.495418454,0.638409672
5607,-0.061110919,0.614306045,-0.142140053,-0.176018847,-0.089282017,-0.289905676,0.939347669,0.323242267,-0.085740996,-0.495418454,0.638409672
5608,0.076489355,0.614306045,-0.142140053,-0.175842417,-0.089282017,-0.289905676,0.939347669,0.323242267,-0.085740996,-0.287596201,0.475905898
5609,0.076489355,0.614306045,-0.142140053,-0.175643308,-0.089282017,-0.289905676,0.939347669,0.323242267,-0.085740996,-0.287596201,0.475905898
5610,0.076489355,0.614306045,-0.142140053,-0.175474227,-0.089282017,-0.289905676,0.939347669,0.323242267,-0.085740996,-0.287596201,0.475905898
5611,0.076489355,0.614306045,-0.142140053,-0.175270353,-0.089282017,-0.289905676,0.939347669,0.323242267,-0.085740996,-0.287596201,0.475905898
5612,0.076489355,0.614306045,-0.142140053,-0.175117654,-0.089282017,-0.289905676,0.939347669,0.323242267,-0.085740996,-0.287596201,0.475905898
5613,0.076489355,0.614306045,-0.142140053,-0.174935697,-0.089282017,-0.289905676,0.939347669,0.323242267,-0.085740996,-0.287596201,0.475905898
5614,0.214089628,0.614306045,-0.142140053,-0.174755041,-0.089282017,-0.289905676,0.939347669,0.323242267,-0.085740996,-0.225276461,1.088460372
5615,0.214089628,0.614306045,-0.142140053,-0.174577904,-0.089282017,-0.289905676,0.939347669,0.323242267,-0.085740996,-0.225276461,1.088460372
5616,0.214089628,0.614306045,-0.142140053,-0.174390642,-0.089282017,-0.289905676,0.939347669,0.323242267,-0.085740996,-0.225276461,1.088460372
5617,0.214089628,0.614306045,-0.142140053,-0.174214318,-0.089282017,-0.289905676,0.939347669,0.323242267,-0.085740996,-0.225276461,1.088460372
5618,0.214089628,0.614306045,-0.142140053,-0.174030466,-0.089282017,-0.289905676,0.939347669,0.323242267,-0.085740996,-0.225276461,1.088460372
5619,0.214089628,0.614306045,-0.142140053,-0.17384438,-0.089282017,-0.289905676,0.939347669,0.323242267,-0.085740996,-0.225276461,1.088460372
5620,0.351689901,0.614306045,-0.142140053,-0.173662809,-0.089282017,-0.289905676,0.939347669,0.323242267,-0.085740996,-0.38205907,-0.893572516
5621,0.351689901,0.614306045,-0.142140053,-0.173486617,-0.089282017,-0.289905676,0.939347669,0.323242267,-0.085740996,-0.38205907,-0.893572516
5622,0.351689901,0.614306045,-0.142140053,-0.173309677,-0.089282017,-0.289905676,0.939347669,0.323242267,-0.085740996,-0.38205907,-0.893572516
5623,0.351689901,0.614306045,-0.142140053,-0.173132472,-0.089282017,-0.289905676,0.939347669,0.323242267,-0.085740996,-0.38205907,-0.893572516
5624,0.351689901,0.614306045,-0.142140053,-0.172952775,-0.089282017,-0.289905676,0.939347669,0.323242267,-0.085740996,-0.38205907,-0.893572516
5625,0.351689901,0.614306045,-0.142140053,-0.172753318,-0.089282017,-0.289905676,0.939347669,0.323242267,-0.085740996,-0.38205907,-0.893572516
5626,0.489290174,0.614306045,-0.142140053,-0.172575439,-0.089282017,-0.289905676,0.939347669,0.323242267,-0.085740996,-0.300630395,-0.842633605
5627,0.489290174,0.614306045,-0.142140053,-0.172394449,-0.089282017,-0.289905676,0.939347669,0.323242267,-0.085740996,-0.300630395,-0.842633605
5628,0.489290174,0.614306045,-0.142140053,-0.172224739,-0.089282017,-0.289905676,0.939347669,0.323242267,-0.085740996,-0.300630395,-0.842633605
5629,0.489290174,0.614306045,-0.142140053,-0.17200235,-0.089282017,-0.289905676,0.939347669,0.323242267,-0.085740996,-0.300630395,-0.842633605
5630,0.489290174,0.614306045,-0.142140053,-0.171860023,-0.089282017,-0.289905676,0.939347669,0.323242267,-0.085740996,-0.300630395,-0.842633605
5631,0.489290174,0.614306045,-0.142140053,-0.1716804,-0.089282017,-0.289905676,0.939347669,0.323242267,-0.085740996,-0.300630395,-0.842633605
5632,0.626890448,0.614306045,-0.142140053,-0.171488053,-0.089282017,-0.289905676,0.939347669,0.323242267,-0.085740996,-0.451371112,1.184507192
5633,0.626890448,0.614306045,-0.142140053,-0.171320392,-0.089282017,-0.289905676,0.939347669,0.323242267,-0.085740996,-0.451371112,1.184507192
5634,0.626890448,0.614306045,-0.142140053,-0.171140275,-0.089282017,-0.289905676,0.939347669,0.323242267,-0.085740996,-0.451371112,1.184507192
5635,0.626890448,0.614306045,-0.142140053,-0.17095508,-0.089282017,-0.289905676,0.939347669,0.323242267,-0.085740996,-0.451371112,1.184507192
5636,0.626890448,0.614306045,-0.142140053,-0.170770709,-0.089282017,-0.289905676,0.939347669,0.323242267,-0.085740996,-0.451371112,1.184507192
5637,0.626890448,0.614306045,-0.142140053,-0.170589749,-0.089282017,-0.289905676,0.939347669,0.323242267,-0.085740996,-0.451371112,1.184507192
5638,0.764490721,0.614306045,-0.142140053,-0.170407198,-0.089282017,-0.289905676,0.939347669,0.323242267,-0.085740996,-0.468185485,0.025426383
5639,0.764490721,0.614306045,-0.142140053,-0.170237791,-0.089282017,-0.289905676,0.939347669,0.323242267,-0.085740996,-0.468185485,0.025426383
5640,0.764490721,0.614306045,-0.142140053,-0.170048433,-0.089282017,-0.289905676,0.939347669,0.323242267,-0.085740996,-0.468185485,0.025426383
5641,0.764490721,0.614306045,-0.142140053,-0.169869042,-0.089282017,-0.289905676,0.939347669,0.323242267,-0.085740996,-0.468185485,0.025426383
5642,0.764490721,0.614306045,-0.142140053,-0.169688559,-0.089282017,-0.289905676,0.939347669,0.323242267,-0.085740996,-0.468185485,0.025426383
5643,0.764490721,0.614306045,-0.142140053,-0.169499871,-0.089282017,-0.289905676,0.939347669,0.323242267,-0.085740996,-0.468185485,0.025426383
5644,0.902090994,0.614306045,-0.142140053,-0.169334318,-0.089282017,-0.289905676,0.939347669,0.323242267,-0.085740996,-0.632213985,0.499142058
5645,0.902090994,0.614306045,-0.142140053,-0.169152286,-0.089282017,-0.289905676,0.939347669,0.323242267,-0.085740996,-0.632213985,0.499142058
5646,0.902090994,0.614306045,-0.142140053,-0.168968409,-0.089282017,-0.289905676,0.939347669,0.323242267,-0.085740996,-0.632213985,0.499142058
5647,0.902090994,0.614306045,-0.142140053,-0.16878846,-0.089282017,-0.289905676,0.939347669,0.323242267,-0.085740996,-0.632213985,0.499142058
5648,0.902090994,0.614306045,-0.142140053,-0.168600839,-0.089282017,-0.289905676,0.939347669,0.323242267,-0.085740996,-0.632213985,0.499142058
5649,0.902090994,0.614306045,-0.142140053,-0.16836553,-0.089282017,-0.289905676,0.939347669,0.323242267,-0.085740996,-0.632213985,0.499142058
5650,1.039691268,0.614306045,-0.142140053,-0.16807074,-0.089282017,-0.289905676,0.939347669,0.323242267,-0.085740996,-0.765245104,0.349325381
5651,1.039691268,0.614306045,-0.142140053,-0.167882887,-0.089282017,-0.289905676,0.939347669,0.323242267,-0.085740996,-0.765245104,0.349325381
5652,1.039691268,0.614306045,-0.142140053,-0.167708905,-0.089282017,-0.289905676,0.939347669,0.323242267,-0.085740996,-0.765245104,0.349325381
5653,1.039691268,0.614306045,-0.142140053,-0.167521413,-0.089282017,-0.289905676,0.939347669,0.323242267,-0.085740996,-0.765245104,0.349325381
5654,1.039691268,0.614306045,-0.142140053,-0.167336923,-0.089282017,-0.289905676,0.939347669,0.323242267,-0.085740996,-0.765245104,0.349325381
5655,1.039691268,0.614306045,-0.142140053,-0.167164758,-0.089282017,-0.289905676,0.939347669,0.323242267,-0.085740996,-0.765245104,0.349325381
5656,1.177291541,0.614306045,-0.142140053,-0.166973748,-0.089282017,-0.289905676,0.939347669,0.323242267,-0.085740996,-0.722577389,1.870105675
5657,1.177291541,0.614306045,-0.142140053,-0.166797637,-0.089282017,-0.289905676,0.939347669,0.323242267,-0.085740996,-0.722577389,1.870105675
5658,1.177291541,0.614306045,-0.142140053,-0.166618585,-0.089282017,-0.289905676,0.939347669,0.323242267,-0.085740996,-0.722577389,1.870105675
5659,1.177291541,0.614306045,-0.142140053,-0.166431822,-0.089282017,-0.289905676,0.939347669,0.323242267,-0.085740996,-0.722577389,1.870105675
5660,1.177291541,0.614306045,-0.142140053,-0.16625341,-0.089282017,-0.289905676,0.939347669,0.323242267,-0.085740996,-0.722577389,1.870105675
5661,1.177291541,0.614306045,-0.142140053,-0.166067759,-0.089282017,-0.289905676,0.939347669,0.323242267,-0.085740996,-0.722577389,1.870105675
5662,1.314891814,0.614306045,-0.142140053,-0.165900162,-0.089282017,-0.289905676,0.939347669,0.323242267,-0.085740996,-0.602593604,-1.581531403
5663,1.314891814,0.614306045,-0.142140053,-0.165718062,-0.089282017,-0.289905676,0.939347669,0.323242267,-0.085740996,-0.602593604,-1.581531403
5664,1.314891814,0.614306045,-0.142140053,-0.165526319,-0.089282017,-0.289905676,0.939347669,0.323242267,-0.085740996,-0.602593604,-1.581531403
5665,1.314891814,0.614306045,-0.142140053,-0.165349125,-0.089282017,-0.289905676,0.939347669,0.323242267,-0.085740996,-0.602593604,-1.581531403
5666,1.314891814,0.614306045,-0.142140053,-0.165170452,-0.089282017,-0.289905676,0.939347669,0.323242267,-0.085740996,-0.602593604,-1.581531403
5667,1.314891814,0.614306045,-0.142140053,-0.16498709,-0.089282017,-0.289905676,0.939347669,0.323242267,-0.085740996,-0.602593604,-1.581531403
5668,1.452492087,0.614306045,-0.142140053,-0.164787018,-0.089282017,-0.289905676,0.939347669,0.323242267,-0.085740996,-0.547299014,1.574273455
5669,1.452492087,0.614306045,-0.142140053,-0.164627015,-0.089282017,-0.289905676,0.939347669,0.323242267,-0.085740996,-0.547299014,1.574273455
5670,1.452492087,0.614306045,-0.142140053,-0.164442605,-0.089282017,-0.289905676,0.939347669,0.323242267,-0.085740996,-0.547299014,1.574273455
5671,1.452492087,0.614306045,-0.142140053,-0.164267622,-0.089282017,-0.289905676,0.939347669,0.323242267,-0.085740996,-0.547299014,1.574273455
5672,1.452492087,0.614306045,-0.142140053,-0.164091013,-0.089282017,-0.289905676,0.939347669,0.323242267,-0.085740996,-0.547299014,1.574273455
5673,1.452492087,0.614306045,-0.142140053,-0.163787305,-0.089282017,-0.289905676,0.939347669,0.323242267,-0.085740996,-0.547299014,1.574273455
5674,1.590092361,0.614306045,-0.142140053,-0.163507055,-0.089282017,-0.289905676,0.939347669,0.323242267,-0.085740996,-0.28553552,0.188402896
5675,1.590092361,0.614306045,-0.142140053,-0.163357084,-0.089282017,-0.289905676,0.939347669,0.323242267,-0.085740996,-0.28553552,0.188402896
5676,1.590092361,-1.627853101,7.035314646,-0.181082882,-0.090313497,-0.289905676,0.766847767,0.323242267,-0.085740996,-0.28553552,0.188402896
5677,1.590092361,-1.627853101,-0.142140053,-0.180899176,-0.090313497,-0.289905676,0.766847767,0.323242267,-0.085740996,-0.28553552,0.188402896
5678,1.590092361,-1.627853101,-0.142140053,-0.18071566,-0.090313497,-0.289905676,0.766847767,0.323242267,-0.085740996,-0.28553552,0.188402896
5679,1.590092361,-1.627853101,-0.142140053,-0.180535242,-0.090313497,-0.289905676,0.766847767,0.323242267,-0.085740996,-0.28553552,0.188402896
5680,1.590092361,-1.627853101,-0.142140053,-0.180359365,-0.090313497,-0.289905676,0.766847767,0.323242267,-0.085740996,-0.28553552,0.188402896
5681,-0.611512012,-1.627853101,-0.142140053,-0.180171553,-0.090313497,-0.289905676,0.766847767,0.323242267,-0.085740996,-0.141224304,-0.804030394
5682,-0.611512012,-1.627853101,-0.142140053,-0.179991892,-0.090313497,-0.289905676,0.766847767,0.323242267,-0.085740996,-0.141224304,-0.804030394
5683,-0.611512012,-1.627853101,-0.142140053,-0.179806928,-0.090313497,-0.289905676,0.766847767,0.323242267,-0.085740996,-0.141224304,-0.804030394
5684,-0.611512012,-1.627853101,-0.142140053,-0.17962453,-0.090313497,-0.289905676,0.766847767,0.323242267,-0.085740996,-0.141224304,-0.804030394
5685,-0.611512012,-1.627853101,-0.142140053,-0.179444521,-0.090313497,-0.289905676,0.766847767,0.323242267,-0.085740996,-0.141224304,-0.804030394
5686,-0.611512012,-1.627853101,-0.142140053,-0.179257208,-0.090313497,-0.289905676,0.766847767,0.323242267,-0.085740996,-0.141224304,-0.804030394
5687,-0.611512012,-1.627853101,-0.142140053,-0.179052797,-0.090313497,-0.289905676,0.766847767,0.323242267,-0.085740996,-0.141224304,-0.804030394
5688,-0.611512012,-1.627853101,-0.142140053,-0.178896515,-0.090313497,-0.289905676,0.766847767,0.323242267,-0.085740996,-0.141224304,-0.804030394
5689,-0.611512012,-1.627853101,-0.142140053,-0.178726664,-0.090313497,-0.289905676,0.766847767,0.323242267,-0.085740996,-0.141224304,-0.804030394
5690,-0.611512012,-1.627853101,-0.142140053,-0.178549734,-0.090313497,-0.289905676,0.766847767,0.323242267,-0.085740996,-0.141224304,-0.804030394
5691,-0.611512012,-1.627853101,-0.142140053,-0.178358247,-0.090313497,-0.289905676,0.766847767,0.323242267,-0.085740996,-0.141224304,-0.804030394
5692,-0.611512012,-1.627853101,-0.142140053,-0.17815207,-0.090313497,-0.289905676,0.766847767,0.323242267,-0.085740996,-0.141224304,-0.804030394
5693,-0.611512012,-1.627853101,-0.142140053,-0.17800456,-0.090313497,-0.289905676,0.766847767,0.323242267,-0.085740996,-0.141224304,-0.804030394
5694,-0.611512012,-1.627853101,-0.142140053,-0.177817027,-0.090313497,-0.289905676,0.766847767,0.323242267,-0.085740996,-0.141224304,-0.804030394
5695,-0.611512012,-1.627853101,-0.142140053,-0.177633819,-0.090313497,-0.289905676,0.766847767,0.323242267,-0.085740996,-0.141224304,-0.804030394
5696,-0.611512012,-1.627853101,-0.142140053,-0.177455736,-0.090313497,-0.289905676,0.766847767,0.323242267,-0.085740996,-0.141224304,-0.804030394
5697,-0.611512012,-1.627853101,-0.142140053,-0.177277802,-0.090313497,-0.289905676,0.766847767,0.323242267,-0.085740996,-0.141224304,-0.804030394
5698,-0.611512012,-1.627853101,-0.142140053,-0.177103939,-0.090313497,-0.289905676,0.766847767,0.323242267,-0.085740996,-0.141224304,-0.804030394
5699,-0.611512012,-1.627853101,-0.142140053,-0.176922946,-0.090313497,-0.289905676,0.766847767,0.323242267,-0.085740996,-0.141224304,-0.804030394
5700,-0.611512012,-1.627853101,-0.142140053,-0.176737441,-0.090313497,-0.289905676,0.766847767,0.323242267,-0.085740996,-0.141224304,-0.804030394
5701,-0.611512012,-1.627853101,-0.142140053,-0.176552031,-0.090313497,-0.289905676,0.766847767,0.323242267,-0.085740996,-0.141224304,-0.804030394
5702,-0.611512012,-1.627853101,-0.142140053,-0.176379644,-0.090313497,-0.289905676,0.766847767,0.323242267,-0.085740996,-0.141224304,-0.804030394
5703,-0.611512012,-1.627853101,-0.142140053,-0.176194207,-0.090313497,-0.289905676,0.766847767,0.323242267,-0.085740996,-0.141224304,-0.804030394
5704,-0.611512012,-1.627853101,-0.142140053,-0.176012929,-0.090313497,-0.289905676,0.766847767,0.323242267,-0.085740996,-0.141224304,-0.804030394
5705,-0.611512012,-1.627853101,-0.142140053,-0.175831526,-0.090313497,-0.289905676,0.766847767,0.323242267,-0.085740996,-0.141224304,-0.804030394
5706,-0.611512012,-1.627853101,-0.142140053,-0.175642684,-0.090313497,-0.289905676,0.766847767,0.323242267,-0.085740996,-0.141224304,-0.804030394
5707,-0.611512012,-1.627853101,-0.142140053,-0.175469637,-0.090313497,-0.289905676,0.766847767,0.323242267,-0.085740996,-0.141224304,-0.804030394
5708,-0.611512012,-1.627853101,-0.142140053,-0.175292644,-0.090313497,-0.289905676,0.766847767,0.323242267,-0.085740996,-0.141224304,-0.804030394
5709,-0.611512012,-1.627853101,-0.142140053,-0.175112347,-0.090313497,-0.289905676,0.766847767,0.323242267,-0.085740996,-0.141224304,-0.804030394
5710,-0.611512012,-1.627853101,-0.142140053,-0.174926375,-0.090313497,-0.289905676,0.766847767,0.323242267,-0.085740996,-0.141224304,-0.804030394
5711,-0.611512012,-1.627853101,-0.142140053,-0.174742512,-0.090313497,-0.289905676,0.766847767,0.323242267,-0.085740996,-0.141224304,-0.804030394
5712,-0.611512012,-1.627853101,-0.142140053,-0.174568335,-0.090313497,-0.289905676,0.766847767,0.323242267,-0.085740996,-0.141224304,-0.804030394
5713,-0.611512012,-1.627853101,-0.142140053,-0.174390069,-0.090313497,-0.289905676,0.766847767,0.323242267,-0.085740996,-0.141224304,-0.804030394
5714,-0.611512012,-1.627853101,-0.142140053,-0.174117039,-0.090313497,-0.289905676,0.766847767,0.323242267,-0.085740996,-0.141224304,-0.804030394
5715,-0.611512012,-1.627853101,-0.142140053,-0.173849131,-0.090313497,-0.289905676,0.766847767,0.323242267,-0.085740996,-0.141224304,-0.804030394
5716,-0.611512012,-1.627853101,-0.142140053,-0.173668936,-0.090313497,-0.289905676,0.766847767,0.323242267,-0.085740996,-0.141224304,-0.804030394
5717,-0.611512012,-1.627853101,-0.142140053,-0.173485879,-0.090313497,-0.289905676,0.766847767,0.323242267,-0.085740996,-0.141224304,-0.804030394
5718,-0.611512012,-1.627853101,-0.142140053,-0.17329423,-0.090313497,-0.289905676,0.766847767,0.323242267,-0.085740996,-0.141224304,-0.804030394
5719,-0.611512012,-1.627853101,-0.142140053,-0.173110842,-0.090313497,-0.289905676,0.766847767,0.323242267,-0.085740996,-0.141224304,-0.804030394
5720,-0.611512012,-1.627853101,-0.142140053,-0.172933011,-0.090313497,-0.289905676,0.766847767,0.323242267,-0.085740996,-0.141224304,-0.804030394
5721,-0.611512012,-1.627853101,-0.142140053,-0.17275701,-0.090313497,-0.289905676,0.766847767,0.323242267,-0.085740996,-0.141224304,-0.804030394
5722,-0.611512012,-1.627853101,-0.142140053,-0.172572897,-0.090313497,-0.289905676,0.766847767,0.323242267,-0.085740996,-0.141224304,-0.804030394
5723,-0.611512012,-1.627853101,-0.142140053,-0.172394562,-0.090313497,-0.289905676,0.766847767,0.323242267,-0.085740996,-0.141224304,-0.804030394
5724,-0.611512012,-1.627853101,-0.142140053,-0.17220962,-0.090313497,-0.289905676,0.766847767,0.323242267,-0.085740996,-0.141224304,-0.804030394
5725,-0.611512012,-1.627853101,-0.142140053,-0.172032458,-0.090313497,-0.289905676,0.766847767,0.323242267,-0.085740996,-0.141224304,-0.804030394
5726,-0.611512012,-1.627853101,-0.142140053,-0.171845671,-0.090313497,-0.289905676,0.766847767,0.323242267,-0.085740996,-0.141224304,-0.804030394
5727,-0.611512012,-1.627853101,-0.142140053,-0.171671361,-0.090313497,-0.289905676,0.766847767,0.323242267,-0.085740996,-0.141224304,-0.804030394
5728,-0.611512012,-1.627853101,-0.142140053,-0.171479803,-0.090313497,-0.289905676,0.766847767,0.323242267,-0.085740996,-0.141224304,-0.804030394
5729,-0.611512012,-1.627853101,-0.142140053,-0.171304964,-0.090313497,-0.289905676,0.766847767,0.323242267,-0.085740996,-0.141224304,-0.804030394
5730,-0.611512012,-1.627853101,-0.142140053,-0.171127677,-0.090313497,-0.289905676,0.766847767,0.323242267,-0.085740996,-0.141224304,-0.804030394
5731,-0.611512012,-1.627853101,-0.142140053,-0.170944156,-0.090313497,-0.289905676,0.766847767,0.323242267,-0.085740996,-0.141224304,-0.804030394
5732,-0.611512012,-1.627853101,-0.142140053,-0.170770093,-0.090313497,-0.289905676,0.766847767,0.323242267,-0.085740996,-0.141224304,-0.804030394
5733,-0.611512012,-1.627853101,-0.142140053,-0.170577387,-0.090313497,-0.289905676,0.766847767,0.323242267,-0.085740996,-0.141224304,-0.804030394
5734,-0.611512012,-1.627853101,-0.142140053,-0.170401834,-0.090313497,-0.289905676,0.766847767,0.323242267,-0.085740996,-0.141224304,-0.804030394
5735,-0.611512012,-1.627853101,-0.142140053,-0.170221825,-0.090313497,-0.289905676,0.766847767,0.323242267,-0.085740996,-0.141224304,-0.804030394
5736,-0.611512012,-1.627853101,-0.142140053,-0.170048091,-0.090313497,-0.289905676,0.766847767,0.323242267,-0.085740996,-0.141224304,-0.804030394
5737,-0.611512012,-1.627853101,-0.142140053,-0.169856887,-0.090313497,-0.289905676,0.766847767,0.323242267,-0.085740996,-0.141224304,-0.804030394
5738,-0.611512012,-1.627853101,-0.142140053,-0.169685833,-0.090313497,-0.289905676,0.766847767,0.323242267,-0.085740996,-0.141224304,-0.804030394
5739,-0.611512012,-1.627853101,-0.142140053,-0.169503952,-0.090313497,-0.289905676,0.766847767,0.323242267,-0.085740996,-0.141224304,-0.804030394
5740,-0.611512012,-1.627853101,-0.142140053,-0.169315835,-0.090313497,-0.289905676,0.766847767,0.323242267,-0.085740996,-0.141224304,-0.804030394
5741,-0.611512012,-1.627853101,-0.142140053,-0.169144646,-0.090313497,-0.289905676,0.766847767,0.323242267,-0.085740996,-0.141224304,-0.804030394
5742,-0.611512012,-1.627853101,-0.142140053,-0.168946391,-0.090313497,-0.289905676,0.766847767,0.323242267,-0.085740996,-0.141224304,-0.804030394
5743,-0.611512012,-1.627853101,-0.142140053,-0.168777027,-0.090313497,-0.289905676,0.766847767,0.323242267,-0.085740996,-0.141224304,-0.804030394
5744,-0.611512012,-1.627853101,-0.142140053,-0.168596315,-0.090313497,-0.289905676,0.766847767,0.323242267,-0.085740996,-0.141224304,-0.804030394
5745,-0.611512012,-1.627853101,-0.142140053,-0.168418146,-0.090313497,-0.289905676,0.766847767,0.323242267,-0.085740996,-0.141224304,-0.804030394
5746,-0.611512012,-1.627853101,-0.142140053,-0.1682181,-0.090313497,-0.289905676,0.766847767,0.323242267,-0.085740996,-0.141224304,-0.804030394
5747,-0.611512012,-1.627853101,-0.142140053,-0.168057395,-0.090313497,-0.289905676,0.766847767,0.323242267,-0.085740996,-0.141224304,-0.804030394
5748,-0.611512012,-1.627853101,-0.142140053,-0.167868914,-0.090313497,-0.289905676,0.766847767,0.323242267,-0.085740996,-0.141224304,-0.804030394
5749,-0.611512012,-1.627853101,-0.142140053,-0.167682789,-0.090313497,-0.289905676,0.766847767,0.323242267,-0.085740996,-0.141224304,-0.804030394
5750,-0.611512012,-1.627853101,-0.142140053,-0.167514061,-0.090313497,-0.289905676,0.766847767,0.323242267,-0.085740996,-0.141224304,-0.804030394
5751,-0.611512012,-1.627853101,-0.142140053,-0.167286335,-0.090313497,-0.289905676,0.766847767,0.323242267,-0.085740996,-0.141224304,-0.804030394
5752,-0.611512012,-1.627853101,-0.142140053,-0.16697378,-0.090313497,-0.289905676,0.766847767,0.323242267,-0.085740996,-0.141224304,-0.804030394
5753,-0.611512012,-1.627853101,-0.142140053,-0.166782757,-0.090313497,-0.289905676,0.766847767,0.323242267,-0.085740996,-0.141224304,-0.804030394
5754,-0.611512012,-1.627853101,-0.142140053,-0.166607168,-0.090313497,-0.289905676,0.766847767,0.323242267,-0.085740996,-0.141224304,-0.804030394
5755,-0.611512012,-1.627853101,-0.142140053,-0.166393464,-0.090313497,-0.289905676,0.766847767,0.323242267,-0.085740996,-0.141224304,-0.804030394
5756,-0.611512012,-1.627853101,-0.142140053,-0.16624117,-0.090313497,-0.289905676,0.766847767,0.323242267,-0.085740996,-0.141224304,-0.804030394
5757,-0.611512012,-1.627853101,-0.142140053,-0.166069386,-0.090313497,-0.289905676,0.766847767,0.323242267,-0.085740996,-0.141224304,-0.804030394
5758,-0.611512012,-1.627853101,-0.142140053,-0.165883986,-0.090313497,-0.289905676,0.766847767,0.323242267,-0.085740996,-0.141224304,-0.804030394
5759,-0.611512012,-1.627853101,-0.142140053,-0.165696622,-0.090313497,-0.289905676,0.766847767,0.323242267,-0.085740996,-0.141224304,-0.804030394
5760,-0.611512012,-1.627853101,-0.142140053,-0.16553025,-0.090313497,-0.289905676,0.766847767,0.323242267,-0.085740996,-0.141224304,-0.804030394
5761,-0.611512012,-1.627853101,-0.142140053,-0.165343958,-0.090313497,-0.289905676,0.766847767,0.323242267,-0.085740996,-0.141224304,-0.804030394
5762,-0.611512012,-1.627853101,-0.142140053,-0.165160743,-0.090313497,-0.289905676,0.766847767,0.323242267,-0.085740996,-0.141224304,-0.804030394
5763,-0.611512012,-1.627853101,-0.142140053,-0.164982507,-0.090313497,-0.289905676,0.766847767,0.323242267,-0.085740996,-0.141224304,-0.804030394
5764,-0.611512012,-1.627853101,-0.142140053,-0.164807387,-0.090313497,-0.289905676,0.766847767,0.323242267,-0.085740996,-0.141224304,-0.804030394
5765,-0.611512012,-1.627853101,-0.142140053,-0.164615756,-0.090313497,-0.289905676,0.766847767,0.323242267,-0.085740996,-0.141224304,-0.804030394
5766,-0.611512012,-1.627853101,-0.142140053,-0.164438803,-0.090313497,-0.289905676,0.766847767,0.323242267,-0.085740996,-0.141224304,-0.804030394
5767,-0.611512012,-1.627853101,-0.142140053,-0.164261088,-0.090313497,-0.289905676,0.766847767,0.323242267,-0.085740996,-0.141224304,-0.804030394
5768,-0.611512012,-1.627853101,-0.142140053,-0.164069832,-0.090313497,-0.289905676,0.766847767,0.323242267,-0.085740996,-0.141224304,-0.804030394
5769,-0.611512012,-1.627853101,-0.142140053,-0.163890383,-0.090313497,-0.289905676,0.766847767,0.323242267,-0.085740996,-0.141224304,-0.804030394
5770,-0.611512012,-1.627853101,-0.142140053,-0.16371842,-0.090313497,-0.289905676,0.766847767,0.323242267,-0.085740996,-0.141224304,-0.804030394
5771,-0.611512012,-1.627853101,-0.142140053,-0.163537415,-0.090313497,-0.289905676,0.766847767,0.323242267,-0.085740996,-0.141224304,-0.804030394
5772,-0.611512012,-1.627853101,-0.142140053,-0.163352534,-0.090313497,-0.289905676,0.766847767,0.323242267,-0.085740996,-0.141224304,-0.804030394
5773,-0.611512012,-1.627853101,-0.142140053,-0.163169942,-0.090313497,-0.289905676,0.766847767,0.323242267,-0.085740996,-0.141224304,-0.804030394
5774,-0.611512012,-1.627853101,-0.142140053,-0.162995882,-0.090313497,-0.289905676,0.766847767,0.323242267,-0.085740996,-0.141224304,-0.804030394
5775,-0.611512012,-1.627853101,-0.142140053,-0.162806351,-0.090313497,-0.289905676,0.766847767,0.323242267,-0.085740996,-0.141224304,-0.804030394
5776,-0.611512012,-1.627853101,-0.142140053,-0.162635505,-0.090313497,-0.289905676,0.766847767,0.323242267,-0.085740996,-0.141224304,-0.804030394
5777,-0.611512012,-1.627853101,-0.142140053,-0.16245404,-0.090313497,-0.289905676,0.766847767,0.323242267,1.560202687,-0.141224304,-0.804030394
5778,-0.611512012,-1.627853101,-0.142140053,-0.162264913,-0.090313497,-0.289905676,0.766847767,0.323242267,1.560202687,-0.141224304,-0.804030394
5779,-0.611512012,-1.627853101,-0.142140053,-0.16208557,-0.090313497,-0.289905676,0.766847767,0.323242267,1.560202687,-0.141224304,-0.804030394
5780,-0.611512012,-1.627853101,-0.142140053,-0.161913825,-0.090313497,-0.289905676,0.766847767,0.323242267,1.560202687,-0.141224304,-0.804030394
5781,-0.611512012,-1.627853101,-0.142140053,-0.161719251,-0.090313497,-0.289905676,0.766847767,0.323242267,1.560202687,-0.141224304,-0.804030394
5782,-0.611512012,-1.627853101,-0.142140053,-0.16153978,-0.090313497,-0.289905676,0.766847767,0.323242267,1.560202687,-0.141224304,-0.804030394
5783,-0.611512012,-1.627853101,-0.142140053,-0.161367399,-0.090313497,-0.289905676,0.766847767,0.323242267,1.560202687,-0.141224304,-0.804030394
5784,-0.611512012,-1.627853101,-0.142140053,-0.161187516,-0.090313497,-0.289905676,0.766847767,0.323242267,1.560202687,-0.141224304,-0.804030394
5785,-0.611512012,-1.627853101,-0.142140053,-0.161002264,-0.090313497,-0.289905676,0.766847767,0.323242267,1.560202687,-0.141224304,-0.804030394
5786,-0.611512012,-1.627853101,-0.142140053,-0.160820434,-0.090313497,-0.289905676,0.766847767,0.323242267,1.560202687,-0.141224304,-0.804030394
5787,-0.611512012,-1.627853101,-0.142140053,-0.160643882,-0.090313497,-0.289905676,0.766847767,0.323242267,1.560202687,-0.141224304,-0.804030394
5788,-0.611512012,-1.627853101,-0.142140053,-0.160465346,-0.090313497,-0.289905676,0.766847767,0.323242267,1.560202687,-0.141224304,-0.804030394
5789,-0.611512012,-1.627853101,-0.142140053,-0.160278844,-0.090313497,-0.289905676,0.766847767,0.323242267,1.560202687,-0.141224304,-0.804030394
5790,-0.611512012,-1.627853101,-0.142140053,-0.160056233,-0.090313497,-0.289905676,0.766847767,0.323242267,1.560202687,-0.141224304,-0.804030394
5791,-0.611512012,-1.627853101,-0.142140053,-0.159733681,-0.090313497,-0.289905676,0.766847767,0.323242267,1.560202687,-0.141224304,-0.804030394
5792,-0.611512012,-1.627853101,-0.142140053,-0.159551056,-0.090313497,-0.289905676,0.766847767,0.323242267,1.560202687,-0.141224304,-0.804030394
5793,-0.611512012,-1.627853101,-0.142140053,-0.159371906,-0.090313497,-0.289905676,0.766847767,0.323242267,1.560202687,-0.141224304,-0.804030394
5794,-0.611512012,-1.627853101,-0.142140053,-0.159171744,-0.090313497,-0.289905676,0.766847767,0.323242267,1.560202687,-0.141224304,-0.804030394
5795,-0.611512012,-1.627853101,-0.142140053,-0.159006299,-0.090313497,-0.289905676,0.766847767,0.323242267,1.560202687,-0.141224304,-0.804030394
5796,-0.611512012,-1.627853101,-0.142140053,-0.15880977,-0.090313497,-0.289905676,0.766847767,0.323242267,1.560202687,-0.141224304,-0.804030394
5797,-0.611512012,-1.627853101,-0.142140053,-0.158648408,-0.090313497,-0.289905676,0.766847767,0.323242267,1.560202687,-0.141224304,-0.804030394
5798,-0.611512012,-1.627853101,-0.142140053,-0.158474118,-0.090313497,-0.289905676,0.766847767,0.323242267,1.560202687,-0.141224304,-0.804030394
5799,-0.611512012,-1.627853101,-0.142140053,-0.158294176,-0.090313497,-0.289905676,0.766847767,0.323242267,1.560202687,-0.141224304,-0.804030394
5800,-0.611512012,-1.627853101,-0.142140053,-0.158102349,-0.090313497,-0.289905676,0.766847767,0.323242267,1.560202687,-0.141224304,-0.804030394
5801,-0.611512012,-1.627853101,-0.142140053,-0.157925592,-0.090313497,-0.289905676,0.766847767,0.323242267,1.560202687,-0.141224304,-0.804030394
5802,-0.611512012,-1.627853101,-0.142140053,-0.15775214,-0.090313497,-0.289905676,0.766847767,0.323242267,1.560202687,-0.141224304,-0.804030394
5803,-0.611512012,-1.627853101,-0.142140053,-0.157563299,-0.090313497,-0.289905676,0.766847767,0.323242267,1.560202687,-0.141224304,-0.804030394
5804,-0.611512012,-1.627853101,-0.142140053,-0.157387304,-0.090313497,-0.289905676,0.766847767,0.323242267,1.560202687,-0.141224304,-0.804030394
5805,-0.611512012,-1.627853101,-0.142140053,-0.157198441,-0.090313497,-0.289905676,0.766847767,0.323242267,1.560202687,-0.141224304,-0.804030394
5806,-0.611512012,-1.627853101,-0.142140053,-0.15702043,-0.090313497,-0.289905676,0.766847767,0.323242267,1.560202687,-0.141224304,-0.804030394
